country,year,iso_code,population,gdp,biofuel_cons_per_capita,biofuel_consumption,biofuel_electricity,biofuel_share_energy,electricity_generation,energy_per_capita,oil_consumption,renewables_share_energy,continent,gdp_per_capita,biofuel_consumption_lag1,biofuel_share_energy_lag1,gdp_per_capita_lag1,biofuel_cagr_5y,top80_consumer
Algeria,2000,DZA,30903894.0,208554150552.0,0.0,0.0,0.0,0.0,25.4,9705.756,103.132,0.05,Africa,6748.474821716642,,,,,0
Algeria,2001,DZA,31331226.0,223420294027.0,0.0,0.0,0.0,0.0,26.62,9920.229,106.775,0.061,Africa,7130.914507686357,0.0,0.0,6748.474821716642,,0
Algeria,2002,DZA,31750832.0,245360923720.0,0.0,0.0,0.0,0.0,27.65,10139.907,118.397,0.049,Africa,7727.7006070266125,0.0,0.0,7130.914507686357,,0
Algeria,2003,DZA,32175813.0,273568638765.0,0.0,0.0,0.0,0.0,29.57,10471.285,123.174,0.214,Africa,8502.306958490839,0.0,0.0,7727.7006070266125,,0
Algeria,2004,DZA,32628286.0,296773569597.0,0.0,0.0,0.0,0.0,31.25,10720.079,128.747,0.194,Africa,9095.591769576864,0.0,0.0,8502.306958490839,,0
Algeria,2005,DZA,33109258.0,326854481030.0,0.0,0.0,0.0,0.0,33.91,11062.512,134.213,0.408,Africa,9871.996558485243,0.0,0.0,9095.591769576864,,0
Algeria,2006,DZA,33623505.0,345705309468.0,0.0,0.0,0.0,0.0,35.23,11278.422,139.846,0.153,Africa,10281.655926947533,0.0,0.0,9871.996558485243,,0
Algeria,2007,DZA,34189420.0,371665260161.0,0.0,0.0,0.0,0.0,37.19,11688.989,156.39,0.15,Africa,10870.76821311973,0.0,0.0,10281.655926947533,,0
Algeria,2008,DZA,34816963.0,395658515586.0,0.0,0.0,0.0,0.0,40.23,12165.246,169.916,0.176,Africa,11363.958297741248,0.0,0.0,10870.76821311973,,0
Algeria,2009,DZA,35490442.0,418247711085.0,0.0,0.0,0.0,0.0,38.5,12647.33,180.134,0.2,Africa,11784.798596901104,0.0,0.0,11363.958297741248,,0
Algeria,2010,DZA,36188237.0,450705801593.0,0.0,0.0,0.0,0.0,45.73,12130.873,181.612,0.108,Africa,12454.483527147233,0.0,0.0,11784.798596901104,,0
Algeria,2011,DZA,36903374.0,482028679734.0,0.0,0.0,0.0,0.0,51.22,12586.607,192.228,0.221,Africa,13061.913518639245,0.0,0.0,12454.483527147233,,0
Algeria,2012,DZA,37646165.0,498417638719.0,0.0,0.0,0.0,0.0,57.4,13485.354,204.395,0.211,Africa,13239.532863945105,0.0,0.0,13061.913518639245,,0
Algeria,2013,DZA,38414176.0,512373332647.0,0.0,0.0,0.0,0.0,59.89,13978.61,213.576,0.061,Africa,13338.131544120588,0.0,0.0,13239.532863945105,,0
Algeria,2014,DZA,39205035.0,531843509827.0,0.0,0.0,0.0,0.0,64.27,14937.195,221.925,0.11,Africa,13565.694044833783,0.0,0.0,13338.131544120588,,0
Algeria,2015,DZA,40019528.0,551521739825.0,0.0,0.0,0.0,0.0,68.84,15430.422,236.148,0.091,Africa,13781.315457418688,0.0,0.0,13565.694044833783,,0
Algeria,2016,DZA,40850719.0,569170418715.0,0.0,0.0,0.0,0.0,71.04,15103.672,229.564,0.137,Africa,13932.935151398437,0.0,0.0,13781.315457418688,,0
Algeria,2017,DZA,41689302.0,577138830559.0,0.0,0.0,0.0,0.0,76.07,14962.943,225.512,0.232,Africa,13843.811310609135,0.0,0.0,13932.935151398437,,0
Algeria,2018,DZA,42505033.0,584064441740.0,0.0,0.0,0.0,0.0,76.75,15753.894,227.786,0.271,Africa,13741.06548135135,0.0,0.0,13843.811310609135,,0
Algeria,2019,DZA,43294551.0,589905104177.0,0.0,0.0,0.0,0.0,81.61,16037.789,236.951,0.277,Africa,13625.38912060781,0.0,0.0,13741.06548135135,,0
Algeria,2020,DZA,44042094.0,559819958223.0,0.0,0.0,0.0,0.0,79.37,14733.604,211.925,0.283,Africa,12711.020466533675,0.0,0.0,13625.38912060781,,0
Algeria,2021,DZA,44761099.0,578853830170.0,0.0,0.0,0.0,0.0,85.6,15808.98,221.204,0.238,Africa,12932.073677860322,0.0,0.0,12711.020466533675,,0
Algeria,2022,DZA,45477391.0,595820067103.0,0.0,0.0,0.0,0.0,91.47,16145.337,226.91,0.228,Africa,13101.456657946803,0.0,0.0,12932.073677860322,,0
Algeria,2023,DZA,46164222.0,,0.0,0.0,0.0,0.0,95.88,16994.377,238.203,0.227,Africa,,0.0,0.0,13101.456657946803,,0
Algeria,2024,DZA,46814302.0,,0.0,0.0,0.0,0.0,96.36,16237.188,250.971,0.242,Africa,,0.0,0.0,,,0
Angola,2000,AGO,16194873.0,23512184116.0,0.0,0.0,0.0,,1.44,1893.218,,,Africa,1451.8288668271744,,,,,0
Angola,2001,AGO,16747204.0,26015021059.0,0.0,0.0,0.0,,1.64,1982.507,,,Africa,1553.3948866330165,0.0,,1451.8288668271744,,0
Angola,2002,AGO,17327701.0,31389808151.0,0.0,0.0,0.0,,1.76,2038.03,,,Africa,1811.539115950812,0.0,,1553.3948866330165,,0
Angola,2003,AGO,17943718.0,35081368421.0,0.0,0.0,0.0,,1.99,2187.965,,,Africa,1955.0780067430842,0.0,,1811.539115950812,,0
Angola,2004,AGO,18600426.0,41307235678.0,0.0,0.0,0.0,,2.24,2298.005,,,Africa,2220.768259716202,0.0,,1955.0780067430842,,0
Angola,2005,AGO,19291160.0,51967661783.0,0.0,0.0,0.0,,2.63,1815.006,,,Africa,2693.8588339425933,0.0,,2220.768259716202,,0
Angola,2006,AGO,20015281.0,66749579296.0,0.0,0.0,0.0,,2.98,2215.237,,,Africa,3334.9309108375746,0.0,,2693.8588339425933,,0
Angola,2007,AGO,20778570.0,87086353818.0,0.0,0.0,0.0,,3.24,2511.339,,,Africa,4191.162039447373,0.0,,3334.9309108375746,,0
Angola,2008,AGO,21578656.0,105593132748.0,0.0,0.0,0.0,,4.05,2818.649,,,Africa,4893.406370999195,0.0,,4191.162039447373,,0
Angola,2009,AGO,22414775.0,115247846475.0,0.0,0.0,0.0,,4.91,3137.766,,,Africa,5141.601754869277,0.0,,4893.406370999195,,0
Angola,2010,AGO,23294822.0,126984175354.0,0.0,0.0,0.0,,5.46,3278.897,,,Africa,5451.17603190958,0.0,,5141.601754869277,,0
Angola,2011,AGO,24218358.0,140477268750.0,0.0,0.0,0.0,,5.66,3298.733,,,Africa,5800.445626825733,0.0,,5451.17603190958,,0
Angola,2012,AGO,25177398.0,152476849129.0,0.0,0.0,0.0,,7.72,3419.703,,,Africa,6056.100361482946,0.0,,5800.445626825733,,0
Angola,2013,AGO,26165616.0,160032073258.0,0.0,0.0,0.0,,8.15,3570.166,,,Africa,6116.120990921827,0.0,,6056.100361482946,,0
Angola,2014,AGO,27160767.0,167750415635.0,0.0,0.0,0.04,,9.56,3800.598,,,Africa,6176.203184357791,0.0,,6116.120990921827,,0
Angola,2015,AGO,28157802.0,169333972139.0,0.0,0.0,0.04,,9.78,3852.95,,,Africa,6013.749657697003,0.0,,6176.203184357791,,0
Angola,2016,AGO,29183072.0,164965166058.0,0.0,0.0,0.05,,10.98,3330.99,,,Africa,5652.769045630289,0.0,,6013.749657697003,,0
Angola,2017,AGO,30234836.0,164717711409.0,0.0,0.0,0.05,,10.81,2774.095,,,Africa,5447.944596392056,0.0,,5652.769045630289,,0
Angola,2018,AGO,31297160.0,162550037080.0,0.0,0.0,0.05,,13.14,2910.07,,,Africa,5193.76317467783,0.0,,5447.944596392056,,0
Angola,2019,AGO,32375633.0,161408924528.0,0.0,0.0,0.05,,15.82,2937.561,,,Africa,4985.506369188211,0.0,,5193.76317467783,,0
Angola,2020,AGO,33451139.0,152308692850.0,0.0,0.0,0.05,,16.81,2281.591,,,Africa,4553.169111820079,0.0,,4985.506369188211,,0
Angola,2021,AGO,34532427.0,153971902307.0,0.0,0.0,0.05,,16.85,2491.884,,,Africa,4458.762840706215,0.0,,4553.169111820079,,0
Angola,2022,AGO,35635028.0,158346237030.0,0.0,0.0,0.05,,17.31,2713.824,,,Africa,4443.555847072717,0.0,,4458.762840706215,,0
Angola,2023,AGO,36749909.0,,0.0,0.0,0.05,,15.75,2680.342,,,Africa,,0.0,,4443.555847072717,,0
Angola,2024,AGO,37885854.0,,0.0,0.0,0.05,,15.59,,,,Africa,,0.0,,,,0
Argentina,2000,ARG,37213986.0,536480965694.0,0.0,0.0,0.39,0.0,88.98,18907.803,269.796,11.557,South America,14416.111343031085,,,,,0
Argentina,2001,ARG,37624817.0,514867255248.0,0.0,0.0,0.36,0.0,90.14,18268.281,250.165,15.036,South America,13684.2460987385,0.0,0.0,14416.111343031085,,0
Argentina,2002,ARG,38029345.0,460558541367.0,0.0,0.0,0.53,0.0,84.59,17306.4,236.546,15.335,South America,12110.609356195853,0.0,0.0,13684.2460987385,,0
Argentina,2003,ARG,38424283.0,503104157615.0,0.0,0.0,0.88,0.0,92.07,18341.469,240.754,13.613,South America,13093.390906344302,0.0,0.0,12110.609356195853,,0
Argentina,2004,ARG,38815915.0,550306327169.0,0.0,0.0,0.87,0.0,100.26,19351.779,261.026,11.465,South America,14177.337495947217,0.0,0.0,13093.390906344302,,0
Argentina,2005,ARG,39216786.0,601050418142.0,0.0,0.0,0.92,0.0,105.75,20306.785,272.524,12.032,South America,15326.35586562346,0.0,0.0,14177.337495947217,,0
Argentina,2006,ARG,39622113.0,652296814311.0,0.0,0.0,1.05,0.0,113.43,21100.816,286.841,12.678,South America,16462.94871530451,0.0,0.0,15326.35586562346,,0
Argentina,2007,ARG,40016767.0,714725198062.0,0.0,0.0,1.07,0.0,113.52,21717.797,316.039,10.024,South America,17860.643216429755,0.0,0.0,16462.94871530451,,0
Argentina,2008,ARG,40424151.0,747157417513.0,0.0,0.0,1.21,0.0,121.91,21746.203,318.089,9.872,South America,18482.946432517532,0.0,0.0,17860.643216429755,,0
Argentina,2009,ARG,40854832.0,705920838368.0,0.0,0.0,1.19,0.0,122.32,20858.098,301.671,11.193,South America,17278.76003425984,0.0,0.0,18482.946432517532,,0
Argentina,2010,ARG,41288694.0,785785170150.0,143.463,5.923,1.38,0.676,126.0,21368.264,325.734,11.092,South America,19031.485232979274,0.0,0.0,17278.76003425984,,0
Argentina,2011,ARG,41730655.0,837742673804.0,207.838,8.673,1.39,0.962,129.49,21743.625,338.197,10.412,South America,20074.994600587986,5.923,0.676,19031.485232979274,,0
Argentina,2012,ARG,42161718.0,829147409948.0,246.6,10.397,1.45,1.107,136.02,22393.107,360.937,9.701,South America,19665.88292127944,8.673,0.962,20074.994600587986,,0
Argentina,2013,ARG,42582453.0,849088398588.0,279.514,11.902,1.53,1.186,139.45,23705.746,410.63,10.134,South America,19939.865807824644,10.397,1.107,19665.88292127944,,0
Argentina,2014,ARG,43024071.0,827750786191.0,322.871,13.891,1.48,1.407,138.54,23080.285,393.066,10.396,South America,19239.24833126554,11.902,1.186,19939.865807824644,,0
Argentina,2015,ARG,43477011.0,850356641236.0,348.023,15.131,1.49,1.507,145.42,23230.486,400.862,10.275,South America,19558.765004245575,13.891,1.407,19239.24833126554,0.18587347673645427,0
Argentina,2016,ARG,43900312.0,832669278245.0,365.309,16.037,1.18,1.603,147.18,22909.215,389.203,9.586,South America,18967.27472563293,15.131,1.507,19558.765004245575,0.11773707600256555,0
Argentina,2017,ARG,44288898.0,856142153676.0,416.085,18.428,1.46,1.859,145.61,22511.016,377.068,10.445,South America,19330.852478560202,16.037,1.603,18967.27472563293,0.09054355898037802,0
Argentina,2018,ARG,44654876.0,833736983405.0,394.003,17.594,1.42,1.795,146.78,22081.684,356.335,10.824,South America,18670.681862491343,18.428,1.859,19330.852478560202,0.09136909526399317,0
Argentina,2019,ARG,44973469.0,817053926667.0,399.572,17.97,1.48,1.954,139.53,20582.312,320.132,11.417,South America,18167.465059611033,17.594,1.795,18670.681862491343,0.0483980759947884,0
Argentina,2020,ARG,45191960.0,735814250460.0,213.445,9.646,2.2,1.124,144.64,19117.824,282.339,11.833,South America,16281.97251148213,17.97,1.954,18167.465059611033,0.034989846231856525,0
Argentina,2021,ARG,45312282.0,812324184006.0,229.949,10.42,2.25,1.106,153.15,20925.615,340.616,10.947,South America,17927.240654222624,9.646,1.124,16281.97251148213,-0.09667334444284614,0
Argentina,2022,ARG,45407904.0,854914363923.0,308.307,14.0,2.4,1.407,145.61,22049.938,383.512,12.01,South America,18827.43506335373,10.42,1.106,17927.240654222624,-0.10776777838399976,0
Argentina,2023,ARG,45538402.0,,280.485,12.773,2.4,1.283,148.56,22053.053,370.755,14.1,South America,,14.0,1.407,18827.43506335373,-0.0446715978753075,0
Argentina,2024,ARG,45696153.0,,320.234,14.633,2.63,1.501,152.51,21513.947,339.032,14.803,South America,,12.773,1.283,,-0.06599550352046535,0
Australia,2000,AUS,19132472.0,692059312020.0,0.0,0.0,0.89,0.0,216.83,68222.211,455.982,3.765,Oceania,36171.97568719818,,,,,0
Australia,2001,AUS,19365438.0,713890072308.0,0.0,0.0,0.8,0.0,224.26,67924.375,457.085,3.655,Oceania,36864.13249770029,0.0,0.0,36171.97568719818,,0
Australia,2002,AUS,19595356.0,747065694937.0,0.0,0.0,1.27,0.0,223.49,68472.609,461.975,3.711,Oceania,38124.62988358058,0.0,0.0,36864.13249770029,,0
Australia,2003,AUS,19819449.0,774450991263.0,0.0,0.0,1.69,0.0,225.95,68662.977,460.26,3.797,Oceania,39075.30382216983,0.0,0.0,38124.62988358058,,0
Australia,2004,AUS,20046679.0,809792445090.0,0.0,0.0,2.82,0.0,229.23,70058.688,471.296,3.829,Oceania,40395.341547096155,0.0,0.0,39075.30382216983,,0
Australia,2005,AUS,20294490.0,840092380696.0,11.546,0.234,3.87,0.017,230.74,69494.242,478.702,4.095,Oceania,41395.09693005343,0.0,0.0,40395.341547096155,,0
Australia,2006,AUS,20590566.0,866678665246.0,36.871,0.759,3.93,0.052,237.99,71432.609,493.642,4.024,Oceania,42091.05593532494,0.234,0.017,41395.09693005343,,0
Australia,2007,AUS,20954545.0,911250727265.0,46.094,0.966,4.28,0.064,243.19,71877.82,506.27,3.786,Oceania,43487.020465727124,0.759,0.052,42091.05593532494,,0
Australia,2008,AUS,21370595.0,937889628737.0,59.859,1.279,3.7,0.084,245.38,71675.375,512.716,3.499,Oceania,43886.921666757524,0.966,0.064,43487.020465727124,,0
Australia,2009,AUS,21783014.0,963129933389.0,81.387,1.773,2.79,0.118,249.9,69299.156,504.141,3.722,Oceania,44214.723150294994,1.279,0.084,43886.921666757524,,0
Australia,2010,AUS,22141583.0,993853968687.0,116.374,2.577,2.44,0.171,250.97,68144.984,519.306,4.088,Oceania,44886.31046330337,1.773,0.118,44214.723150294994,0.49933464266315264,0
Australia,2011,AUS,22479779.0,1024000293343.0,136.462,3.068,2.57,0.197,256.28,69333.531,547.06,5.392,Oceania,45552.062293094605,2.577,0.171,44886.31046330337,0.2769518702674265,0
Australia,2012,AUS,22852648.0,1062662906305.0,130.478,2.982,3.1,0.195,250.66,67218.164,561.419,5.4,Oceania,46500.64650297856,3.068,0.197,45552.062293094605,0.2600147983982404,0
Australia,2013,AUS,23236271.0,1086068056518.0,125.729,2.921,3.33,0.188,249.56,66946.461,578.037,6.173,Oceania,46740.20442083844,2.982,0.195,46500.64650297856,0.1844791460334816,0
Australia,2014,AUS,23595599.0,1113888062929.0,127.26,3.003,3.55,0.192,247.65,66387.727,575.428,5.663,Oceania,47207.45012360144,2.921,0.188,46740.20442083844,0.10500581705906575,0
Australia,2015,AUS,23947997.0,1139303344945.0,94.392,2.26,3.68,0.142,253.99,66879.32,570.779,5.955,Oceania,47574.05577364153,3.003,0.192,47207.45012360144,0.031070075772115846,0
Australia,2016,AUS,24329963.0,1169967279612.0,61.661,1.5,3.63,0.094,258.23,66045.68,572.201,6.785,Oceania,48087.50755650553,2.26,0.142,47574.05577364153,-0.059301142046670585,0
Australia,2017,AUS,24731044.0,1197832839959.0,61.576,1.523,3.56,0.095,258.97,64778.02,599.949,6.373,Oceania,48434.38230747558,1.5,0.094,48087.50755650553,-0.12840099862223198,0
Australia,2018,AUS,25119700.0,1231576952488.0,63.743,1.601,3.59,0.099,262.63,64726.418,610.595,7.848,Oceania,49028.33045330955,1.523,0.095,48434.38230747558,-0.1221230031793592,0
Australia,2019,AUS,25482714.0,1255505542015.0,59.607,1.519,3.47,0.091,265.9,65938.531,604.199,8.407,Oceania,49268.90997619013,1.601,0.099,49028.33045330955,-0.1182058771236455,0
Australia,2020,AUS,25743787.0,1232259790388.0,46.858,1.206,3.41,0.077,265.15,61584.258,522.173,10.292,Oceania,47866.29839611398,1.519,0.091,49268.90997619013,-0.07638736177041827,0
Australia,2021,AUS,25956417.0,1296705194119.0,47.686,1.238,3.34,0.078,267.45,61230.445,535.72,12.283,Oceania,49957.01810920205,1.206,0.077,47866.29839611398,-0.04269305469706497,0
Australia,2022,AUS,26200987.0,1344251444393.0,50.683,1.328,3.19,0.081,272.92,63386.535,569.0,13.247,Oceania,51305.37427437371,1.238,0.078,49957.01810920205,-0.04059020449129713,0
Australia,2023,AUS,26451126.0,,47.6,1.259,3.13,0.077,273.11,62658.078,602.696,14.323,Oceania,,1.328,0.081,51305.37427437371,-0.03670046948678585,0
Australia,2024,AUS,26713206.0,,46.044,1.23,2.99,0.074,281.64,62595.039,620.483,14.733,Oceania,,1.259,0.077,,-0.03685074898012575,0
Austria,2000,AUT,8012929.0,280410163017.0,0.0,0.0,1.53,0.0,59.64,49316.637,145.702,31.268,Europe,34994.714544082446,,,,,0
Austria,2001,AUT,8042233.0,285335695766.0,0.0,0.0,1.67,0.0,60.98,50557.285,155.139,29.411,Europe,35479.660408496,0.0,0.0,34994.714544082446,,0
Austria,2002,AUT,8081640.0,291231427735.0,0.0,0.0,1.52,0.0,60.63,50339.801,157.876,28.923,Europe,36036.17925755169,0.0,0.0,35479.660408496,,0
Austria,2003,AUT,8122604.0,294489280951.0,0.0,0.0,1.65,0.0,57.97,50193.703,167.63,24.121,Europe,36255.52605432938,0.0,0.0,36036.17925755169,,0
Austria,2004,AUT,8173496.0,303692479841.0,0.0,0.0,1.91,0.0,61.85,51686.262,170.164,26.119,Europe,37155.76294904898,0.0,0.0,36255.52605432938,,0
Austria,2005,AUT,8229204.0,311441138652.0,87.737,0.722,2.43,0.17,64.37,52416.992,170.741,26.317,Europe,37845.84009000142,0.0,0.0,37155.76294904898,,0
Austria,2006,AUT,8269901.0,323236897651.0,349.809,2.893,3.23,0.69,62.21,51495.746,169.869,26.99,Europe,39085.945242996255,0.722,0.17,37845.84009000142,,0
Austria,2007,AUT,8296948.0,336303973991.0,415.035,3.444,4.06,0.833,62.83,50628.93,163.243,29.094,Europe,40533.455674423894,2.893,0.69,39085.945242996255,,0
Austria,2008,AUT,8323250.0,342892519161.0,464.426,3.866,4.16,0.926,64.38,51008.945,158.703,29.577,Europe,41196.95060955756,3.444,0.833,40533.455674423894,,0
Austria,2009,AUT,8345073.0,331119036991.0,588.794,4.914,4.28,1.221,66.21,49103.516,149.565,32.548,Europe,39678.387114288875,3.866,0.926,41196.95060955756,,0
Austria,2010,AUT,8365087.0,338832243101.0,620.253,5.188,4.48,1.252,67.82,50394.973,154.078,30.113,Europe,40505.52529830234,4.914,1.221,39678.387114288875,0.46750500435603026,0
Austria,2011,AUT,8393272.0,349713455451.0,608.325,5.106,4.56,1.311,62.2,47165.023,145.069,29.158,Europe,41665.92664350685,5.188,1.252,40505.52529830234,0.12390682046399015,0
Austria,2012,AUT,8431599.0,352093108730.0,630.824,5.319,4.68,1.309,68.65,49148.723,142.342,34.498,Europe,41758.758775174196,5.106,1.311,41665.92664350685,0.08194088765542817,0
Austria,2013,AUT,8481411.0,352182904722.0,615.28,5.218,4.7,1.295,64.55,48441.508,145.649,34.024,Europe,41524.093658708436,5.319,1.309,41758.758775174196,0.06589304425972409,0
Austria,2014,AUT,8547812.0,354511819035.0,603.352,5.157,4.55,1.332,61.55,46197.699,141.401,35.017,Europe,41473.98410669303,5.218,1.295,41524.093658708436,0.012077533967695064,0
Austria,2015,AUT,8644037.0,358108266932.0,619.262,5.353,4.65,1.376,61.78,45856.262,142.845,33.052,Europe,41428.35887120798,5.157,1.332,41473.98410669303,-0.0011979321827750855,0
Austria,2016,AUT,8737920.0,365232738553.0,614.051,5.366,4.78,1.336,64.87,46881.992,146.155,34.026,Europe,41798.5903456429,5.353,1.376,41428.35887120798,0.009492941345915717,0
Austria,2017,AUT,8798779.0,373481694490.0,608.234,5.352,4.92,1.306,67.09,47457.57,146.429,33.213,Europe,42446.99116661528,5.366,1.336,41798.5903456429,0.0017610360545743386,0
Austria,2018,AUT,8841653.0,382540042762.0,584.809,5.171,4.93,1.29,64.67,46190.699,148.913,33.139,Europe,43265.67020465517,5.352,1.306,42446.99116661528,0.005084107659050874,0
Austria,2019,AUT,8880876.0,388344674039.0,581.848,5.167,4.66,1.231,70.69,48188.984,153.201,34.189,Europe,43728.194610419065,5.171,1.29,43265.67020465517,0.0005423626945404436,0
Austria,2020,AUT,8921402.0,363281092036.0,518.058,4.622,4.59,1.179,69.03,44852.156,133.029,36.88,Europe,40720.17963499459,5.167,1.231,43728.194610419065,-0.007048025764480936,0
Austria,2021,AUT,8967053.0,379835198584.0,540.527,4.847,4.48,1.216,66.67,45314.195,140.215,34.638,Europe,42358.977758244546,4.622,1.179,40720.17963499459,-0.02940990591171211,0
Austria,2022,AUT,9064678.0,398815419150.0,507.998,4.605,4.75,1.229,64.47,42122.105,135.031,35.134,Europe,43996.64490564364,4.847,1.216,42358.977758244546,-0.019626907556164475,0
Austria,2023,AUT,9130434.0,,592.015,5.405,4.56,1.404,70.98,43148.035,134.105,40.022,Europe,,4.605,1.229,43996.64490564364,-0.02291798503035214,0
Austria,2024,AUT,9120815.0,,578.877,5.28,4.67,1.312,78.47,45208.309,131.877,43.347,Europe,,5.405,1.404,,0.009047120376852957,0
Azerbaijan,2000,AZE,8174784.0,34255707098.0,0.0,0.0,0.0,0.0,18.68,16153.973,74.691,3.233,Asia,4190.411281570253,,,,,0
Azerbaijan,2001,AZE,8251776.0,36862177017.0,0.0,0.0,0.0,0.0,18.96,15418.192,47.594,2.83,Asia,4467.181006488785,0.0,0.0,4190.411281570253,,0
Azerbaijan,2002,AZE,8326141.0,40295217200.0,0.0,0.0,0.0,0.0,18.68,15086.057,43.698,4.419,Asia,4839.603028581909,0.0,0.0,4467.181006488785,,0
Azerbaijan,2003,AZE,8400528.0,44994637993.0,0.0,0.0,0.0,0.0,21.26,16193.649,50.912,4.963,Asia,5356.167849568504,0.0,0.0,4839.603028581909,,0
Azerbaijan,2004,AZE,8489874.0,50107477354.0,0.0,0.0,0.0,0.0,21.72,18127.234,54.573,4.866,Asia,5902.0283874648785,0.0,0.0,5356.167849568504,,0
Azerbaijan,2005,AZE,8597248.0,64019175136.0,0.0,0.0,0.0,0.0,22.84,19405.906,63.799,4.864,Asia,7446.473003454129,0.0,0.0,5902.0283874648785,,0
Azerbaijan,2006,AZE,8711380.0,87026407066.0,0.0,0.0,0.0,0.0,24.51,18836.461,57.113,4.114,Asia,9989.967957545188,0.0,0.0,7446.473003454129,,0
Azerbaijan,2007,AZE,8828313.0,109944254894.0,0.0,0.0,0.0,0.0,21.82,17112.117,56.479,4.173,Asia,12453.597294749292,0.0,0.0,9989.967957545188,,0
Azerbaijan,2008,AZE,8942637.0,123130002462.0,0.0,0.0,0.0,0.0,21.62,16903.684,44.338,3.906,Asia,13768.86956968062,0.0,0.0,12453.597294749292,,0
Azerbaijan,2009,AZE,9046336.0,136020226283.0,0.0,0.0,0.0,0.0,18.85,14389.062,37.847,4.673,Asia,15035.946739431301,0.0,0.0,13768.86956968062,,0
Azerbaijan,2010,AZE,9146852.0,144296577620.0,0.0,0.0,0.0,0.0,18.67,14041.92,37.244,7.021,Asia,15775.545249884879,0.0,0.0,15035.946739431301,,0
Azerbaijan,2011,AZE,9256156.0,145980469968.0,0.0,0.0,0.0,0.0,20.27,15745.113,48.97,4.771,Asia,15771.17649788962,0.0,0.0,15775.545249884879,,0
Azerbaijan,2012,AZE,9376179.0,149196415149.0,0.0,0.0,0.0,0.0,22.97,16007.676,51.289,3.133,Asia,15912.283153830575,0.0,0.0,15771.17649788962,,0
Azerbaijan,2013,AZE,9504417.0,157913964589.0,0.0,0.0,0.09,0.0,23.25,16225.271,55.715,2.612,Asia,16614.797581903236,0.0,0.0,15912.283153830575,,0
Azerbaijan,2014,AZE,9631136.0,162332395164.0,0.0,0.0,0.08,0.0,24.63,16326.349,54.86,2.288,Asia,16854.958248331244,0.0,0.0,16614.797581903236,,0
Azerbaijan,2015,AZE,9752859.0,164036906588.0,0.0,0.0,0.09,0.0,24.57,17618.029,55.601,2.596,Asia,16819.36615591387,0.0,0.0,16854.958248331244,,0
Azerbaijan,2016,AZE,9868434.0,159010796104.0,0.0,0.0,0.09,0.0,24.85,17246.135,55.193,3.145,Asia,16113.072864853735,0.0,0.0,16819.36615591387,,0
Azerbaijan,2017,AZE,9968510.0,159255674569.0,0.0,0.0,0.09,0.0,24.22,16748.137,55.699,2.868,Asia,15975.875488814276,0.0,0.0,16113.072864853735,,0
Azerbaijan,2018,AZE,10039782.0,161644514845.0,0.0,0.0,0.08,0.0,25.13,17546.863,62.741,2.817,Asia,16100.400869759922,0.0,0.0,15975.875488814276,,0
Azerbaijan,2019,AZE,10110483.0,165653307401.0,0.0,0.0,0.1,0.0,25.95,18385.926,63.159,2.451,Asia,16384.311946422342,0.0,0.0,16100.400869759922,,0
Azerbaijan,2020,AZE,10181736.0,158697520949.0,0.0,0.0,0.1,0.0,25.75,18162.768,57.751,1.79,Asia,15586.489469870365,0.0,0.0,16384.311946422342,,0
Azerbaijan,2021,AZE,10234372.0,167584576527.0,0.0,0.0,0.1,0.0,27.79,19302.547,65.339,1.93,Asia,16374.68097964389,0.0,0.0,15586.489469870365,,0
Azerbaijan,2022,AZE,10295307.0,175370552026.0,0.0,0.0,0.1,0.0,28.94,20425.451,69.259,2.188,Asia,17034.028419550774,0.0,0.0,16374.68097964389,,0
Azerbaijan,2023,AZE,10318209.0,,0.0,0.0,0.11,0.0,29.09,21072.756,72.102,2.294,Asia,,0.0,0.0,17034.028419550774,,0
Azerbaijan,2024,AZE,10336577.0,,0.0,0.0,0.1,0.0,27.84,20137.387,70.994,4.303,Asia,,0.0,0.0,,,0
Bahrain,2000,BHR,669589.0,11032289188.0,0.0,0.0,0.0,,13.86,167083.141,,,Asia,16476.210314088195,,,,,0
Bahrain,2001,BHR,699964.0,12074987722.0,0.0,0.0,0.0,,14.62,165423.172,,,Asia,17250.869647581876,0.0,,16476.210314088195,,0
Bahrain,2002,BHR,752205.0,13787453002.0,0.0,0.0,0.0,,15.26,164246.484,,,Asia,18329.382285414216,0.0,,17250.869647581876,,0
Bahrain,2003,BHR,811276.0,16535287306.0,0.0,0.0,0.0,,15.7,159109.156,,,Asia,20381.827277030257,0.0,,18329.382285414216,,0
Bahrain,2004,BHR,871446.0,19633464819.0,0.0,0.0,0.0,,16.15,153438.219,,,Asia,22529.754934901302,0.0,,20381.827277030257,,0
Bahrain,2005,BHR,932618.0,22873324996.0,0.0,0.0,0.0,,19.37,160842.312,,,Asia,24525.93129877399,0.0,,22529.754934901302,,0
Bahrain,2006,BHR,994626.0,26149797771.0,0.0,0.0,0.0,,21.04,160915.672,,,Asia,26291.08606752689,0.0,,24525.93129877399,,0
Bahrain,2007,BHR,1057419.0,30119518073.0,0.0,0.0,0.0,,21.72,155404.359,,,Asia,28483.99553346403,0.0,,26291.08606752689,,0
Bahrain,2008,BHR,1120718.0,33548850204.0,0.0,0.0,0.0,,22.82,153545.766,,,Asia,29935.1399763366,0.0,,28483.99553346403,,0
Bahrain,2009,BHR,1183616.0,35937223742.0,0.0,0.0,0.0,,22.56,143941.156,,,Asia,30362.23212764951,0.0,,29935.1399763366,,0
Bahrain,2010,BHR,1213248.0,39778047298.0,0.0,0.0,0.0,,23.82,141961.703,,,Asia,32786.41077339505,0.0,,30362.23212764951,,0
Bahrain,2011,BHR,1206733.0,43727144774.0,0.0,0.0,0.0,,24.34,141220.125,,,Asia,36235.97330478242,0.0,,32786.41077339505,,0
Bahrain,2012,BHR,1216307.0,45357290589.0,0.0,0.0,0.0,,24.77,150511.938,,,Asia,37290.9886969326,0.0,,36235.97330478242,,0
Bahrain,2013,BHR,1257206.0,47813841200.0,0.0,0.0,0.0,,25.91,161939.016,,,Asia,38031.82708323059,0.0,,37290.9886969326,,0
Bahrain,2014,BHR,1312857.0,49894227022.0,0.0,0.0,0.0,,27.26,153717.312,,,Asia,38004.31198675865,0.0,,38031.82708323059,,0
Bahrain,2015,BHR,1369656.0,51134096686.0,0.0,0.0,0.0,,28.49,148644.031,,,Asia,37333.53242419995,0.0,,38004.31198675865,,0
Bahrain,2016,BHR,1429609.0,52953446666.0,0.0,0.0,0.0,,28.52,142093.938,,,Asia,37040.510143682644,0.0,,37333.53242419995,,0
Bahrain,2017,BHR,1482003.0,55226208950.0,0.0,0.0,0.0,,29.23,141021.281,,,Asia,37264.57297994674,0.0,,37040.510143682644,,0
Bahrain,2018,BHR,1497634.0,56391482183.0,0.0,0.0,0.0,,29.55,140424.391,,,Asia,37653.71391341276,0.0,,37264.57297994674,,0
Bahrain,2019,BHR,1485675.0,57613480945.0,0.0,0.0,0.0,,33.11,155660.703,,,Asia,38779.32989718478,0.0,,37653.71391341276,,0
Bahrain,2020,BHR,1483081.0,54937336615.0,0.0,0.0,0.0,,33.38,152081.188,,,Asia,37042.708129225575,0.0,,38779.32989718478,,0
Bahrain,2021,BHR,1501762.0,56404169544.0,0.0,0.0,0.0,,33.91,156362.641,,,Asia,37558.66078912637,0.0,,37042.708129225575,,0
Bahrain,2022,BHR,1533460.0,58769760175.0,0.0,0.0,0.0,,35.68,161782.953,,,Asia,38324.938488777014,0.0,,37558.66078912637,,0
Bahrain,2023,BHR,1569674.0,,0.0,0.0,0.0,,37.47,164932.516,,,Asia,,0.0,,38324.938488777014,,0
Bahrain,2024,BHR,1607059.0,,0.0,0.0,0.0,,37.95,,,,Asia,,0.0,,,,0
Bangladesh,2000,BGD,134544303.0,200824294390.0,0.0,0.0,0.0,0.0,15.94,1012.713,39.488,1.625,Asia,1492.6257739058635,,,,,0
Bangladesh,2001,BGD,136805810.0,213164797419.0,0.0,0.0,0.0,0.0,17.38,1138.044,47.167,1.831,Asia,1558.1560272842214,0.0,0.0,1492.6257739058635,,0
Bangladesh,2002,BGD,138933659.0,226285297151.0,0.0,0.0,0.0,0.0,18.95,1124.599,42.876,1.454,Asia,1628.7291271224635,0.0,0.0,1558.1560272842214,,0
Bangladesh,2003,BGD,140970355.0,242325893842.0,0.0,0.0,0.0,0.0,20.07,1171.225,43.894,1.353,Asia,1718.9847740824657,0.0,0.0,1628.7291271224635,,0
Bangladesh,2004,BGD,142902857.0,260372737862.0,0.0,0.0,0.0,0.0,25.13,1228.083,45.732,1.233,Asia,1822.0261184981068,0.0,0.0,1718.9847740824657,,0
Bangladesh,2005,BGD,144715789.0,280264340330.0,0.0,0.0,0.0,0.0,26.96,1314.626,46.996,1.123,Asia,1936.653507310111,0.0,0.0,1822.0261184981068,,0
Bangladesh,2006,BGD,146405983.0,303255436424.0,0.0,0.0,0.0,0.0,30.16,1406.255,47.272,1.051,Asia,2071.3322653214245,0.0,0.0,1936.653507310111,,0
Bangladesh,2007,BGD,147989282.0,327072515722.0,0.0,0.0,0.0,0.0,30.99,1430.873,45.713,1.037,Asia,2210.109484293599,0.0,0.0,2071.3322653214245,,0
Bangladesh,2008,BGD,149474264.0,349461394439.0,0.0,0.0,0.0,0.0,34.23,1491.569,45.394,1.224,Asia,2337.93688015082,0.0,0.0,2210.109484293599,,0
Bangladesh,2009,BGD,150873716.0,372693237092.0,0.0,0.0,0.0,0.0,37.23,1626.153,42.926,0.513,Asia,2470.2330331149265,0.0,0.0,2337.93688015082,,0
Bangladesh,2010,BGD,152201978.0,400087800634.0,0.0,0.0,0.0,0.0,40.86,1649.613,47.633,0.834,Asia,2628.663607998577,0.0,0.0,2470.2330331149265,,0
Bangladesh,2011,BGD,153591074.0,431418704062.0,0.0,0.0,0.0,0.0,44.22,1768.521,60.02,0.995,Asia,2808.878750740424,0.0,0.0,2628.663607998577,,0
Bangladesh,2012,BGD,155070110.0,458456647637.0,0.0,0.0,0.0,0.0,48.62,1902.543,68.357,0.846,Asia,2956.447555476681,0.0,0.0,2808.878750740424,,0
Bangladesh,2013,BGD,156532134.0,486135250102.0,0.0,0.0,0.0,0.0,53.34,1958.554,69.64,0.813,Asia,3105.6578459602424,0.0,0.0,2956.447555476681,,0
Bangladesh,2014,BGD,157964931.0,516793803718.0,0.0,0.0,0.0,0.0,56.05,2016.64,76.665,0.686,Asia,3271.573003238295,0.0,0.0,3105.6578459602424,,0
Bangladesh,2015,BGD,159383179.0,552104723056.0,0.0,0.0,0.0,0.0,59.29,2416.201,92.684,0.793,Asia,3464.008727395254,0.0,0.0,3271.573003238295,,0
Bangladesh,2016,BGD,160811934.0,589932630231.0,0.0,0.0,0.0,0.0,69.09,2404.679,96.11,0.74,Asia,3668.4630024473186,0.0,0.0,3464.008727395254,,0
Bangladesh,2017,BGD,162186146.0,630957812405.0,0.0,0.0,0.0,0.0,73.45,2484.585,108.254,0.857,Asia,3890.331128560142,0.0,0.0,3668.4630024473186,,0
Bangladesh,2018,BGD,163523109.0,678912369102.0,0.0,0.0,0.0,0.0,79.15,2631.359,124.194,0.708,Asia,4151.7824193398865,0.0,0.0,3890.331128560142,,0
Bangladesh,2019,BGD,164913060.0,717214595514.0,0.0,0.0,0.0,0.0,85.11,2926.16,121.873,0.64,Asia,4349.0466765579395,0.0,0.0,4151.7824193398865,,0
Bangladesh,2020,BGD,166298024.0,754358367084.0,0.0,0.0,0.0,0.0,85.46,2750.767,102.776,0.653,Asia,4536.183587388868,0.0,0.0,4349.0466765579395,,0
Bangladesh,2021,BGD,167658855.0,807308397444.0,0.0,0.0,0.0,0.0,95.65,2937.336,140.567,0.671,Asia,4815.184962607552,0.0,0.0,4536.183587388868,,0
Bangladesh,2022,BGD,169384891.0,858143907016.0,0.0,0.0,0.0,0.0,102.25,3023.729,166.144,0.693,Asia,5066.236439093024,0.0,0.0,4815.184962607552,,0
Bangladesh,2023,BGD,171466986.0,,0.0,0.0,0.0,0.0,100.73,2954.849,139.369,0.79,Asia,,0.0,0.0,5066.236439093024,,0
Bangladesh,2024,BGD,173562366.0,,0.0,0.0,0.0,0.0,101.74,3048.313,160.466,1.095,Asia,,0.0,0.0,,,0
Belarus,2000,BLR,9991310.0,91419114455.0,0.0,0.0,0.0,0.0,26.1,25522.084,91.411,0.029,Europe,9149.862676165589,,,,,0
Belarus,2001,BLR,9938068.0,94624119098.0,0.0,0.0,0.0,0.0,25.07,24945.643,88.449,0.033,Europe,9521.37971867369,0.0,0.0,9149.862676165589,,0
Belarus,2002,BLR,9873451.0,98263269227.0,0.0,0.0,0.0,0.0,26.46,25976.342,93.126,0.031,Europe,9952.271928730897,0.0,0.0,9521.37971867369,,0
Belarus,2003,BLR,9803175.0,103937865617.0,0.0,0.0,0.0,0.0,26.63,25966.264,94.287,0.03,Europe,10602.469670999446,0.0,0.0,9952.271928730897,,0
Belarus,2004,BLR,9735089.0,114486408721.0,0.0,0.0,0.0,0.0,31.2,29278.977,92.366,0.032,Europe,11760.18100307044,0.0,0.0,10602.469670999446,,0
Belarus,2005,BLR,9667833.0,123858071551.0,0.0,0.0,0.0,0.0,30.96,29386.727,85.994,0.035,Europe,12811.35819691962,0.0,0.0,11760.18100307044,,0
Belarus,2006,BLR,9608041.0,134673942572.0,0.0,0.0,0.0,0.0,31.81,31443.652,100.911,0.034,Europe,14016.795158555215,0.0,0.0,12811.35819691962,,0
Belarus,2007,BLR,9563135.0,144615680573.0,0.0,0.0,0.01,0.0,31.83,30819.047,91.785,0.047,Europe,15122.204232503253,0.0,0.0,14016.795158555215,,0
Belarus,2008,BLR,9529357.0,157577029170.0,8.628,0.082,0.03,0.028,35.05,31336.238,91.367,0.097,Europe,16535.956116451507,0.0,0.0,15122.204232503253,,0
Belarus,2009,BLR,9507334.0,156010272888.0,24.864,0.236,0.07,0.084,30.37,29715.518,105.462,0.193,Europe,16409.465880550742,0.082,0.028,16535.956116451507,,0
Belarus,2010,BLR,9490752.0,166239903113.0,41.151,0.391,0.09,0.128,34.9,32263.109,90.624,0.252,Europe,17515.9885236702,0.236,0.084,16409.465880550742,,0
Belarus,2011,BLR,9472738.0,173120303880.0,33.635,0.319,0.1,0.106,32.19,31742.064,98.655,0.244,Europe,18275.63518382964,0.391,0.128,17515.9885236702,,0
Belarus,2012,BLR,9463075.0,175940441074.0,35.841,0.339,0.13,0.104,30.81,34368.988,121.08,0.257,Europe,18592.31180921635,0.319,0.106,18275.63518382964,,0
Belarus,2013,BLR,9464454.0,177632980571.0,28.234,0.267,0.15,0.091,31.51,31085.303,90.81,0.305,Europe,18768.434034440867,0.339,0.104,18592.31180921635,0.3282418786717489,0
Belarus,2014,BLR,9472704.0,180627882895.0,30.38,0.288,0.16,0.098,34.74,31127.623,93.064,0.295,Europe,19068.24945601594,0.267,0.091,18768.434034440867,0.024990527080444247,0
Belarus,2015,BLR,9487289.0,173709821418.0,23.833,0.226,0.19,0.085,34.09,28138.871,78.404,0.346,Europe,18309.742795650054,0.288,0.098,19068.24945601594,-0.05931732373937226,0
Belarus,2016,BLR,9499066.0,169304543676.0,21.64,0.206,0.18,0.075,33.57,28718.361,84.304,0.405,Europe,17823.28322342428,0.226,0.085,18309.742795650054,-0.0666091241607708,0
Belarus,2017,BLR,9495793.0,173606575679.0,21.647,0.206,0.19,0.074,34.51,29259.266,83.84,0.726,Europe,18282.47263593467,0.206,0.075,17823.28322342428,-0.09482301215033906,0
Belarus,2018,BLR,9480031.0,179054352755.0,15.178,0.144,0.21,0.047,38.99,32402.701,97.424,0.596,Europe,18887.528190044948,0.206,0.074,18282.47263593467,-0.05055198293509944,0
Belarus,2019,BLR,9435415.0,181643469714.0,17.428,0.164,0.34,0.053,40.46,32726.744,99.327,0.723,Europe,19251.24329072966,0.144,0.047,18887.528190044948,-0.12944943670387588,0
Belarus,2020,BLR,9350943.0,180420997693.0,0.0,0.0,0.59,0.0,38.54,30643.369,95.61,0.943,Europe,19294.41743928928,0.164,0.053,19251.24329072966,-0.06212041675627866,0
Belarus,2021,BLR,9251368.0,184521985376.0,0.0,0.0,0.55,0.0,41.25,33803.074,97.095,1.106,Europe,19945.372984406196,0.0,0.0,19294.41743928928,-1.0,0
Belarus,2022,BLR,9173240.0,175773799265.0,0.0,0.0,0.5,0.0,37.18,33086.91,92.662,1.147,Europe,19161.582959237956,0.0,0.0,19945.372984406196,-1.0,0
Belarus,2023,BLR,9115679.0,,0.0,0.0,0.53,0.0,41.74,33297.785,91.938,1.027,Europe,,0.0,0.0,19161.582959237956,-1.0,0
Belarus,2024,BLR,9056696.0,,0.0,0.0,0.55,0.0,45.82,34632.566,92.523,0.969,Europe,,0.0,0.0,,-1.0,0
Belgium,2000,BEL,10251719.0,345706865981.0,0.0,0.0,0.57,0.0,82.79,72509.641,359.535,0.418,Europe,33721.84372016049,,,,,0
Belgium,2001,BEL,10287005.0,349015220419.0,0.0,0.0,0.6,0.0,78.63,71630.055,365.036,0.434,Europe,33927.777853612395,0.0,0.0,33721.84372016049,,0
Belgium,2002,BEL,10332975.0,355705534550.0,0.0,0.0,0.72,0.0,80.94,70983.867,366.563,0.465,Europe,34424.309993007824,0.0,0.0,33927.777853612395,,0
Belgium,2003,BEL,10376262.0,358937085300.0,0.0,0.0,0.86,0.0,83.57,73407.07,387.416,0.473,Europe,34592.13783345101,0.0,0.0,34424.309993007824,,0
Belgium,2004,BEL,10421298.0,372499172102.0,0.0,0.0,1.04,0.0,82.91,73370.898,392.122,0.589,Europe,35744.028440794995,0.0,0.0,34592.13783345101,,0
Belgium,2005,BEL,10478883.0,380840056202.0,0.0,0.0,1.59,0.0,84.38,72156.344,389.986,0.844,Europe,36343.573661620234,0.0,0.0,35744.028440794995,,0
Belgium,2006,BEL,10548445.0,390874955040.0,0.0,0.0,2.23,0.0,83.34,71881.797,388.743,1.178,Europe,37055.22046519653,0.0,0.0,36343.573661620234,,0
Belgium,2007,BEL,10625488.0,404721960651.0,0.0,0.0,2.6,0.0,86.81,71852.602,392.629,1.378,Europe,38089.72921064896,0.0,0.0,37055.22046519653,,0
Belgium,2008,BEL,10709711.0,408290544814.0,0.0,0.0,3.33,0.0,83.06,72432.766,411.841,1.718,Europe,38123.39518909521,0.0,0.0,38089.72921064896,,0
Belgium,2009,BEL,10812936.0,399489943721.0,141.051,1.525,3.95,0.214,89.76,66203.031,360.922,2.494,Europe,36945.557036590246,0.0,0.0,38123.39518909521,,0
Belgium,2010,BEL,10936619.0,411261674695.0,378.272,4.137,4.38,0.543,93.04,69929.078,374.983,3.125,Europe,37604.096356927126,1.525,0.214,36945.557036590246,,0
Belgium,2011,BEL,11038624.0,420934235947.0,370.58,4.091,4.63,0.576,89.28,64655.848,350.517,3.983,Europe,38132.85387263847,4.137,0.543,37604.096356927126,,0
Belgium,2012,BEL,11107522.0,424045845634.0,363.817,4.041,5.24,0.593,81.51,61664.453,337.581,4.996,Europe,38176.45786648003,4.091,0.576,38132.85387263847,,0
Belgium,2013,BEL,11160277.0,425993254852.0,358.199,3.998,5.03,0.573,81.95,62894.422,345.841,5.28,Europe,38170.49118512023,4.041,0.593,38176.45786648003,,0
Belgium,2014,BEL,11210113.0,432717694183.0,428.317,4.801,4.41,0.742,71.2,58059.273,338.911,5.938,Europe,38600.65408644855,3.998,0.573,38170.49118512023,0.21259169438328085,0
Belgium,2015,BEL,11275332.0,441551470878.0,266.034,3.0,5.49,0.458,68.43,58306.633,348.062,6.551,Europe,39160.839865114394,4.801,0.742,38600.65408644855,0.0302182452761115,0
Belgium,2016,BEL,11332707.0,447144517813.0,445.886,5.053,5.36,0.717,84.31,62607.219,352.991,6.264,Europe,39456.10857255905,3.0,0.458,39160.839865114394,-0.06015041272215882,0
Belgium,2017,BEL,11376583.0,454386396677.0,479.383,5.454,5.7,0.766,85.34,62940.031,357.474,6.819,Europe,39940.49853782986,5.053,0.717,39456.10857255905,0.04571199468727971,0
Belgium,2018,BEL,11428608.0,462533269863.0,472.715,5.402,5.4,0.76,73.87,62492.762,383.168,7.262,Europe,40471.53160411137,5.454,0.766,39940.49853782986,0.06408046139171497,0
Belgium,2019,BEL,11490623.0,472897988852.0,471.685,5.42,5.15,0.739,92.69,64258.418,358.856,7.77,Europe,41155.121776425876,5.402,0.76,40471.53160411137,0.02386942635778344,0
Belgium,2020,BEL,11540102.0,447544069854.0,651.925,7.523,5.26,1.142,88.29,57530.324,307.183,10.457,Europe,38781.639005790414,5.42,0.739,41155.121776425876,0.12557802685757546,0
Belgium,2021,BEL,11570843.0,474995824355.0,717.898,8.307,4.71,1.134,99.4,63805.598,341.012,9.202,Europe,41051.09924618284,7.523,1.142,38781.639005790414,0.08285012927336943,0
Belgium,2022,BEL,11641814.0,489678394377.0,740.169,8.617,4.93,1.25,94.33,59651.605,331.872,10.436,Europe,42062.03555365169,8.307,1.134,41051.09924618284,0.08779188686974204,0
Belgium,2023,BEL,11712891.0,,744.622,8.722,3.79,1.353,82.13,55542.023,320.74,12.149,Europe,,8.617,1.25,42062.03555365169,0.09789372433248711,0
Belgium,2024,BEL,11738761.0,,744.547,8.74,3.61,1.367,76.01,54870.879,326.75,11.454,Europe,,8.722,1.353,,0.0998244221024629,0
Bolivia,2000,BOL,8606330.0,34126236477.0,0.0,0.0,0.05,,3.88,4613.099,,,South America,3965.2484249383883,,,,,0
Bolivia,2001,BOL,8752740.0,34794954024.0,0.0,0.0,0.05,,3.96,3773.15,,,South America,3975.3213306918747,0.0,,3965.2484249383883,,0
Bolivia,2002,BOL,8900358.0,35770128530.0,0.0,0.0,0.05,,4.16,4085.756,,,South America,4018.9539038766757,0.0,,3975.3213306918747,,0
Bolivia,2003,BOL,9050703.0,36849589696.0,0.0,0.0,0.05,,4.33,5615.732,,,South America,4071.4615976239634,0.0,,4018.9539038766757,,0
Bolivia,2004,BOL,9204297.0,38518211935.0,0.0,0.0,0.06,,4.53,5715.799,,,South America,4184.807588781631,0.0,,4071.4615976239634,,0
Bolivia,2005,BOL,9360758.0,40366066215.0,0.0,0.0,0.06,,4.89,5535.625,,,South America,4312.264692132838,0.0,,4184.807588781631,,0
Bolivia,2006,BOL,9521685.0,42467223163.0,0.0,0.0,0.04,,5.0,5990.768,,,South America,4460.053358517951,0.0,,4312.264692132838,,0
Bolivia,2007,BOL,9685960.0,44577390720.0,0.0,0.0,0.05,,5.44,6331.773,,,South America,4602.268718846661,0.0,,4460.053358517951,,0
Bolivia,2008,BOL,9850859.0,47500614555.0,0.0,0.0,0.06,,5.92,6400.373,,,South America,4821.97690120222,0.0,,4602.268718846661,,0
Bolivia,2009,BOL,10016279.0,49290119749.0,0.0,0.0,0.08,,6.21,6203.996,,,South America,4921.001077246351,0.0,,4821.97690120222,,0
Bolivia,2010,BOL,10182345.0,51541502268.0,0.0,0.0,0.08,,6.65,6230.567,,,South America,5061.84992435436,0.0,,4921.001077246351,,0
Bolivia,2011,BOL,10348931.0,54437027542.0,0.0,0.0,0.09,,7.09,6331.921,,,South America,5260.159483332143,0.0,,5061.84992435436,,0
Bolivia,2012,BOL,10515814.0,57225289193.0,0.0,0.0,0.08,,7.41,7473.803,,,South America,5441.831625492805,0.0,,5260.159483332143,,0
Bolivia,2013,BOL,10682612.0,61114326124.0,0.0,0.0,0.13,,7.81,7439.076,,,South America,5720.916019789916,0.0,,5441.831625492805,,0
Bolivia,2014,BOL,10848889.0,64451770571.0,0.0,0.0,0.13,,8.3,7439.606,,,South America,5940.8636747043865,0.0,,5720.916019789916,,0
Bolivia,2015,BOL,11014707.0,67582198248.0,0.0,0.0,0.2,,9.0,7687.697,,,South America,6135.632863225504,0.0,,5940.8636747043865,,0
Bolivia,2016,BOL,11180020.0,70463901130.0,0.0,0.0,0.18,,9.3,7971.473,,,South America,6302.663244788471,0.0,,6135.632863225504,,0
Bolivia,2017,BOL,11344591.0,73419862854.0,0.0,0.0,0.13,,9.59,8260.953,,,South America,6471.794607139209,0.0,,6302.663244788471,,0
Bolivia,2018,BOL,11508370.0,76521114837.0,0.0,0.0,0.17,,10.04,8327.178,,,South America,6649.170546046052,0.0,,6471.794607139209,,0
Bolivia,2019,BOL,11671386.0,78217588630.0,0.0,0.0,0.24,,10.37,8193.27,,,South America,6701.653825004159,0.0,,6649.170546046052,,0
Bolivia,2020,BOL,11816301.0,71382934039.0,0.0,0.0,0.33,,10.27,6695.948,,,South America,6041.055829485048,0.0,,6701.653825004159,,0
Bolivia,2021,BOL,11937369.0,75741579784.0,0.0,0.0,0.46,,10.87,7936.341,,,South America,6344.914007768379,0.0,,6041.055829485048,,0
Bolivia,2022,BOL,12077156.0,78165311428.0,0.0,0.0,0.53,,11.67,8554.576,,,South America,6472.162107370312,0.0,,6344.914007768379,,0
Bolivia,2023,BOL,12244161.0,,0.0,0.0,0.42,,12.55,8598.646,,,South America,,0.0,,6472.162107370312,,0
Bolivia,2024,BOL,12413318.0,,0.0,0.0,0.42,,13.53,,,,South America,,0.0,,,,0
Brazil,2000,BRA,174018278.0,1739728033832.0,431.513,75.091,7.86,3.252,348.93,13586.246,1098.586,40.939,South America,9997.386790782977,,,,,1
Brazil,2001,BRA,176301201.0,1785513006345.0,399.257,70.39,9.02,3.121,328.55,13068.835,1105.891,37.181,South America,10127.628151239876,75.091,3.252,9997.386790782977,,1
Brazil,2002,BRA,178503485.0,1861742323845.0,427.339,76.281,10.27,3.318,345.72,13173.609,1079.309,38.819,South America,10429.725357154792,70.39,3.121,10127.628151239876,,1
Brazil,2003,BRA,180622688.0,1904932706436.0,402.603,72.719,11.94,3.119,364.39,13211.707,1039.934,40.449,South America,10546.47523812734,76.281,3.318,10429.725357154792,,1
Brazil,2004,BRA,182675144.0,2038447931287.0,443.146,80.952,12.52,3.308,387.49,13703.958,1075.881,40.444,South America,11158.868615902118,72.719,3.119,10546.47523812734,,1
Brazil,2005,BRA,184688101.0,2129214530430.0,461.259,85.189,13.64,3.396,403.07,13910.277,1094.343,41.27,South America,11528.704442253158,80.952,3.308,11158.868615902118,0.015144670663533422,1
Brazil,2006,BRA,186653099.0,2240805319046.0,438.678,81.881,14.85,3.174,419.45,14152.363,1120.918,41.147,South America,12005.186793314371,85.189,3.396,11528.704442253158,0.03890182938547593,1
Brazil,2007,BRA,188552311.0,2405626901513.0,573.212,108.08,18.06,3.936,445.15,14905.908,1175.956,42.285,South America,12758.405817221726,81.881,3.174,12005.186793314371,0.014269467285181525,1
Brazil,2008,BRA,190367297.0,2559842659987.0,777.929,148.092,19.79,5.159,463.18,15424.676,1228.893,41.389,South America,13446.861411217074,108.08,3.936,12758.405817221726,0.08247901935716406,1
Brazil,2009,BRA,192079958.0,2589568436235.0,837.001,160.771,22.88,5.627,466.17,15230.74,1225.733,44.157,South America,13481.721170696008,148.092,5.159,13446.861411217074,0.12839409060793394,1
Brazil,2010,BRA,193701931.0,2820492538862.0,871.638,168.838,31.94,5.418,515.8,16462.07,1309.879,42.505,South America,14560.993400019332,160.771,5.627,13481.721170696008,0.1354416962710161,1
Brazil,2011,BRA,195284736.0,2968455007203.0,792.432,154.75,32.63,4.775,531.76,16981.988,1372.37,42.378,South America,15200.65043487577,168.838,5.418,14560.993400019332,0.15573272910166458,1
Brazil,2012,BRA,196876113.0,3025484250011.0,750.427,147.741,35.77,4.429,552.5,17312.078,1447.965,40.259,South America,15367.452170345317,154.75,4.775,15200.65043487577,0.07442737321962012,1
Brazil,2013,BRA,198478290.0,3116394665745.0,870.195,172.715,40.97,5.035,570.83,17638.982,1498.018,38.407,South America,15701.438508690295,147.741,4.429,15367.452170345317,-0.00047447970563274655,1
Brazil,2014,BRA,200085126.0,3132099937531.0,946.746,189.43,47.08,5.4,590.55,17870.57,1540.811,37.566,South America,15653.836945036084,172.715,5.035,15701.438508690295,0.014435569844388318,1
Brazil,2015,BRA,201675534.0,3021043246476.0,1098.651,221.571,49.88,6.386,581.22,17530.328,1455.043,38.708,South America,14979.721072542196,189.43,5.4,15653.836945036084,0.02328288898655817,1
Brazil,2016,BRA,203218108.0,2922076150345.0,992.181,201.629,51.33,5.967,578.89,16983.99,1379.58,41.536,South America,14379.01464147575,221.571,6.386,14979.721072542196,0.0744258583653159,1
Brazil,2017,BRA,204703440.0,2960731613785.0,1006.385,206.01,52.91,6.048,589.32,16988.619,1388.852,41.294,South America,14463.516655044976,201.629,5.967,14379.01464147575,0.06416848278584264,1
Brazil,2018,BRA,206107265.0,3013541086239.0,1159.331,238.946,54.38,7.003,601.39,16915.357,1317.631,44.126,South America,14621.226894835561,206.01,6.048,14463.516655044976,0.03588524965369255,1
Brazil,2019,BRA,207455459.0,3050327159562.0,1274.892,264.483,54.92,7.582,633.33,17194.145,1335.663,45.178,South America,14703.528045323696,238.946,7.003,14621.226894835561,0.047539000778702434,1
Brazil,2020,BRA,208660845.0,2950377451264.0,1180.113,246.243,58.74,7.362,628.76,16401.875,1257.651,47.116,South America,14139.583548911633,264.483,7.582,14703.528045323696,0.0360410632852779,1
Brazil,2021,BRA,209550291.0,3097565215045.0,1163.336,243.777,56.01,6.951,656.4,17089.926,1337.804,43.673,South America,14781.965705048819,246.243,7.362,14139.583548911633,0.04078776798935668,1
Brazil,2022,BRA,210306411.0,3187412907763.0,1150.469,241.951,55.02,6.635,677.16,17744.193,1390.148,47.66,South America,15156.042521989499,243.777,6.951,14781.965705048819,0.034238939764125176,1
Brazil,2023,BRA,211140731.0,,1245.686,263.015,57.76,6.998,708.12,18252.027,1425.2,48.95,South America,,241.951,6.635,15156.042521989499,0.0025026546922644055,1
Brazil,2024,BRA,211998565.0,,1273.028,269.88,58.24,7.054,745.72,18486.229,1427.733,49.616,South America,,263.015,6.998,,-0.0011125630920932883,1
Brunei,2000,BRN,326429.0,,0.0,0.0,0.0,,2.54,60239.23,,,Asia,,,,,,0
Brunei,2001,BRN,333353.0,,0.0,0.0,0.0,,2.58,67067.914,,,Asia,,0.0,,,,0
Brunei,2002,BRN,340108.0,,0.0,0.0,0.0,,2.71,76759.656,,,Asia,,0.0,,,,0
Brunei,2003,BRN,346650.0,,0.0,0.0,0.0,,3.2,77912.984,,,Asia,,0.0,,,,0
Brunei,2004,BRN,352921.0,,0.0,0.0,0.0,,3.26,84982.734,,,Asia,,0.0,,,,0
Brunei,2005,BRN,358930.0,,0.0,0.0,0.0,,3.26,94131.758,,,Asia,,0.0,,,,0
Brunei,2006,BRN,364670.0,,0.0,0.0,0.0,,3.3,142785.906,,,Asia,,0.0,,,,0
Brunei,2007,BRN,370883.0,,0.0,0.0,0.0,,3.39,147383.641,,,Asia,,0.0,,,,0
Brunei,2008,BRN,377800.0,,0.0,0.0,0.0,,3.42,148600.297,,,Asia,,0.0,,,,0
Brunei,2009,BRN,384965.0,,0.0,0.0,0.0,,3.62,96748.219,,,Asia,,0.0,,,,0
Brunei,2010,BRN,392340.0,,0.0,0.0,0.0,,3.79,108127.867,,,Asia,,0.0,,,,0
Brunei,2011,BRN,399395.0,,0.0,0.0,0.0,,3.73,109107.234,,,Asia,,0.0,,,,0
Brunei,2012,BRN,405564.0,,0.0,0.0,0.0,,3.93,104440.531,,,Asia,,0.0,,,,0
Brunei,2013,BRN,411205.0,,0.0,0.0,0.0,,4.4,95801.016,,,Asia,,0.0,,,,0
Brunei,2014,BRN,416757.0,,0.0,0.0,0.0,,4.5,106308.477,,,Asia,,0.0,,,,0
Brunei,2015,BRN,422223.0,,0.0,0.0,0.0,,4.2,115953.25,,,Asia,,0.0,,,,0
Brunei,2016,BRN,427571.0,,0.0,0.0,0.0,,4.27,119606.797,,,Asia,,0.0,,,,0
Brunei,2017,BRN,432787.0,,0.0,0.0,0.0,,4.16,118640.672,,,Asia,,0.0,,,,0
Brunei,2018,BRN,437811.0,,0.0,0.0,0.0,,4.3,121695.086,,,Asia,,0.0,,,,0
Brunei,2019,BRN,442690.0,,0.0,0.0,0.0,,4.93,121644.695,,,Asia,,0.0,,,,0
Brunei,2020,BRN,447411.0,,0.0,0.0,0.0,,5.74,130865.547,,,Asia,,0.0,,,,0
Brunei,2021,BRN,451722.0,,0.0,0.0,0.0,,5.7,123024.211,,,Asia,,0.0,,,,0
Brunei,2022,BRN,455374.0,,0.0,0.0,0.0,,5.6,117670.914,,,Asia,,0.0,,,,0
Brunei,2023,BRN,458959.0,,0.0,0.0,0.0,,5.6,118211.914,,,Asia,,0.0,,,,0
Brunei,2024,BRN,462734.0,,0.0,0.0,0.0,,5.56,,,,Asia,,0.0,,,,0
Bulgaria,2000,BGR,8000519.0,67719765830.0,0.0,0.0,0.0,0.0,40.59,27170.389,50.755,3.386,Europe,8464.421599398738,,,,,0
Bulgaria,2001,BGR,7928455.0,68877651140.0,0.0,0.0,0.0,0.0,43.44,28324.223,52.528,2.044,Europe,8687.398886668336,0.0,0.0,8464.421599398738,,0
Bulgaria,2002,BGR,7861949.0,73450036758.0,0.0,0.0,0.0,0.0,42.08,27707.934,52.799,2.681,Europe,9342.471791409484,0.0,0.0,8687.398886668336,,0
Bulgaria,2003,BGR,7804405.0,77722336425.0,0.0,0.0,0.0,0.0,42.28,28875.049,55.726,3.646,Europe,9958.777949760424,0.0,0.0,9342.471791409484,,0
Bulgaria,2004,BGR,7749430.0,83228668873.0,0.0,0.0,0.0,0.0,41.36,28120.139,53.975,3.931,Europe,10739.972988077832,0.0,0.0,9958.777949760424,,0
Bulgaria,2005,BGR,7695047.0,89684785590.0,0.0,0.0,0.0,0.0,43.89,30680.197,59.34,4.937,Europe,11654.871710335232,0.0,0.0,10739.972988077832,,0
Bulgaria,2006,BGR,7640292.0,96404598197.0,0.0,0.0,0.0,0.0,45.44,31504.156,60.025,4.738,Europe,12617.920649760506,0.0,0.0,11654.871710335232,,0
Bulgaria,2007,BGR,7586896.0,104058200673.0,0.0,0.0,0.0,0.0,42.82,30663.352,58.885,3.307,Europe,13715.516948301387,0.0,0.0,12617.920649760506,,0
Bulgaria,2008,BGR,7535589.0,110900337989.0,2.727,0.021,0.02,0.009,44.49,30551.521,57.867,3.391,Europe,14716.877206148052,0.0,0.0,13715.516948301387,,0
Bulgaria,2009,BGR,7488016.0,107365071902.0,8.236,0.062,0.01,0.031,42.31,26990.662,52.825,4.846,Europe,14338.253537652698,0.021,0.009,14716.877206148052,,0
Bulgaria,2010,BGR,7437594.0,109045208364.0,24.874,0.185,0.04,0.088,45.93,28432.732,47.892,7.258,Europe,14661.355320551243,0.062,0.031,14338.253537652698,,0
Bulgaria,2011,BGR,7380023.0,109435363210.0,26.461,0.195,0.06,0.088,49.96,30434.416,45.733,4.618,Europe,14828.593787580337,0.185,0.088,14661.355320551243,,0
Bulgaria,2012,BGR,7317020.0,110261509885.0,133.44,0.976,0.07,0.461,46.46,29168.732,47.573,6.861,Europe,15069.182520342982,0.195,0.088,14828.593787580337,,0
Bulgaria,2013,BGR,7264605.0,109643527181.0,174.605,1.268,0.11,0.647,43.02,27270.346,44.215,9.694,Europe,15092.840860721264,0.976,0.461,15069.182520342982,1.1549941948305094,0
Bulgaria,2014,BGR,7223450.0,110703533681.0,174.524,1.261,0.2,0.602,46.92,29286.607,47.712,9.634,Europe,15325.57623863943,1.268,0.647,15092.840860721264,0.8287128340298129,0
Bulgaria,2015,BGR,7177515.0,114498611934.0,232.283,1.667,0.27,0.749,48.71,31303.371,53.301,10.787,Europe,15952.403016085651,1.261,0.602,15325.57623863943,0.4679412400500027,0
Bulgaria,2016,BGR,7127436.0,117979077002.0,260.916,1.86,0.35,0.881,44.53,29900.988,54.21,9.37,Europe,16552.80762984052,1.667,0.749,15952.403016085651,0.5359610323462276,0
Bulgaria,2017,BGR,7075642.0,121237951710.0,267.654,1.894,0.4,0.875,44.84,30834.584,56.917,8.073,Europe,17134.55142445025,1.86,0.881,16552.80762984052,0.13766035809765476,0
Bulgaria,2018,BGR,7024745.0,124492855771.0,266.029,1.869,1.57,0.863,46.51,31149.057,56.656,12.096,Europe,17722.04624808445,1.894,0.875,17134.55142445025,0.08355795336590344,0
Bulgaria,2019,BGR,6975466.0,129520075495.0,293.868,2.05,1.82,0.978,43.72,30327.924,59.417,10.38,Europe,18567.94592576324,1.869,0.863,17722.04624808445,0.08187937873541729,0
Bulgaria,2020,BGR,6933656.0,124392792956.0,284.602,1.973,1.7,1.02,40.14,28177.615,53.383,11.122,Europe,17940.433294642826,2.05,0.978,18567.94592576324,0.042230197539807834,0
Bulgaria,2021,BGR,6877222.0,133889804025.0,286.477,1.97,2.59,0.897,47.22,32263.266,56.078,13.231,Europe,19468.5883377038,1.973,1.02,17940.433294642826,0.01186559204820492,0
Bulgaria,2022,BGR,6825862.0,138390156500.0,316.805,2.162,2.24,0.951,50.28,33606.043,59.941,12.026,Europe,20274.385345030416,1.97,0.897,19468.5883377038,0.007899547673234641,0
Bulgaria,2023,BGR,6795805.0,,297.035,2.019,1.87,1.036,40.08,29007.344,59.371,14.288,Europe,,2.162,0.951,20274.385345030416,0.0295543494221282,0
Bulgaria,2024,BGR,6757686.0,,318.371,2.151,1.72,1.135,38.3,28381.641,61.194,16.425,Europe,,2.019,1.036,,-0.003042851877462893,0
Canada,2000,CAN,30891800.0,1137681278760.0,50.114,1.548,8.92,0.043,603.82,118073.062,1109.182,28.536,North America,36827.937470785124,,,,,0
Canada,2001,CAN,31213578.0,1161459919261.0,49.462,1.544,9.67,0.044,587.76,114440.516,1140.463,27.032,North America,37210.085920332494,1.548,0.043,36827.937470785124,,0
Canada,2002,CAN,31535579.0,1199865635264.0,48.957,1.544,10.05,0.043,599.79,117118.281,1183.052,27.335,North America,38047.997636701075,1.544,0.044,37210.085920332494,,0
Canada,2003,CAN,31836483.0,1224575760991.0,52.805,1.681,9.42,0.046,588.27,116565.047,1227.188,26.02,North America,38464.542738310636,1.544,0.043,38047.997636701075,,0
Canada,2004,CAN,32132680.0,1265917327101.0,52.461,1.686,9.8,0.046,598.5,117265.898,1280.921,25.7,North America,39396.56844997056,1.681,0.046,38464.542738310636,,0
Canada,2005,CAN,32440172.0,1310077836124.0,61.34,1.99,9.16,0.053,620.5,117037.102,1249.107,27.043,North America,40384.42940820412,1.686,0.046,39396.56844997056,0.01722569715302713,0
Canada,2006,CAN,32759174.0,1348293394113.0,61.295,2.008,8.94,0.056,608.43,112017.781,1154.078,27.208,North America,41157.734749752846,1.99,0.053,40384.42940820412,0.05206156811459128,0
Canada,2007,CAN,33092171.0,1379925831954.0,233.486,7.727,8.99,0.201,634.19,118416.227,1292.939,26.53,North America,41699.46516818132,2.008,0.056,41157.734749752846,0.05395794616120564,0
Canada,2008,CAN,33449088.0,1397938727409.0,277.699,9.289,7.98,0.244,635.11,115754.156,1247.824,27.374,North America,41793.02967569699,7.727,0.201,41699.46516818132,0.35671504099664886,0
Canada,2009,CAN,33826370.0,1360538049277.0,264.037,8.931,8.94,0.245,613.87,109988.281,1217.423,27.993,North America,40221.22531258896,9.289,0.244,41793.02967569699,0.406767344819406,0
Canada,2010,CAN,34196900.0,1406355361431.0,304.369,10.408,10.3,0.282,607.03,109967.695,1274.582,26.567,North America,41125.22952171103,8.931,0.245,40221.22531258896,0.35023512829635317,0
Canada,2011,CAN,34555449.0,1454221365109.0,485.768,16.786,10.21,0.438,638.27,112865.477,1274.027,27.419,North America,42083.706251624746,10.408,0.282,41125.22952171103,0.38969890403540797,0
Canada,2012,CAN,34922513.0,1479829523672.0,627.275,21.906,10.91,0.572,636.54,111724.289,1281.337,27.863,North America,42374.657392839974,16.786,0.438,42083.706251624746,0.16785052768203457,0
Canada,2013,CAN,35293421.0,1514296485427.0,608.407,21.473,11.04,0.546,655.69,113458.836,1283.016,27.745,North America,42905.913978330405,21.906,0.572,42374.657392839974,0.18718615740973465,0
Canada,2014,CAN,35634265.0,1557757464897.0,621.747,22.155,9.8,0.563,652.97,112508.438,1276.067,27.026,North America,43715.1563220681,21.473,0.546,42905.913978330405,0.19178667923754067,0
Canada,2015,CAN,35962236.0,1568025782105.0,578.527,20.805,9.99,0.527,661.08,111824.336,1280.189,27.733,North America,43602.01023387422,22.155,0.563,43715.1563220681,0.1631102799016939,0
Canada,2016,CAN,36353345.0,1583727974022.0,551.77,20.059,11.36,0.515,667.13,109289.445,1265.299,28.46,North America,43564.84868234271,20.805,0.527,43602.01023387422,0.043864432764474603,0
Canada,2017,CAN,36808498.0,1631871440185.0,642.664,23.655,11.15,0.599,669.35,109394.164,1251.979,28.65,North America,44334.094811067815,20.059,0.515,43564.84868234271,-0.017462264371397196,0
Canada,2018,CAN,37294996.0,1677189073139.0,655.121,24.433,10.54,0.609,661.2,109464.797,1293.815,27.664,North America,44970.88759947849,23.655,0.599,44334.094811067815,0.019544170169617736,0
Canada,2019,CAN,37782934.0,1708858221312.0,655.178,24.755,10.31,0.621,655.7,107455.625,1289.551,27.407,North America,45228.30919673946,24.433,0.609,44970.88759947849,0.019767127219842084,0
Canada,2020,CAN,38171903.0,1622144486274.0,601.241,22.951,10.41,0.61,655.89,100465.109,1114.147,29.457,North America,42495.77198899411,24.755,0.621,45228.30919673946,0.03537826075242134,0
Canada,2021,CAN,38454058.0,1703443269914.0,636.666,24.482,10.55,0.646,652.4,100431.008,1143.667,29.113,North America,44298.14065173564,22.951,0.61,42495.77198899411,0.027302788403981815,0
Canada,2022,CAN,38821259.0,1761295624423.0,783.085,30.4,9.52,0.781,664.08,102122.422,1187.081,29.497,North America,45369.358691406684,24.482,0.646,44298.14065173564,0.006896400313368911,0
Canada,2023,CAN,39299098.0,,857.652,33.705,9.8,0.883,641.39,98930.016,1194.142,27.858,North America,,30.4,0.781,45369.358691406684,0.04467056422434457,0
Canada,2024,CAN,39742429.0,,829.77,32.977,9.83,0.863,636.79,97784.539,1209.199,27.157,North America,,33.705,0.883,,0.06366845625586115,0
Chad,2003,TCD,9487830.0,8110109949.0,0.0,0.0,0.0,,0.11,101.881,,,Africa,854.7908161297156,,,,,0
Chad,2004,TCD,9920036.0,11032101494.0,0.0,0.0,0.0,,0.12,102.662,,,Africa,1112.1029695859975,0.0,,854.7908161297156,,0
Chad,2005,TCD,10328094.0,12146441188.0,0.0,0.0,0.0,,0.12,106.128,,,Africa,1176.058349972415,0.0,,1112.1029695859975,,0
Chad,2006,TCD,10706426.0,12214525260.0,0.0,0.0,0.0,,0.12,103.925,,,Africa,1140.8592615313457,0.0,,1176.058349972415,,0
Chad,2007,TCD,11081667.0,14704387197.0,0.0,0.0,0.0,,0.12,110.805,,,Africa,1326.9111223970185,0.0,,1140.8592615313457,,0
Chad,2008,TCD,11476299.0,15257312990.0,0.0,0.0,0.0,,0.14,112.199,,,Africa,1329.4628337933684,0.0,,1326.9111223970185,,0
Chad,2009,TCD,11893753.0,17078193621.0,0.0,0.0,0.0,,0.17,118.031,,,Africa,1435.8961062164315,0.0,,1329.4628337933684,,0
Chad,2010,TCD,12312580.0,19869964230.0,0.0,0.0,0.0,,0.19,126.467,,,Africa,1613.7937158580899,0.0,,1435.8961062164315,,0
Chad,2011,TCD,12755004.0,19903398034.0,0.0,0.0,0.0,,0.2,174.731,,,Africa,1560.438400019318,0.0,,1613.7937158580899,,0
Chad,2012,TCD,13211006.0,21656293766.0,0.0,0.0,0.01,,0.24,292.125,,,Africa,1639.2615192211706,0.0,,1560.438400019318,,0
Chad,2013,TCD,13691081.0,22902174388.0,0.0,0.0,0.01,,0.28,292.356,,,Africa,1672.780577954363,0.0,,1639.2615192211706,,0
Chad,2014,TCD,14188680.0,24480827952.0,0.0,0.0,0.01,,0.3,293.203,,,Africa,1725.377410160776,0.0,,1672.780577954363,,0
Chad,2015,TCD,14647626.0,24914134960.0,0.0,0.0,0.01,,0.3,287.977,,,Africa,1700.8991736954508,0.0,,1725.377410160776,,0
Chad,2016,TCD,15114652.0,23529405356.0,0.0,0.0,0.01,,0.31,275.642,,,Africa,1556.7282234483466,0.0,,1700.8991736954508,,0
Chad,2017,TCD,15622756.0,22969403286.0,0.0,0.0,0.01,,0.32,429.908,,,Africa,1470.2529621534127,0.0,,1556.7282234483466,,0
Chad,2018,TCD,16156535.0,23510339039.0,0.0,0.0,0.01,,0.34,425.102,,,Africa,1455.1597257085136,0.0,,1470.2529621534127,,0
Chad,2019,TCD,16685223.0,24314153239.0,0.0,0.0,0.01,,0.35,421.295,,,Africa,1457.2267472241756,0.0,,1455.1597257085136,,0
Chad,2020,TCD,17224686.0,23793345004.0,0.0,0.0,0.01,,0.35,429.683,,,Africa,1381.35145128335,0.0,,1457.2267472241756,,0
Chad,2021,TCD,17828274.0,23531147275.0,0.0,0.0,0.01,,0.43,462.586,,,Africa,1319.8780361464044,0.0,,1381.35145128335,,0
Chad,2022,TCD,18455319.0,24118013870.0,0.0,0.0,0.01,,0.39,448.069,,,Africa,1306.8326735506441,0.0,,1319.8780361464044,,0
Chad,2023,TCD,19319075.0,,0.0,0.0,0.01,,0.36,440.093,,,Africa,,0.0,,1306.8326735506441,,0
Chad,2024,TCD,20299131.0,,0.0,0.0,0.01,,0.37,,,,Africa,,0.0,,,,0
Chile,2000,CHL,15503638.0,233340518904.0,0.0,0.0,0.94,0.0,41.12,19827.041,139.075,18.856,South America,15050.69448241761,,,,,0
Chile,2001,CHL,15683852.0,239642803054.0,0.0,0.0,2.07,0.0,42.32,19978.824,135.445,21.061,South America,15279.588397926735,0.0,0.0,15050.69448241761,,0
Chile,2002,CHL,15857926.0,243288829547.0,0.0,0.0,1.94,0.0,43.44,20229.719,137.692,21.834,South America,15341.78110977438,0.0,0.0,15279.588397926735,,0
Chile,2003,CHL,16024755.0,250723122339.0,0.0,0.0,1.81,0.0,46.63,20124.473,136.518,21.012,South America,15645.98786933092,0.0,0.0,15341.78110977438,,0
Chile,2004,CHL,16187324.0,264146071325.0,0.0,0.0,2.03,0.0,51.0,21269.668,150.501,18.554,South America,16318.081439835269,0.0,0.0,15645.98786933092,,0
Chile,2005,CHL,16348780.0,278000705012.0,0.0,0.0,1.79,0.0,52.22,21856.49,155.212,21.083,South America,17004.370051587946,0.0,0.0,16318.081439835269,,0
Chile,2006,CHL,16509195.0,293258343549.0,0.0,0.0,1.43,0.0,55.04,22392.51,160.489,21.915,South America,17763.333920824123,0.0,0.0,17004.370051587946,,0
Chile,2007,CHL,16671571.0,305709457316.0,0.0,0.0,2.7,0.0,58.28,22151.396,200.304,18.572,South America,18337.171542861797,0.0,0.0,17763.333920824123,,0
Chile,2008,CHL,16838987.0,314032357531.0,0.0,0.0,3.08,0.0,59.46,21931.584,211.086,20.647,South America,18649.124055443477,0.0,0.0,18337.171542861797,,0
Chile,2009,CHL,17009730.0,306660166266.0,0.0,0.0,4.27,0.0,60.37,20833.512,198.599,21.976,South America,18028.514636387525,0.0,0.0,18649.124055443477,,0
Chile,2010,CHL,17181463.0,321457401232.0,0.0,0.0,2.25,0.0,60.25,21182.576,182.13,18.941,South America,18709.54768124228,0.0,0.0,18028.514636387525,,0
Chile,2011,CHL,17351810.0,338708860136.0,0.0,0.0,4.67,0.0,65.65,22228.908,189.076,17.672,South America,19520.088113920105,0.0,0.0,18709.54768124228,,0
Chile,2012,CHL,17519116.0,359556383692.0,0.0,0.0,4.85,0.0,69.57,22988.977,196.136,17.976,South America,20523.6601944984,0.0,0.0,19520.088113920105,,0
Chile,2013,CHL,17687006.0,371454072393.0,0.0,0.0,5.76,0.0,72.84,23393.406,195.073,18.024,South America,21001.523513533044,0.0,0.0,20523.6601944984,,0
Chile,2014,CHL,17864192.0,378114271615.0,0.0,0.0,5.33,0.0,70.17,22924.852,193.475,19.519,South America,21166.043872289327,0.0,0.0,21001.523513533044,,0
Chile,2015,CHL,18047630.0,386251266445.0,0.0,0.0,5.61,0.0,74.91,22952.033,190.194,21.0,South America,21401.772224109205,0.0,0.0,21166.043872289327,,0
Chile,2016,CHL,18267225.0,393022253885.0,0.0,0.0,5.96,0.0,78.83,23753.109,200.918,19.341,South America,21515.1591927619,0.0,0.0,21401.772224109205,,0
Chile,2017,CHL,18558868.0,398359518680.0,0.0,0.0,6.06,0.0,78.93,24265.859,204.001,21.426,South America,21464.645294098755,0.0,0.0,21515.1591927619,,0
Chile,2018,CHL,18893185.0,414254051745.0,0.0,0.0,5.69,0.0,81.76,24785.533,211.4,23.426,South America,21926.109956844226,0.0,0.0,21464.645294098755,,0
Chile,2019,CHL,19197748.0,417331966568.0,0.0,0.0,5.39,0.0,83.98,24689.287,210.552,22.541,South America,21738.589680831315,0.0,0.0,21926.109956844226,,0
Chile,2020,CHL,19370621.0,391686945225.0,0.0,0.0,5.24,0.0,83.58,22842.719,192.556,24.874,South America,20220.6705311616,0.0,0.0,21738.589680831315,,0
Chile,2021,CHL,19456323.0,437659188270.0,0.0,0.0,5.61,0.0,88.1,24509.102,211.375,23.421,South America,22494.4450331134,0.0,0.0,20220.6705311616,,0
Chile,2022,CHL,19553033.0,448338105532.0,0.0,0.0,4.64,0.0,91.04,25750.754,228.238,26.079,South America,22929.33815086386,0.0,0.0,22494.4450331134,,0
Chile,2023,CHL,19658833.0,,0.0,0.0,5.2,0.0,89.23,25306.361,225.663,30.347,South America,,0.0,0.0,22929.33815086386,,0
Chile,2024,CHL,19764774.0,,0.0,0.0,5.0,0.0,88.62,26245.264,238.196,32.254,South America,,0.0,0.0,,,0
China,2000,CHN,1269581174.0,5952682232028.0,0.0,0.0,2.54,0.0,1355.6,9294.628,2626.896,5.336,Asia,4688.697622439698,,,,,1
China,2001,CHN,1278725061.0,6329737256820.0,0.0,0.0,2.55,0.0,1480.79,9751.95,2683.249,6.251,Asia,4950.037697603238,0.0,0.0,4688.697622439698,,1
China,2002,CHN,1286866835.0,6814493895929.0,1.333,1.715,2.55,0.013,1654.01,10553.145,2895.598,5.922,Asia,5295.4149649283645,0.0,0.0,4950.037697603238,,1
China,2003,CHN,1294517323.0,7248623080792.0,3.657,4.735,2.54,0.03,1910.58,12219.811,3234.762,5.001,Asia,5599.479398231274,1.715,0.013,5295.4149649283645,,1
China,2004,CHN,1302100316.0,7830953177799.0,4.585,5.97,2.53,0.032,2203.31,14214.832,3777.772,5.289,Asia,6014.093600603196,4.735,0.03,5599.479398231274,,1
China,2005,CHN,1310027135.0,8602939667333.0,6.393,8.375,5.32,0.04,2500.26,16050.938,3838.487,5.239,Asia,6566.993490049349,5.97,0.032,6014.093600603196,,1
China,2006,CHN,1318054030.0,9489543138489.0,9.156,12.068,7.13,0.053,2865.72,17486.639,4116.769,5.267,Asia,7199.661715300852,8.375,0.04,6566.993490049349,,1
China,2007,CHN,1325813576.0,10358206113742.0,10.066,13.346,9.86,0.053,3281.54,18893.74,4313.567,5.407,Asia,7812.716886632635,12.068,0.053,7199.661715300852,0.4773188368626864,1
China,2008,CHN,1333821011.0,10799148337884.0,13.629,18.179,14.87,0.07,3495.76,19508.211,4408.092,6.872,Asia,8096.399928343909,13.346,0.053,7812.716886632635,0.23028641200784872,1
China,2009,CHN,1342522717.0,11572544299171.0,14.814,19.889,20.86,0.074,3714.64,20229.75,4580.298,6.56,Asia,8619.998866783422,18.179,0.07,8096.399928343909,0.24945072015879455,1
China,2010,CHN,1351561505.0,12858808500983.0,14.647,19.797,24.9,0.068,4207.16,21497.809,5214.49,7.195,Asia,9514.038727362984,19.889,0.074,8619.998866783422,0.18884606985590335,1
China,2011,CHN,1360250658.0,13691526496125.0,16.101,21.901,27.63,0.07,4713.02,23037.326,5390.733,6.697,Asia,10065.443758914174,19.797,0.068,9514.038727362984,0.10406035743983066,1
China,2012,CHN,1369520866.0,14773157494771.0,18.837,25.797,30.13,0.079,4987.54,23821.602,5654.299,8.068,Asia,10787.09924144449,21.901,0.07,10065.443758914174,0.10413598675718161,1
China,2013,CHN,1379008040.0,15925464549520.0,25.659,35.384,37.13,0.105,5431.63,24548.49,5907.47,8.474,Asia,11548.492893137882,25.797,0.079,10787.09924144449,0.07250627741680615,1
China,2014,CHN,1387951970.0,17103948867278.0,26.625,36.955,46.27,0.107,5794.45,25021.807,6142.517,9.69,Asia,12323.15615883884,35.384,0.105,11548.492893137882,0.1221186891892907,1
China,2015,CHN,1396134171.0,18301224436466.0,19.553,27.299,54.07,0.078,5814.58,25166.627,6609.896,10.278,Asia,13108.49975354267,36.955,0.107,12323.15615883884,0.13296048956590356,1
China,2016,CHN,1404052628.0,19545709173693.0,19.81,27.815,62.13,0.079,6133.16,25125.633,6823.579,11.113,Asia,13920.923463912352,27.299,0.078,13108.49975354267,0.045048770560524254,1
China,2017,CHN,1412354730.0,20894362082435.0,18.364,25.936,79.6,0.071,6604.44,25949.135,7183.172,11.666,Asia,14793.990233908871,27.815,0.079,13920.923463912352,0.015177473031007693,1
China,2018,CHN,1419008954.0,22294284747546.0,23.727,33.669,93.8,0.088,7166.14,27068.061,7528.741,12.224,Asia,15711.165658751721,25.936,0.071,14793.990233908871,-0.06023511290452965,1
China,2019,CHN,1423520357.0,23631941251482.0,25.327,36.053,112.8,0.09,7503.43,28231.928,7891.51,12.786,Asia,16601.056061667547,33.669,0.088,15711.165658751721,-0.018452317023415432,1
China,2020,CHN,1426106093.0,24151843898871.0,19.279,27.493,135.7,0.067,7779.07,29095.936,7959.667,13.396,Asia,16935.516941845784,36.053,0.09,16601.056061667547,0.05720433194894792,1
China,2021,CHN,1426437269.0,26180600167672.0,20.057,28.61,166.0,0.066,8534.26,30738.947,8174.095,14.195,Asia,18353.839132390196,27.493,0.067,16935.516941845784,-0.0023260937835416495,1
China,2022,CHN,1425179562.0,26966016991166.0,20.477,29.183,182.6,0.066,8848.71,31235.707,8198.393,15.218,Asia,18921.136473023602,28.61,0.066,18353.839132390196,0.019818702054048787,1
China,2023,CHN,1422584930.0,,22.271,31.683,198.2,0.068,9456.45,33089.07,9091.228,15.505,Asia,,29.183,0.066,18921.136473023602,-0.02819317788108211,1
China,2024,CHN,1419321284.0,,26.23,37.228,208.5,0.077,10086.88,34514.457,8964.054,17.472,Asia,,31.683,0.068,,-0.02551091792823834,1
Colombia,2000,COL,39089939.0,330615619673.0,0.0,0.0,0.5,0.0,42.81,8037.474,132.678,28.239,South America,8457.818766946655,,,,,0
Colombia,2001,COL,39709263.0,336096684249.0,0.0,0.0,0.5,0.0,43.14,7979.616,131.995,28.572,South America,8463.936594567369,0.0,0.0,8457.818766946655,,0
Colombia,2002,COL,40324684.0,344517683680.0,0.0,0.0,0.49,0.0,44.71,7859.605,130.76,30.439,South America,8543.592894119145,0.0,0.0,8463.936594567369,,0
Colombia,2003,COL,40937426.0,357889195415.0,0.0,0.0,0.5,0.0,46.2,7886.754,130.624,31.64,South America,8742.34729401404,0.0,0.0,8543.592894119145,,0
Colombia,2004,COL,41543177.0,376728225954.0,0.0,0.0,0.47,0.0,49.33,8172.958,141.366,31.689,South America,9068.353774531977,0.0,0.0,8742.34729401404,,0
Colombia,2005,COL,42128978.0,394076061209.0,3.849,0.162,0.5,0.05,49.94,7935.191,140.033,32.783,South America,9354.038002274823,0.0,0.0,9068.353774531977,,0
Colombia,2006,COL,42691081.0,420283862175.0,36.349,1.552,0.53,0.41,53.34,9041.391,149.525,30.936,South America,9844.769734807136,0.162,0.05,9354.038002274823,,0
Colombia,2007,COL,43235374.0,448731322364.0,38.716,1.674,0.53,0.435,54.79,9072.923,153.089,31.46,South America,10378.800524866514,1.552,0.41,9844.769734807136,,0
Colombia,2008,COL,43758805.0,464038717488.0,38.811,1.698,0.54,0.424,55.48,9334.807,150.896,31.267,South America,10604.465032534596,1.674,0.435,10378.800524866514,,0
Colombia,2009,COL,44271543.0,471326580093.0,83.663,3.704,0.54,0.933,56.75,9120.582,151.373,28.771,South America,10646.265030631528,1.698,0.424,10604.465032534596,,0
Colombia,2010,COL,44777325.0,489870174161.0,117.067,5.242,2.42,1.255,60.23,9482.501,159.78,27.404,South America,10940.139326344304,3.704,0.933,10646.265030631528,0.8699551602568554,0
Colombia,2011,COL,45259614.0,521323240921.0,149.469,6.765,2.0,1.553,61.7,9805.576,168.507,31.371,South America,11518.50833109182,5.242,1.255,10940.139326344304,0.275619236798031,0
Colombia,2012,COL,45715807.0,541722649583.0,159.193,7.278,1.95,1.568,63.06,10323.192,180.108,29.023,South America,11849.788620881176,6.765,1.553,11518.50833109182,0.32221618646321715,0
Colombia,2013,COL,46151583.0,569534665242.0,164.826,7.607,1.05,1.593,73.51,10509.707,188.608,26.267,South America,12340.522864448658,7.278,1.568,11849.788620881176,0.3378729502938007,0
Colombia,2014,COL,46565426.0,595158021031.0,169.5,7.893,1.35,1.569,70.46,10964.914,199.766,25.308,South America,12781.114061557173,7.607,1.593,12340.522864448658,0.1548045534311111,0
Colombia,2015,COL,46969938.0,612750891790.0,169.976,7.984,1.37,1.606,77.97,10738.822,200.19,25.545,South America,13045.597202832161,7.893,1.569,12781.114061557173,0.08529803636325295,0
Colombia,2016,COL,47437513.0,625545111723.0,166.174,7.883,1.46,1.457,76.17,11569.512,224.96,24.363,South America,13186.718108999517,7.984,1.606,13045.597202832161,0.03369054880521083,0
Colombia,2017,COL,48131076.0,634046295892.0,157.302,7.571,1.42,1.387,78.47,11535.692,221.977,28.787,South America,13173.324774455488,7.883,1.457,13186.718108999517,0.01609869844568812,0
Colombia,2018,COL,49024463.0,650303209362.0,187.839,9.209,1.45,1.638,78.21,11652.967,232.516,27.908,South America,13264.871649119339,7.571,1.387,13173.324774455488,-0.0009482934640953067,0
Colombia,2019,COL,49907987.0,671028388046.0,192.726,9.619,1.57,1.703,78.78,11495.876,231.36,26.754,South America,13445.310628256755,9.209,1.638,13264.871649119339,0.03132150578153725,0
Colombia,2020,COL,50629997.0,622365414246.0,163.618,8.284,2.15,1.625,77.75,10227.39,192.892,27.111,South America,12292.424474091911,9.619,1.703,13445.310628256755,0.03796301598041918,0
Colombia,2021,COL,51188174.0,690925195330.0,181.106,9.271,2.24,1.666,84.36,11053.629,227.328,29.666,South America,13497.750385274536,8.284,1.625,12292.424474091911,0.009972881296402614,0
Colombia,2022,COL,51737944.0,742716953392.0,187.343,9.693,2.18,1.57,82.86,12123.15,266.851,28.384,South America,14355.362737104513,9.271,1.666,13497.750385274536,0.041345074007368865,0
Colombia,2023,COL,52321152.0,,209.98,10.986,2.21,1.815,86.58,11760.209,254.752,27.398,South America,,9.693,1.57,14355.362737104513,0.010297196727205638,0
Colombia,2024,COL,52886360.0,,212.302,11.228,2.22,1.849,89.14,11645.494,252.61,26.093,South America,,10.986,1.815,,0.026932583979878633,0
Congo,2000,COG,3151349.0,12472135877.0,0.0,0.0,0.0,,0.29,1037.026,,,Africa,3957.713308491062,,,,,0
Congo,2001,COG,3272542.0,13249308227.0,0.0,0.0,0.0,,0.33,1252.23,,,Africa,4048.628933410175,0.0,,3957.713308491062,,0
Congo,2002,COG,3350770.0,14180954098.0,0.0,0.0,0.0,,0.39,1061.703,,,Africa,4232.147863923815,0.0,,4048.628933410175,,0
Congo,2003,COG,3445758.0,14627827623.0,0.0,0.0,0.0,,0.4,1256.683,,,Africa,4245.169748717119,0.0,,4232.147863923815,,0
Congo,2004,COG,3565565.0,15504146539.0,0.0,0.0,0.0,,0.4,1309.18,,,Africa,4348.3000699748845,0.0,,4245.169748717119,,0
Congo,2005,COG,3696399.0,17078609818.0,0.0,0.0,0.0,,0.43,1755.228,,,Africa,4620.337203315984,0.0,,4348.3000699748845,,0
Congo,2006,COG,3837411.0,18567839817.0,0.0,0.0,0.0,,0.45,2043.876,,,Africa,4838.637252303702,0.0,,4620.337203315984,,0
Congo,2007,COG,3980430.0,18699065550.0,0.0,0.0,0.0,,0.4,2483.396,,,Africa,4697.750130011079,0.0,,4838.637252303702,,0
Congo,2008,COG,4113514.0,20270055811.0,0.0,0.0,0.0,,0.46,2739.223,,,Africa,4927.673957351306,0.0,,4697.750130011079,,0
Congo,2009,COG,4281218.0,22298715246.0,0.0,0.0,0.0,,0.54,3250.688,,,Africa,5208.497966232974,0.0,,4927.673957351306,,0
Congo,2010,COG,4462304.0,24809062977.0,0.0,0.0,0.03,,0.81,4258.119,,,Africa,5559.698079064089,0.0,,5208.497966232974,,0
Congo,2011,COG,4609728.0,26249089782.0,0.0,0.0,0.03,,1.31,4844.21,,,Africa,5694.281697748761,0.0,,5559.698079064089,,0
Congo,2012,COG,4740457.0,28860086022.0,0.0,0.0,0.03,,1.72,4776.098,,,Africa,6088.038773898804,0.0,,5694.281697748761,,0
Congo,2013,COG,4857104.0,28654592534.0,0.0,0.0,0.03,,1.73,5992.234,,,Africa,5899.522129647626,0.0,,6088.038773898804,,0
Congo,2014,COG,4975887.0,30579326354.0,0.0,0.0,0.03,,1.76,5556.356,,,Africa,6145.502571501323,0.0,,5899.522129647626,,0
Congo,2015,COG,5097583.0,29493455123.0,0.0,0.0,0.03,,2.79,5433.539,,,Africa,5785.772418614862,0.0,,6145.502571501323,,0
Congo,2016,COG,5222545.0,26313174327.0,0.0,0.0,0.03,,2.97,5047.901,,,Africa,5038.381541374943,0.0,,5785.772418614862,,0
Congo,2017,COG,5351013.0,25159867387.0,0.0,0.0,0.03,,2.98,3577.699,,,Africa,4701.888667996134,0.0,,5038.381541374943,,0
Congo,2018,COG,5483128.0,23950933949.0,0.0,0.0,0.03,,3.08,3243.997,,,Africa,4368.1150520286965,0.0,,4701.888667996134,,0
Congo,2019,COG,5616656.0,24196673159.0,0.0,0.0,0.03,,3.89,2574.936,,,Africa,4308.021206746505,0.0,,4368.1150520286965,,0
Congo,2020,COG,5752792.0,22696964187.0,0.0,0.0,0.03,,4.01,2075.075,,,Africa,3945.3823790256974,0.0,,4308.021206746505,,0
Congo,2021,COG,5892187.0,23037421913.0,0.0,0.0,0.03,,4.11,2078.873,,,Africa,3909.8253183410507,0.0,,3945.3823790256974,,0
Congo,2022,COG,6035104.0,23679011891.0,0.0,0.0,0.03,,4.95,2162.773,,,Africa,3923.5466184178435,0.0,,3909.8253183410507,,0
Congo,2023,COG,6182890.0,,0.0,0.0,0.03,,5.36,2154.287,,,Africa,,0.0,,3923.5466184178435,,0
Congo,2024,COG,6332969.0,,0.0,0.0,0.03,,5.46,,,,Africa,,0.0,,,,0
Croatia,2000,HRV,4326105.0,57398794775.0,0.0,0.0,0.0,0.0,11.21,22317.953,46.749,18.794,Europe,13268.007774892196,,,,,0
Croatia,2001,HRV,4301079.0,57633269426.0,0.0,0.0,0.0,0.0,12.75,23602.438,47.907,19.785,Europe,13399.723517284849,0.0,0.0,13268.007774892196,,0
Croatia,2002,HRV,4305783.0,61317061359.0,0.0,0.0,0.0,0.0,12.69,23601.307,50.182,15.94,Europe,14240.62972030871,0.0,0.0,13399.723517284849,,0
Croatia,2003,HRV,4306683.0,65731224853.0,0.0,0.0,0.0,0.0,13.16,24687.121,55.534,14.114,Europe,15262.610425006902,0.0,0.0,14240.62972030871,,0
Croatia,2004,HRV,4310050.0,69483828958.0,0.0,0.0,0.0,0.0,13.87,25647.283,52.103,18.938,Europe,16121.351018665677,0.0,0.0,15262.610425006902,,0
Croatia,2005,HRV,4313946.0,73522772944.0,0.0,0.0,0.01,0.0,13.05,25332.936,53.633,17.569,Europe,17043.044336669955,0.0,0.0,16121.351018665677,,0
Croatia,2006,HRV,4315802.0,78256427771.0,0.0,0.0,0.01,0.0,12.91,25012.688,54.472,16.644,Europe,18132.534293973633,0.0,0.0,17043.044336669955,,0
Croatia,2007,HRV,4315959.0,83591431787.0,7.132,0.031,0.01,0.029,12.54,25128.795,55.77,11.745,Europe,19367.98560574834,0.0,0.0,18132.534293973633,,0
Croatia,2008,HRV,4314635.0,86620961215.0,9.516,0.041,0.02,0.038,12.78,24999.676,52.885,14.47,Europe,20076.080877061442,0.031,0.029,19367.98560574834,,0
Croatia,2009,HRV,4310537.0,81451695571.0,21.131,0.091,0.02,0.087,13.35,24704.299,51.65,18.759,Europe,18895.950915396388,0.041,0.038,20076.080877061442,,0
Croatia,2010,HRV,4301150.0,81303793822.0,0.0,0.0,0.03,0.0,14.79,25170.996,43.888,22.716,Europe,18902.803627401972,0.091,0.087,18895.950915396388,,0
Croatia,2011,HRV,4280827.0,82302805353.0,9.373,0.04,0.05,0.043,11.23,22063.092,41.735,14.713,Europe,19225.912505457472,0.0,0.0,18902.803627401972,,0
Croatia,2012,HRV,4259233.0,80383800465.0,77.269,0.329,0.09,0.379,10.57,20565.84,37.4,16.074,Europe,18872.83472517235,0.04,0.043,19225.912505457472,0.052300215891077695,0
Croatia,2013,HRV,4242403.0,80064089923.0,86.255,0.366,0.13,0.387,13.94,22645.891,35.978,25.559,Europe,18872.344264088064,0.329,0.379,18872.83472517235,0.5166396588919573,0
Croatia,2014,HRV,4219485.0,79720242860.0,81.221,0.343,0.16,0.363,13.43,22753.666,37.663,27.249,Europe,18893.358516501423,0.366,0.387,18872.344264088064,0.3209547430995594,0
Croatia,2015,HRV,4183732.0,81731110395.0,67.176,0.281,0.27,0.313,11.24,21755.668,39.127,21.651,Europe,19535.455520334475,0.343,0.363,18893.358516501423,,0
Croatia,2016,HRV,4136438.0,84640158587.0,2.845,0.012,0.43,0.013,12.6,22901.484,39.293,22.794,Europe,20462.088054263113,0.281,0.313,19535.455520334475,0.4768257826092879,0
Croatia,2017,HRV,4079198.0,87528490789.0,1.555,0.006,0.53,0.007,11.77,23235.795,42.002,19.346,Europe,21457.27929583217,0.012,0.013,20462.088054263113,-0.484300073368763,0
Croatia,2018,HRV,4024868.0,89979865983.0,78.228,0.315,0.67,0.326,13.52,24388.486,40.695,25.936,Europe,22355.97937199431,0.006,0.007,21457.27929583217,-0.560525143505475,0
Croatia,2019,HRV,3986338.0,93057982684.0,182.511,0.728,0.88,0.769,12.65,24035.391,39.724,23.27,Europe,23344.22788132868,0.315,0.326,22355.97937199431,-0.016887344530052806,0
Croatia,2020,HRV,3953956.0,85073361985.0,192.904,0.763,0.98,0.846,13.23,23110.643,34.047,25.033,Europe,21516.011302351366,0.728,0.769,23344.22788132868,0.20972042086271925,0
Croatia,2021,HRV,3924607.0,96194363488.0,270.945,1.063,1.1,1.098,15.11,25050.172,35.995,28.683,Europe,24510.572265707113,0.763,0.846,21516.011302351366,1.294397487349162,0
Croatia,2022,HRV,3907031.0,102284645672.0,63.201,0.247,1.13,0.268,14.1,23846.066,39.399,25.053,Europe,26179.635040520538,1.063,1.098,24510.572265707113,1.8162837080626186,0
Croatia,2023,HRV,3896023.0,,1.876,0.007,1.05,0.007,17.44,26982.51,43.714,29.586,Europe,,0.247,0.268,26179.635040520538,-0.04747303287474469,0
Croatia,2024,HRV,3875325.0,,2.461,0.01,1.0,0.009,15.29,26615.488,47.036,27.778,Europe,,0.007,0.007,,-0.6050034229553363,0
Cuba,2000,CUB,11109112.0,44692111238.0,0.0,0.0,0.94,,15.03,9865.099,,,North America,4023.0138320686656,,,,,0
Cuba,2001,CUB,11144134.0,47301967982.0,0.0,0.0,0.93,,15.3,9057.511,,,North America,4244.5620253668885,0.0,,4023.0138320686656,,0
Cuba,2002,CUB,11177422.0,48976944311.0,0.0,0.0,0.94,,15.69,9133.567,,,North America,4381.774644546837,0.0,,4244.5620253668885,,0
Cuba,2003,CUB,11209379.0,50659542457.0,0.0,0.0,0.72,,15.81,9241.056,,,North America,4519.388849016525,0.0,,4381.774644546837,,0
Cuba,2004,CUB,11238756.0,51357046933.0,0.0,0.0,0.79,,15.64,9339.649,,,North America,4569.638039387989,0.0,,4519.388849016525,,0
Cuba,2005,CUB,11262553.0,53114045326.0,0.0,0.0,0.42,,15.35,9173.879,,,North America,4715.986271141188,0.0,,4569.638039387989,,0
Cuba,2006,CUB,11278550.0,61018245782.0,0.0,0.0,0.41,,16.47,8924.525,,,North America,5410.114401407983,0.0,,4715.986271141188,,0
Cuba,2007,CUB,11287274.0,63463487934.0,0.0,0.0,0.41,,17.61,9002.153,,,North America,5622.569978721169,0.0,,5410.114401407983,,0
Cuba,2008,CUB,11291764.0,67603097135.0,0.0,0.0,0.55,,17.68,10292.886,,,North America,5986.938545208703,0.0,,5622.569978721169,,0
Cuba,2009,CUB,11294719.0,70355905283.0,0.0,0.0,0.54,,17.73,10366.752,,,North America,6229.097446603143,0.0,,5986.938545208703,,0
Cuba,2010,CUB,11297414.0,74083580619.0,0.0,0.0,0.46,,17.4,11787.549,,,North America,6557.569778269611,0.0,,6229.097446603143,,0
Cuba,2011,CUB,11301578.0,78036992000.0,0.0,0.0,0.45,,17.75,10581.127,,,North America,6904.964244816078,0.0,,6557.569778269611,,0
Cuba,2012,CUB,11303172.0,80388156000.0,0.0,0.0,0.55,,18.43,11512.604,,,North America,7111.999711231502,0.0,,6904.964244816078,,0
Cuba,2013,CUB,11298163.0,83013750000.0,0.0,0.0,0.68,,19.25,11051.086,,,North America,7347.5440210944025,0.0,,7111.999711231502,,0
Cuba,2014,CUB,11285780.0,85723464000.0,0.0,0.0,0.64,,19.43,11269.271,,,North America,7595.705746523501,0.0,,7347.5440210944025,,0
Cuba,2015,CUB,11275069.0,88467246000.0,0.0,0.0,0.7,,20.39,11314.926,,,North America,7846.270918608126,0.0,,7595.705746523501,,0
Cuba,2016,CUB,11265615.0,88635596816.0,0.0,0.0,0.69,,20.55,8825.617,,,North America,7867.799211671977,0.0,,7846.270918608126,,0
Cuba,2017,CUB,11247824.0,90020495157.0,0.0,0.0,0.62,,20.57,9404.827,,,North America,8003.369821309438,0.0,,7867.799211671977,,0
Cuba,2018,CUB,11227116.0,91854653880.0,0.0,0.0,0.44,,20.8,9396.204,,,North America,8181.50038531712,0.0,,8003.369821309438,,0
Cuba,2019,CUB,11202847.0,91703236400.0,0.0,0.0,0.52,,20.7,8404.184,,,North America,8185.708186499378,0.0,,8181.50038531712,,0
Cuba,2020,CUB,11176349.0,81663255167.0,0.0,0.0,0.55,,19.03,7528.675,,,North America,7306.791794619156,0.0,,8185.708186499378,,0
Cuba,2021,CUB,11122169.0,82687389665.0,0.0,0.0,0.43,,17.83,6848.439,,,North America,7434.46621472844,0.0,,7306.791794619156,,0
Cuba,2022,CUB,11059822.0,84154971449.0,0.0,0.0,0.28,,15.65,7764.905,,,North America,7609.071054579359,0.0,,7434.46621472844,,0
Cuba,2023,CUB,11019932.0,,0.0,0.0,0.33,,19.74,7640.304,,,North America,,0.0,,7609.071054579359,,0
Cuba,2024,CUB,10979781.0,,0.0,0.0,0.35,,19.43,,,,North America,,0.0,,,,0
Curacao,2012,CUW,160904.0,,0.0,0.0,,,,,,,North America,,,,,,0
Curacao,2013,CUW,163122.0,,0.0,0.0,,,,,,,North America,,0.0,,,,0
Curacao,2014,CUW,165041.0,,0.0,0.0,,,,,,,North America,,0.0,,,,0
Curacao,2015,CUW,166621.0,,0.0,0.0,,,,,,,North America,,0.0,,,,0
Curacao,2016,CUW,167787.0,,0.0,0.0,,,,,,,North America,,0.0,,,,0
Curacao,2017,CUW,168525.0,,0.0,0.0,,,,,,,North America,,0.0,,,,0
Curacao,2018,CUW,181590.0,,0.0,0.0,,,,,,,North America,,0.0,,,,0
Curacao,2019,CUW,189555.0,,0.0,0.0,,,,,,,North America,,0.0,,,,0
Curacao,2020,CUW,185029.0,,0.0,0.0,,,,,,,North America,,0.0,,,,0
Curacao,2021,CUW,185324.0,,0.0,0.0,,,,,,,North America,,0.0,,,,0
Curacao,2022,CUW,185350.0,,0.0,0.0,,,,,,,North America,,0.0,,,,0
Curacao,2023,CUW,185437.0,,0.0,0.0,,,,,,,North America,,0.0,,,,0
Curacao,2024,CUW,185482.0,,0.0,0.0,,,,,,,North America,,0.0,,,,0
Cyprus,2000,CYP,947667.0,18447964503.0,0.0,0.0,0.0,0.0,3.37,31932.213,29.842,0.0,Asia,19466.716159790307,,,,,0
Cyprus,2001,CYP,964129.0,19289559263.0,0.0,0.0,0.0,0.0,3.55,31748.504,29.993,0.0,Asia,20007.238930682513,0.0,0.0,19466.716159790307,,0
Cyprus,2002,CYP,981443.0,20131146271.0,0.0,0.0,0.0,0.0,3.79,30756.688,29.674,0.0,Asia,20511.783436226047,0.0,0.0,20007.238930682513,,0
Cyprus,2003,CYP,999600.0,20821863547.0,0.0,0.0,0.0,0.0,4.05,32101.143,31.577,0.0,Asia,20830.1956252501,0.0,0.0,20511.783436226047,,0
Cyprus,2004,CYP,1017875.0,21975893073.0,0.0,0.0,0.0,0.0,4.2,30679.959,30.714,0.007,Asia,21589.972317818985,0.0,0.0,20830.1956252501,,0
Cyprus,2005,CYP,1036156.0,23006188640.0,0.0,0.0,0.0,0.0,4.38,33771.734,34.478,0.007,Asia,22203.402422029114,0.0,0.0,21589.972317818985,,0
Cyprus,2006,CYP,1054424.0,24267407225.0,0.0,0.0,0.0,0.0,4.65,32635.766,34.057,0.012,Asia,23014.847181968544,0.0,0.0,22203.402422029114,,0
Cyprus,2007,CYP,1072727.0,25673703212.0,9.565,0.01,0.0,0.029,4.87,32614.639,34.647,0.058,Asia,23933.11924842015,0.0,0.0,23014.847181968544,,0
Cyprus,2008,CYP,1091029.0,26913613219.0,150.727,0.164,0.01,0.459,5.07,32863.738,35.382,0.588,Asia,24668.100682016702,0.01,0.029,23933.11924842015,,0
Cyprus,2009,CYP,1109377.0,26682210733.0,157.492,0.175,0.03,0.499,5.21,31552.451,34.592,0.773,Asia,24051.526877698023,0.164,0.459,24668.100682016702,,0
Cyprus,2010,CYP,1127826.0,27285556934.0,145.807,0.164,0.04,0.483,5.33,30196.178,33.504,1.095,Asia,24193.05543053627,0.175,0.499,24051.526877698023,,0
Cyprus,2011,CYP,1146493.0,27627899267.0,161.362,0.185,0.05,0.549,4.92,29415.918,32.946,2.0,Asia,24097.747885944354,0.164,0.483,24193.05543053627,,0
Cyprus,2012,CYP,1165403.0,26675451028.0,158.743,0.185,0.05,0.586,4.72,27119.346,30.69,2.771,Asia,22889.46487009215,0.185,0.549,24097.747885944354,0.7923975667953591,0
Cyprus,2013,CYP,1183899.0,24918237857.0,147.582,0.175,0.05,0.619,4.29,23885.867,27.187,3.68,Asia,21047.604446832036,0.185,0.586,22889.46487009215,0.024390579771131238,0
Cyprus,2014,CYP,1201806.0,24475580582.0,94.071,0.113,0.05,0.4,4.34,23543.232,27.27,3.369,Asia,20365.666823097905,0.175,0.619,21047.604446832036,0.0,0
Cyprus,2015,CYP,1219504.0,25312505108.0,92.706,0.113,0.05,0.388,4.54,23931.43,27.931,3.967,Asia,20756.39367152547,0.113,0.4,20365.666823097905,-0.07178855489607217,0
Cyprus,2016,CYP,1237114.0,26976335005.0,83.079,0.103,0.05,0.325,4.89,25654.014,30.465,3.794,Asia,21805.86025620921,0.113,0.388,20756.39367152547,-0.09388912448676723,0
Cyprus,2017,CYP,1254274.0,28523085691.0,79.484,0.1,0.05,0.306,5.0,25987.689,31.276,3.751,Asia,22740.713505183077,0.103,0.325,21805.86025620921,-0.11052632480191027,0
Cyprus,2018,CYP,1270743.0,30134014224.0,81.851,0.104,0.06,0.321,5.06,25545.797,30.945,3.984,Asia,23713.696808874807,0.1,0.306,22740.713505183077,-0.10588703934201882,0
Cyprus,2019,CYP,1286669.0,31800247242.0,97.069,0.125,0.06,0.385,5.15,25253.969,30.785,4.432,Asia,24715.173243468213,0.104,0.321,23713.696808874807,-0.016462373285868526,0
Cyprus,2020,CYP,1302250.0,30409793367.0,221.151,0.288,0.06,1.022,4.85,21717.27,26.23,6.388,Asia,23351.73228412363,0.125,0.385,24715.173243468213,0.020390282197969345,0
Cyprus,2021,CYP,1317311.0,32428676744.0,188.444,0.248,0.06,0.835,5.12,22653.711,27.052,7.388,Asia,24617.327832227926,0.288,1.022,23351.73228412363,0.2283186688504517,0
Cyprus,2022,CYP,1331376.0,34255009922.0,179.637,0.239,0.06,0.758,5.26,23790.744,28.741,7.765,Asia,25729.027654096215,0.248,0.835,24617.327832227926,0.1991964554448078,0
Cyprus,2023,CYP,1344981.0,,191.651,0.258,0.05,0.807,5.33,23877.699,28.668,9.266,Asia,,0.239,0.758,25729.027654096215,0.1810625867961766,0
Cyprus,2024,CYP,1358287.0,,213.23,0.29,0.06,0.874,5.79,24551.195,29.394,10.795,Asia,,0.258,0.807,,0.15595769033465823,0
Czechia,2000,CZE,10236809.0,174309526192.0,67.942,0.696,0.52,0.147,72.9,46352.703,94.429,1.525,Europe,17027.720864187268,,,,,0
Czechia,2001,CZE,10231942.0,181753179328.0,51.324,0.525,0.52,0.108,74.22,47427.164,99.92,1.618,Europe,17763.3121188529,0.696,0.147,17027.720864187268,,0
Czechia,2002,CZE,10239474.0,187044887124.0,71.499,0.732,0.5,0.151,76.0,47537.262,96.751,1.884,Europe,18267.04058470191,0.525,0.108,17763.3121188529,,0
Czechia,2003,CZE,10248907.0,196328003846.0,68.68,0.704,0.49,0.137,82.79,50205.371,103.531,1.173,Europe,19155.994277828846,0.732,0.151,18267.04058470191,,0
Czechia,2004,CZE,10261453.0,208725903761.0,35.047,0.36,0.71,0.068,83.79,51437.602,114.085,1.538,Europe,20340.774718843422,0.704,0.137,19155.994277828846,,0
Czechia,2005,CZE,10280155.0,225302570264.0,2.999,0.031,0.73,0.006,81.93,50547.094,119.157,1.695,Europe,21916.261988656785,0.36,0.068,20340.774718843422,-0.12352677767919173,0
Czechia,2006,CZE,10304592.0,243991794814.0,20.377,0.21,0.92,0.04,83.66,51380.527,117.51,1.902,Europe,23677.967532727158,0.031,0.006,21916.261988656785,-0.43214104605744097,0
Czechia,2007,CZE,10337539.0,260673045889.0,20.879,0.216,1.2,0.041,87.77,50660.535,116.692,1.887,Europe,25216.16081825665,0.21,0.04,23677.967532727158,-0.22099249315944924,0
Czechia,2008,CZE,10378298.0,271709547503.0,122.912,1.276,1.45,0.249,83.28,49489.691,117.232,2.311,Europe,26180.549787932472,0.216,0.041,25216.16081825665,-0.2104562165963746,0
Czechia,2009,CZE,10420985.0,261919697582.0,217.877,2.27,1.85,0.463,81.64,47290.25,113.179,3.141,Europe,25133.871470115348,1.276,0.249,26180.549787932472,0.287981528678126,0
Czechia,2010,CZE,10464035.0,271231988282.0,259.487,2.715,2.16,0.531,85.22,49087.086,106.873,3.759,Europe,25920.401478206066,2.27,0.463,25133.871470115348,1.360113193413357,0
Czechia,2011,CZE,10495508.0,279082754736.0,332.052,3.485,2.7,0.698,86.64,47827.676,108.282,4.745,Europe,26590.685723454262,2.715,0.531,25920.401478206066,0.6684381350370401,0
Czechia,2012,CZE,10507339.0,276891945353.0,304.221,3.197,3.37,0.643,86.58,47532.332,106.936,5.199,Europe,26352.24249955198,3.485,0.698,26590.685723454262,0.7440133549322236,0
Czechia,2013,CZE,10511164.0,276764861619.0,306.167,3.218,4.06,0.66,85.91,46638.129,102.039,6.019,Europe,26330.56259221148,3.197,0.643,26352.24249955198,0.20165111114694945,0
Czechia,2014,CZE,10517223.0,283025537919.0,349.733,3.678,4.66,0.771,84.98,45633.422,107.977,6.231,Europe,26910.671944390644,3.218,0.66,26330.56259221148,0.07228945845432255,0
Czechia,2015,CZE,10524418.0,298276052489.0,327.134,3.443,4.79,0.735,82.49,44726.094,104.877,6.44,Europe,28341.33464567827,3.678,0.771,26910.671944390644,0.06259649292056402,0
Czechia,2016,CZE,10531946.0,305844147713.0,332.111,3.498,4.76,0.757,82.0,44091.977,98.473,6.502,Europe,29039.661588940922,3.443,0.735,28341.33464567827,-0.0024220341019195457,0
Czechia,2017,CZE,10541343.0,321652381589.0,345.771,3.645,4.97,0.747,85.76,46538.844,115.296,6.312,Europe,30513.41575632251,3.498,0.757,29039.661588940922,0.018158599625823557,0
Czechia,2018,CZE,10548934.0,332009886797.0,339.845,3.585,4.83,0.737,86.84,46357.695,116.114,6.179,Europe,31473.31159688742,3.645,0.747,30513.41575632251,0.025232343386818457,0
Czechia,2019,CZE,10554872.0,342069373423.0,374.477,3.953,5.03,0.832,85.72,45278.137,117.604,6.744,Europe,32408.67093632211,3.585,0.737,31473.31159688742,-0.005109034684963487,0
Czechia,2020,CZE,10550129.0,323245433506.0,410.016,4.326,5.21,0.983,80.1,41949.023,102.484,7.539,Europe,30639.002945461616,3.953,0.832,32408.67093632211,0.0280114653054373,0
Czechia,2021,CZE,10530683.0,334729441747.0,398.486,4.196,5.38,0.905,83.66,44290.191,112.964,7.275,Europe,31786.109385972402,4.326,0.983,30639.002945461616,0.04340602938856053,0
Czechia,2022,CZE,10673216.0,342966849621.0,347.011,3.704,5.41,0.83,83.73,42043.363,108.507,7.496,Europe,32133.41223685532,4.196,0.905,31786.109385972402,0.028555164977940528,0
Czechia,2023,CZE,10809722.0,,323.284,3.495,5.19,0.856,75.8,38043.734,107.824,8.386,Europe,,3.704,0.83,32133.41223685532,0.00655234182561748,0
Czechia,2024,CZE,10735857.0,,361.302,3.879,5.38,0.994,72.81,36589.773,112.905,9.746,Europe,,3.495,0.856,,-0.024327480064496587,0
Democratic Republic of Congo,2000,COD,50507445.0,21854113779.0,0.0,0.0,0.0,,5.94,187.429,,,Africa,432.6909385141141,,,,,0
Democratic Republic of Congo,2001,COD,52132646.0,21977293171.0,0.0,0.0,0.0,,5.92,172.268,,,Africa,421.5648898964384,0.0,,432.6909385141141,,0
Democratic Republic of Congo,2002,COD,53750529.0,23244764997.0,0.0,0.0,0.0,,6.06,178.125,,,Africa,432.4564879538209,0.0,,421.5648898964384,,0
Democratic Republic of Congo,2003,COD,55343873.0,25228484809.0,0.0,0.0,0.0,,6.11,188.633,,,Africa,455.849644078939,0.0,,432.4564879538209,,0
Democratic Republic of Congo,2004,COD,56997740.0,27653538438.0,0.0,0.0,0.0,,7.02,208.237,,,Africa,485.16903368449346,0.0,,455.849644078939,,0
Democratic Republic of Congo,2005,COD,58775726.0,30164653557.0,0.0,0.0,0.0,,7.33,229.068,,,Africa,513.2161797031653,0.0,,485.16903368449346,,0
Democratic Republic of Congo,2006,COD,60615909.0,32708306949.0,0.0,0.0,0.0,,7.5,246.067,,,Africa,539.5993805685566,0.0,,513.2161797031653,,0
Democratic Republic of Congo,2007,COD,62477753.0,35814302298.0,0.0,0.0,0.0,,7.83,245.084,,,Africa,573.2328801581581,0.0,,539.5993805685566,,0
Democratic Republic of Congo,2008,COD,64390658.0,39245769597.0,0.0,0.0,0.0,,7.51,223.665,,,Africa,609.4947748010278,0.0,,573.2328801581581,,0
Democratic Republic of Congo,2009,COD,66412038.0,41718890407.0,0.0,0.0,0.0,,7.81,201.906,,,Africa,628.1826557859887,0.0,,609.4947748010278,,0
Democratic Republic of Congo,2010,COD,68563038.0,46223524668.0,0.0,0.0,0.0,,7.83,238.127,,,Africa,674.1755618821908,0.0,,628.1826557859887,,0
Democratic Republic of Congo,2011,COD,70849311.0,51169100367.0,0.0,0.0,0.0,,7.82,267.556,,,Africa,722.2243892675258,0.0,,674.1755618821908,,0
Democratic Republic of Congo,2012,COD,73254623.0,55604951736.0,0.0,0.0,0.0,,7.52,268.875,,,Africa,759.0640625643517,0.0,,722.2243892675258,,0
Democratic Republic of Congo,2013,COD,75789397.0,60956372609.0,0.0,0.0,0.0,,8.16,334.18,,,Africa,804.2862857056377,0.0,,759.0640625643517,,0
Democratic Republic of Congo,2014,COD,78403248.0,65407411596.0,0.0,0.0,0.0,,8.74,410.672,,,Africa,834.2436476101092,0.0,,804.2862857056377,,0
Democratic Republic of Congo,2015,COD,81035532.0,69567321729.0,0.0,0.0,0.0,,8.84,285.715,,,Africa,858.479237589259,0.0,,834.2436476101092,,0
Democratic Republic of Congo,2016,COD,83956416.0,69841412960.0,0.0,0.0,0.0,,9.02,236.785,,,Africa,831.8770177135717,0.0,,858.479237589259,,0
Democratic Republic of Congo,2017,COD,87083400.0,72396212035.0,0.0,0.0,0.01,,9.42,243.267,,,Africa,831.343425210775,0.0,,831.8770177135717,,0
Democratic Republic of Congo,2018,COD,90047647.0,75889338637.0,0.0,0.0,0.01,,10.46,289.71,,,Africa,842.7687026291759,0.0,,831.343425210775,,0
Democratic Republic of Congo,2019,COD,92947450.0,79292965259.0,0.0,0.0,0.01,,11.79,307.072,,,Africa,853.0945739662573,0.0,,842.7687026291759,,0
Democratic Republic of Congo,2020,COD,95990000.0,80617953765.0,0.0,0.0,0.01,,12.49,303.349,,,Africa,839.8578369100948,0.0,,853.0945739662573,,0
Democratic Republic of Congo,2021,COD,99148930.0,85639643645.0,0.0,0.0,0.01,,14.19,311.07,,,Africa,863.7475325754903,0.0,,839.8578369100948,,0
Democratic Republic of Congo,2022,COD,102396974.0,91314988450.0,0.0,0.0,0.01,,15.31,363.371,,,Africa,891.7742867089022,0.0,,863.7475325754903,,0
Democratic Republic of Congo,2023,COD,105789733.0,,0.0,0.0,0.01,,15.63,382.476,,,Africa,,0.0,,891.7742867089022,,0
Democratic Republic of Congo,2024,COD,109276264.0,,0.0,0.0,0.01,,15.92,,,,Africa,,0.0,,,,0
Denmark,2000,DNK,5339659.0,208333676429.0,0.0,0.0,1.3,0.0,35.85,44294.852,122.535,6.759,Europe,39016.28857367109,,,,,0
Denmark,2001,DNK,5358825.0,211243390442.0,0.0,0.0,1.51,0.0,37.54,44266.516,117.526,7.065,Europe,39419.72175654178,0.0,0.0,39016.28857367109,,0
Denmark,2002,DNK,5375967.0,213517288371.0,0.0,0.0,1.88,0.0,39.1,44039.605,113.734,8.197,Europe,39717.00130804374,0.0,0.0,39419.72175654178,,0
Denmark,2003,DNK,5390621.0,215549132167.0,0.0,0.0,2.49,0.0,45.97,47347.523,109.988,9.054,Europe,39985.95563794969,0.0,0.0,39717.00130804374,,0
Denmark,2004,DNK,5404594.0,222528951750.0,0.0,0.0,2.91,0.0,40.24,44712.285,108.044,11.24,Europe,41174.0367084003,0.0,0.0,39985.95563794969,,0
Denmark,2005,DNK,5419550.0,229074701412.0,0.0,0.0,3.17,0.0,36.08,43106.32,109.417,11.955,Europe,42268.2144111596,0.0,0.0,41174.0367084003,,0
Denmark,2006,DNK,5437425.0,239411013967.0,8.282,0.045,3.07,0.018,45.44,46985.727,110.466,10.242,Europe,44030.21907741256,0.0,0.0,42268.2144111596,,0
Denmark,2007,DNK,5461604.0,242913735233.0,12.315,0.067,3.1,0.028,39.14,44565.855,111.332,11.953,Europe,44476.62906959201,0.045,0.018,44030.21907741256,,0
Denmark,2008,DNK,5493762.0,243090598807.0,12.794,0.07,3.14,0.03,36.48,42752.508,109.854,12.095,Europe,44248.47650972139,0.067,0.028,44476.62906959201,,0
Denmark,2009,DNK,5523169.0,232507363099.0,20.088,0.111,3.32,0.051,36.25,39978.305,98.637,12.844,Europe,42096.7316225522,0.07,0.03,44248.47650972139,,0
Denmark,2010,DNK,5547865.0,238190225279.0,57.987,0.322,4.59,0.137,38.75,42534.68,101.928,14.973,Europe,42933.673634632425,0.111,0.051,42096.7316225522,,0
Denmark,2011,DNK,5570848.0,242757622888.0,269.094,1.499,4.37,0.684,35.11,39666.25,97.149,18.525,Europe,43576.42191781216,0.322,0.137,42933.673634632425,0.4822746167446246,0
Denmark,2012,DNK,5591911.0,243307499552.0,442.636,2.475,4.45,1.218,30.57,36703.641,89.822,21.232,Europe,43510.617309896385,1.499,0.684,43576.42191781216,0.8618529020151096,0
Denmark,2013,DNK,5615333.0,245578374484.0,444.074,2.494,4.31,1.191,34.61,37700.766,87.708,21.856,Europe,43733.537171170436,2.475,1.218,43510.617309896385,1.040306591655031,0
Denmark,2014,DNK,5643795.0,249555233739.0,459.514,2.593,4.29,1.29,32.04,36068.551,87.4,25.305,Europe,44217.6290490707,2.494,1.191,43733.537171170436,0.8634369123655272,0
Denmark,2015,DNK,5683698.0,255401297489.0,452.262,2.571,4.18,1.309,28.78,35007.945,88.928,27.025,Europe,44935.76145125937,2.593,1.29,44217.6290490707,0.5177118639300178,0
Denmark,2016,DNK,5728196.0,263691544304.0,451.985,2.589,4.85,1.301,30.4,35194.582,89.056,26.005,Europe,46033.959784895625,2.571,1.309,44935.76145125937,0.11393561302569943,0
Denmark,2017,DNK,5765164.0,271132202845.0,454.436,2.62,6.25,1.31,30.9,35208.766,88.507,30.501,Europe,47029.39983060326,2.589,1.301,46033.959784895625,0.009046939346272875,0
Denmark,2018,DNK,5793824.0,276526484620.0,447.166,2.591,5.89,1.313,30.21,34539.766,89.401,29.38,Europe,47727.80198708142,2.62,1.31,47029.39983060326,0.00990603725342476,0
Denmark,2019,DNK,5814618.0,280656364923.0,604.058,3.512,5.94,1.644,29.37,37285.684,109.607,30.183,Europe,48267.37799852028,2.591,1.313,47727.80198708142,-0.0001543090884386089,0
Denmark,2020,DNK,5831529.0,275058379473.0,644.808,3.76,5.92,1.989,28.58,32952.969,91.014,34.672,Europe,47167.454620049044,3.512,1.644,48267.37799852028,0.0643647576357198,0
Denmark,2021,DNK,5856774.0,288414406840.0,536.226,3.141,8.72,1.665,32.92,32756.869,79.202,38.81,Europe,49244.58530242075,3.76,1.989,47167.454620049044,0.07748481633332682,0
Denmark,2022,DNK,5902901.0,299429011832.0,476.765,2.814,7.02,1.477,35.16,32903.926,83.585,40.792,Europe,50725.73838388955,3.141,1.665,49244.58530242075,0.036939286785111936,0
Denmark,2023,DNK,5948134.0,,435.013,2.588,6.21,1.354,33.89,32816.66,88.93,40.938,Europe,,2.814,1.477,50725.73838388955,0.016649698104028943,0
Denmark,2024,DNK,5977417.0,,401.942,2.403,7.06,1.25,35.06,32832.465,90.351,41.722,Europe,,2.588,1.354,,-0.05923326420803454,0
Ecuador,2000,ECU,12689215.0,85978888021.0,0.0,0.0,0.0,0.0,10.53,8206.088,78.338,20.573,South America,6775.745230969765,,,,,0
Ecuador,2001,ECU,12910736.0,90060703680.0,0.0,0.0,0.0,0.0,10.98,8170.174,81.364,18.737,South America,6975.644431115314,0.0,0.0,6775.745230969765,,0
Ecuador,2002,ECU,13138473.0,94404507340.0,0.0,0.0,0.0,0.0,11.81,7924.009,80.801,20.06,South America,7185.34850587279,0.0,0.0,6975.644431115314,,0
Ecuador,2003,ECU,13372304.0,97642542688.0,0.0,0.0,0.0,0.0,11.48,7972.256,82.591,18.572,South America,7301.848857758543,0.0,0.0,7185.34850587279,,0
Ecuador,2004,ECU,13608700.0,106393261231.0,0.0,0.0,0.0,0.0,12.8,8381.104,87.288,17.818,South America,7818.032672555057,0.0,0.0,7301.848857758543,,0
Ecuador,2005,ECU,13846162.0,112798230080.0,0.0,0.0,0.02,0.0,12.64,8719.008,95.141,15.75,South America,8146.534041707731,0.0,0.0,7818.032672555057,,0
Ecuador,2006,ECU,14086138.0,118581678982.0,0.0,0.0,0.02,0.0,14.08,9064.634,100.837,15.435,South America,8418.324382595145,0.0,0.0,8146.534041707731,,0
Ecuador,2007,ECU,14328783.0,122016284055.0,0.0,0.0,0.02,0.0,17.25,9369.433,102.503,18.628,South America,8515.467367675259,0.0,0.0,8418.324382595145,,0
Ecuador,2008,ECU,14575201.0,130654762337.0,0.0,0.0,0.02,0.0,18.49,9830.746,105.6,21.549,South America,8964.182541084681,0.0,0.0,8515.467367675259,,0
Ecuador,2009,ECU,14825960.0,132310294703.0,0.0,0.0,0.02,0.0,18.16,9429.752,107.393,18.011,South America,8924.23119332576,0.0,0.0,8964.182541084681,,0
Ecuador,2010,ECU,15076697.0,137913290159.0,1.987,0.03,0.02,0.019,19.42,10293.648,124.127,15.137,South America,9147.447226604076,0.0,0.0,8924.23119332576,,0
Ecuador,2011,ECU,15326232.0,149795272280.0,1.478,0.023,0.01,0.014,20.43,10742.646,127.295,18.275,South America,9773.783424392897,0.03,0.019,9147.447226604076,,0
Ecuador,2012,ECU,15572195.0,158246726051.0,1.991,0.031,0.02,0.018,22.73,11169.487,131.774,18.909,South America,10162.13360101129,0.023,0.014,9773.783424392897,,0
Ecuador,2013,ECU,15807132.0,166075183974.0,1.958,0.031,0.04,0.017,23.16,11356.213,139.626,16.519,South America,10506.345108904006,0.031,0.018,10162.13360101129,,0
Ecuador,2014,ECU,16035127.0,172367775440.0,3.387,0.054,0.06,0.029,24.19,11759.381,147.068,16.451,South America,10749.386359085276,0.031,0.017,10506.345108904006,,0
Ecuador,2015,ECU,16266229.0,172538423301.0,5.72,0.093,0.09,0.05,25.83,11560.524,142.66,18.756,South America,10607.155678246016,0.054,0.029,10749.386359085276,0.12474611314209483,0
Ecuador,2016,ECU,16505142.0,170423090933.0,7.995,0.132,0.49,0.071,27.16,11354.271,134.041,22.601,South America,10325.454390698365,0.093,0.05,10607.155678246016,0.32236401523521074,0
Ecuador,2017,ECU,16759515.0,174458721084.0,13.944,0.234,0.46,0.122,27.83,11641.728,130.874,27.196,South America,10409.532798771324,0.132,0.071,10325.454390698365,0.3361107169111459,0
Ecuador,2018,ECU,17049542.0,176707497535.0,12.06,0.206,0.43,0.101,29.23,12104.737,141.7,26.236,South America,10364.354510813253,0.234,0.122,10409.532798771324,0.4982035876582367,0
Ecuador,2019,ECU,17340017.0,176728682555.0,15.497,0.269,0.45,0.13,32.45,12187.595,137.313,30.382,South America,10191.955553157763,0.206,0.101,10364.354510813253,0.3070574959370984,0
Ecuador,2020,ECU,17546058.0,162965075602.0,7.757,0.136,0.47,0.076,31.29,10421.851,110.832,34.624,South America,9287.845486547463,0.269,0.13,10191.955553157763,0.23667011615340106,0
Ecuador,2021,ECU,17682454.0,169866634253.0,12.49,0.221,0.41,0.106,32.12,12023.042,137.084,31.038,South America,9606.507911910869,0.136,0.076,9287.845486547463,0.005988452144382483,0
Ecuador,2022,ECU,17823900.0,175028884708.0,14.473,0.258,0.39,0.118,33.06,12495.487,150.563,28.426,South America,9819.89826626047,0.221,0.106,9606.507911910869,-0.011366589361043511,0
Ecuador,2023,ECU,17980079.0,,15.247,0.274,0.39,0.12,35.82,12916.207,159.136,27.974,South America,,0.258,0.118,9819.89826626047,0.046045311173903425,0
Ecuador,2024,ECU,18135478.0,,15.394,0.279,0.39,0.123,32.66,12722.083,163.27,25.358,South America,,0.274,0.12,,0.0036901372101096896,0
Egypt,2000,EGY,73083287.0,444250275939.0,0.0,0.0,0.0,0.0,73.32,7779.254,323.759,6.998,Africa,6078.684938445639,,,,,0
Egypt,2001,EGY,74652035.0,475679003242.0,0.0,0.0,0.0,0.0,80.71,7947.725,305.734,6.824,Africa,6371.9495823791,0.0,0.0,6078.684938445639,,0
Egypt,2002,EGY,76239140.0,501912285229.0,0.0,0.0,0.0,0.0,86.23,8004.338,304.168,6.405,Africa,6583.393847687684,0.0,0.0,6371.9495823791,,0
Egypt,2003,EGY,77853548.0,528750466385.0,0.0,0.0,0.0,0.0,92.19,8297.523,311.878,5.599,Africa,6791.603979114735,0.0,0.0,6583.393847687684,,0
Egypt,2004,EGY,79477441.0,561597926809.0,0.0,0.0,0.0,0.0,98.25,8581.729,328.398,5.317,Africa,7066.129957669372,0.0,0.0,6791.603979114735,,0
Egypt,2005,EGY,81101012.0,600297394092.0,0.0,0.0,0.0,0.0,104.94,8624.019,347.704,5.073,Africa,7401.848377576349,0.0,0.0,7066.129957669372,,0
Egypt,2006,EGY,82700404.0,650403845291.0,0.0,0.0,0.0,0.0,111.66,8907.385,337.331,4.876,Africa,7864.578815007965,0.0,0.0,7401.848377576349,,0
Egypt,2007,EGY,84276224.0,713462332878.0,0.0,0.0,0.0,0.0,119.86,9309.617,364.287,5.061,Africa,8465.760555171528,0.0,0.0,7864.578815007965,,0
Egypt,2008,EGY,85864791.0,775303694329.0,0.0,0.0,0.0,0.0,128.8,9687.769,385.617,5.101,Africa,9029.35516757969,0.0,0.0,8465.760555171528,,0
Egypt,2009,EGY,87501635.0,831415021492.0,0.0,0.0,0.0,0.0,134.27,9847.488,403.661,4.525,Africa,9501.708413699927,0.0,0.0,9029.35516757969,,0
Egypt,2010,EGY,89196073.0,898751418203.0,0.0,0.0,0.0,0.0,144.43,10035.327,415.594,4.198,Africa,10076.132143205452,0.0,0.0,9501.708413699927,,0
Egypt,2011,EGY,91093066.0,923052843843.0,0.0,0.0,0.0,0.0,149.56,10336.393,418.222,4.063,Africa,10133.074715511277,0.0,0.0,10076.132143205452,,0
Egypt,2012,EGY,93161000.0,950287307199.0,0.0,0.0,0.0,0.0,162.84,10518.4,428.225,3.92,Africa,10200.484185431673,0.0,0.0,10133.074715511277,,0
Egypt,2013,EGY,95333551.0,984556585202.0,0.0,0.0,0.0,0.0,165.08,10209.089,433.327,3.909,Africa,10327.493048087552,0.0,0.0,10200.484185431673,,0
Egypt,2014,EGY,97528655.0,1035721838706.0,0.0,0.0,0.0,0.0,171.24,9863.477,455.288,3.913,Africa,10619.666996391983,0.0,0.0,10327.493048087552,,0
Egypt,2015,EGY,99597334.0,1079611566322.0,0.0,0.0,0.0,0.0,181.83,9800.544,464.537,4.062,Africa,10839.763706144986,0.0,0.0,10619.666996391983,,0
Egypt,2016,EGY,101644583.0,1121578599865.0,0.0,0.0,0.0,0.0,188.19,10135.914,480.178,3.87,Africa,11034.31748905891,0.0,0.0,10839.763706144986,,0
Egypt,2017,EGY,103696055.0,1158060486104.0,0.0,0.0,0.0,0.0,193.21,10325.806,456.216,3.627,Africa,11167.835517985714,0.0,0.0,11034.31748905891,,0
Egypt,2018,EGY,105682092.0,1220661740193.0,0.0,0.0,0.0,0.0,199.39,10137.438,406.445,3.832,Africa,11550.317722637436,0.0,0.0,11167.835517985714,,0
Egypt,2019,EGY,107553159.0,1289253465646.0,0.0,0.0,0.0,0.0,200.57,9749.406,383.614,4.638,Africa,11987.127831791533,0.0,0.0,11550.317722637436,,0
Egypt,2020,EGY,109315118.0,1307778142529.0,0.0,0.0,0.0,0.0,198.6,9028.072,332.68,5.968,Africa,11963.378592602352,0.0,0.0,11987.127831791533,,0
Egypt,2021,EGY,110957005.0,1400985648780.0,0.0,0.0,0.0,0.0,209.66,9564.884,359.567,5.908,Africa,12626.383064142728,0.0,0.0,11963.378592602352,,0
Egypt,2022,EGY,112618252.0,1460427350416.0,0.0,0.0,0.0,0.0,216.72,9857.579,425.229,5.687,Africa,12967.94546603334,0.0,0.0,12626.383064142728,,0
Egypt,2023,EGY,114535772.0,,0.0,0.0,0.0,0.0,221.92,9566.154,414.18,5.804,Africa,,0.0,0.0,12967.94546603334,,0
Egypt,2024,EGY,116538256.0,,0.0,0.0,0.0,0.0,237.39,9660.864,440.123,5.778,Africa,,0.0,0.0,,,0
Equatorial Guinea,2000,GNQ,703287.0,6341192117.0,0.0,0.0,0.0,,0.05,4588.026,,,Africa,9016.506940978576,,,,,0
Equatorial Guinea,2001,GNQ,749836.0,10710877546.0,0.0,0.0,0.0,,0.06,2431.702,,,Africa,14284.293560191829,0.0,,9016.506940978576,,0
Equatorial Guinea,2002,GNQ,797968.0,12944267386.0,0.0,0.0,0.0,,0.07,35377.777,,,Africa,16221.536936318249,0.0,,14284.293560191829,,0
Equatorial Guinea,2003,GNQ,847867.0,14778140796.0,0.0,0.0,0.0,,0.07,36078.625,,,Africa,17429.78650661012,0.0,,16221.536936318249,,0
Equatorial Guinea,2004,GNQ,899924.0,18414357582.0,0.0,0.0,0.0,,0.09,6878.594,,,Africa,20462.125226130207,0.0,,17429.78650661012,,0
Equatorial Guinea,2005,GNQ,947370.0,20168023886.0,0.0,0.0,0.0,,0.1,23845.182,,,Africa,21288.434176720817,0.0,,20462.125226130207,,0
Equatorial Guinea,2006,GNQ,990349.0,21346957199.0,0.0,0.0,0.0,,0.11,27874.07,,,Africa,21554.984352990712,0.0,,21288.434176720817,,0
Equatorial Guinea,2007,GNQ,1036053.0,24766652343.0,0.0,0.0,0.0,,0.13,29474.863,,,Africa,23904.8121505367,0.0,,21554.984352990712,,0
Equatorial Guinea,2008,GNQ,1084538.0,29298389312.0,0.0,0.0,0.0,,0.2,27828.389,,,Africa,27014.6267922378,0.0,,23904.8121505367,,0
Equatorial Guinea,2009,GNQ,1135683.0,29853093503.0,0.0,0.0,0.0,,0.22,28164.0,,,Africa,26286.466824809388,0.0,,27014.6267922378,,0
Equatorial Guinea,2010,GNQ,1189097.0,27366671882.0,0.0,0.0,0.0,,0.22,25870.34,,,Africa,23014.66733327895,0.0,,26286.466824809388,,0
Equatorial Guinea,2011,GNQ,1241843.0,29285788000.0,0.0,0.0,0.0,,0.3,26635.107,,,Africa,23582.52049574705,0.0,,23014.66733327895,,0
Equatorial Guinea,2012,GNQ,1293485.0,31730930000.0,0.0,0.0,0.0,,0.54,24796.076,,,Africa,24531.3474837358,0.0,,23582.52049574705,,0
Equatorial Guinea,2013,GNQ,1346220.0,30419136000.0,0.0,0.0,0.0,,0.85,24355.91,,,Africa,22595.962027008958,0.0,,24531.3474837358,,0
Equatorial Guinea,2014,GNQ,1399829.0,30256854000.0,0.0,0.0,0.0,,1.09,21868.369,,,Africa,21614.67865003511,0.0,,22595.962027008958,,0
Equatorial Guinea,2015,GNQ,1453925.0,28026102000.0,0.0,0.0,0.0,,1.3,18663.375,,,Africa,19276.167615248378,0.0,,21614.67865003511,,0
Equatorial Guinea,2016,GNQ,1508192.0,25203837269.0,0.0,0.0,0.0,,1.4,17766.676,,,Africa,16711.292241969193,0.0,,19276.167615248378,,0
Equatorial Guinea,2017,GNQ,1562401.0,23511758900.0,0.0,0.0,0.0,,1.34,19361.629,,,Africa,15048.479167640062,0.0,,16711.292241969193,,0
Equatorial Guinea,2018,GNQ,1616425.0,21813514918.0,0.0,0.0,0.0,,1.35,12356.137,,,Africa,13494.913106392192,0.0,,15048.479167640062,,0
Equatorial Guinea,2019,GNQ,1670184.0,20617750095.0,0.0,0.0,0.0,,1.4,11941.993,,,Africa,12344.598017344197,0.0,,13494.913106392192,,0
Equatorial Guinea,2020,GNQ,1716479.0,19743252847.0,0.0,0.0,0.0,,1.41,13696.714,,,Africa,11502.18141148246,0.0,,12344.598017344197,,0
Equatorial Guinea,2021,GNQ,1758796.0,19556604569.0,0.0,0.0,0.0,,1.43,15327.771,,,Africa,11119.313762937827,0.0,,11502.18141148246,,0
Equatorial Guinea,2022,GNQ,1803549.0,20191378731.0,0.0,0.0,0.0,,1.51,15718.9,,,Africa,11195.359111950936,0.0,,11119.313762937827,,0
Equatorial Guinea,2023,GNQ,1847556.0,,0.0,0.0,0.0,,1.43,15974.835,,,Africa,,0.0,,11195.359111950936,,0
Equatorial Guinea,2024,GNQ,1892523.0,,0.0,0.0,0.0,,1.49,,,,Africa,,0.0,,,,0
Estonia,2000,EST,1397001.0,23525730943.0,0.0,0.0,0.01,0.0,8.51,39725.285,13.329,0.335,Europe,16840.167575399017,,,,,0
Estonia,2001,EST,1388174.0,24618992841.0,0.0,0.0,0.01,0.0,8.49,41670.422,15.417,0.154,Europe,17734.803303476365,0.0,0.0,16840.167575399017,,0
Estonia,2002,EST,1379438.0,25689833693.0,0.0,0.0,0.02,0.0,8.53,41761.258,17.263,0.18,Europe,18623.40583121532,0.0,0.0,17734.803303476365,,0
Estonia,2003,EST,1370849.0,27160243367.0,0.0,0.0,0.03,0.0,10.16,45822.414,16.203,0.211,Europe,19812.717058552764,0.0,0.0,18623.40583121532,,0
Estonia,2004,EST,1362682.0,28392969678.0,0.0,0.0,0.03,0.0,10.31,47044.355,16.444,0.278,Europe,20836.093584563383,0.0,0.0,19812.717058552764,,0
Estonia,2005,EST,1354847.0,30566893529.0,1.29,0.002,0.04,0.003,10.2,47580.188,16.752,0.477,Europe,22561.140504425963,0.0,0.0,20836.093584563383,,0
Estonia,2006,EST,1346885.0,33162229951.0,9.363,0.013,0.04,0.02,9.73,47279.691,17.505,0.583,Europe,24621.42644026773,0.002,0.003,22561.140504425963,,0
Estonia,2007,EST,1340709.0,35115520992.0,4.331,0.006,0.03,0.008,12.18,55004.875,18.684,0.568,Europe,26191.75450601137,0.013,0.02,24621.42644026773,,0
Estonia,2008,EST,1337078.0,32659893005.0,35.333,0.047,0.04,0.07,10.58,50749.477,17.79,0.871,Europe,24426.31843841571,0.006,0.008,26191.75450601137,,0
Estonia,2009,EST,1334528.0,27402480486.0,14.871,0.02,0.31,0.034,8.78,44005.977,15.987,2.722,Europe,20533.462382205544,0.047,0.07,24426.31843841571,,0
Estonia,2010,EST,1331450.0,27586968284.0,66.665,0.089,0.74,0.122,12.97,54937.555,16.48,4.38,Europe,20719.49249615081,0.02,0.034,20533.462382205544,0.5848931924611136,0
Estonia,2011,EST,1327366.0,29217295065.0,39.21,0.052,0.78,0.071,12.89,54968.051,16.067,4.847,Europe,22011.483694022598,0.089,0.122,20719.49249615081,0.4692284549929533,0
Estonia,2012,EST,1322615.0,30160490093.0,33.771,0.045,1.0,0.061,11.96,55562.555,19.049,6.0,Europe,22803.680657636574,0.052,0.071,22011.483694022598,0.5401762375890555,0
Estonia,2013,EST,1317920.0,30600421813.0,28.243,0.037,0.67,0.048,13.28,58776.996,18.806,4.703,Europe,23218.724818653634,0.045,0.061,22803.680657636574,-0.008659312688623744,0
Estonia,2014,EST,1314457.0,31521829560.0,45.308,0.06,0.76,0.08,12.45,56419.855,17.414,5.622,Europe,23980.875418518826,0.037,0.048,23218.724818653634,0.1309264089979596,0
Estonia,2015,EST,1314580.0,32106015454.0,22.652,0.03,0.82,0.044,10.15,52204.055,17.381,6.658,Europe,24423.021386298286,0.06,0.08,23980.875418518826,-0.07582918665869554,0
Estonia,2016,EST,1315850.0,33119083785.0,16.973,0.022,0.95,0.032,12.17,53777.426,16.955,6.508,Europe,25169.34588668921,0.03,0.044,24423.021386298286,-0.10417416670380442,0
Estonia,2017,EST,1317430.0,35037377711.0,21.816,0.029,1.1,0.037,13.16,59573.93,17.695,6.9,Europe,26595.248105022656,0.022,0.032,25169.34588668921,-0.13335340825699205,0
Estonia,2018,EST,1321972.0,36363239216.0,150.865,0.199,1.31,0.257,12.37,58911.23,17.475,7.798,Europe,27506.81498246559,0.029,0.037,26595.248105022656,-0.04755642876256638,0
Estonia,2019,EST,1326822.0,37723175050.0,226.776,0.301,1.36,0.481,7.61,47301.492,15.589,10.376,Europe,28431.225175645264,0.199,0.257,27506.81498246559,0.2709848247232025,0
Estonia,2020,EST,1329675.0,37515273353.0,317.071,0.422,1.85,0.722,6.08,44171.176,16.054,15.352,Europe,28213.866811814918,0.301,0.481,28431.225175645264,0.5859483819398354,0
Estonia,2021,EST,1331750.0,40521483538.0,362.288,0.482,1.77,0.789,7.19,46137.703,15.788,14.297,Europe,30427.245006945748,0.422,0.722,28213.866811814918,0.8054187731046922,0
Estonia,2022,EST,1350093.0,39999856613.0,205.133,0.277,1.57,0.44,8.94,46890.336,16.369,13.241,Europe,29627.48241269305,0.482,0.789,30427.245006945748,0.7544048047665679,0
Estonia,2023,EST,1367195.0,,159.917,0.219,1.38,0.391,5.74,41162.695,15.561,14.305,Europe,,0.277,0.44,29627.48241269305,0.06837898909376183,0
Estonia,2024,EST,1360548.0,,177.401,0.241,1.34,0.436,6.26,40986.305,15.271,17.946,Europe,,0.219,0.391,,-0.061626955475283185,0
Finland,2000,FIN,5176197.0,169209765102.0,0.0,0.0,8.64,0.0,69.97,69377.148,126.426,19.163,Europe,32689.977816145714,,,,,0
Finland,2001,FIN,5187970.0,173703951475.0,0.0,0.0,8.27,0.0,74.45,70720.078,124.036,17.238,Europe,33482.065523701945,0.0,0.0,32689.977816145714,,0
Finland,2002,FIN,5200548.0,176751491921.0,1.431,0.007,8.99,0.002,74.92,70909.469,126.924,15.842,Europe,33987.08980688189,0.0,0.0,33482.065523701945,,0
Finland,2003,FIN,5212958.0,180408462125.0,8.568,0.045,9.38,0.011,84.28,75758.852,131.0,14.248,Europe,34607.695309457704,0.007,0.002,33987.08980688189,,0
Finland,2004,FIN,5228147.0,187633923914.0,9.967,0.052,10.44,0.013,85.84,75218.609,122.123,18.999,Europe,35889.18290055731,0.045,0.011,34607.695309457704,,0
Finland,2005,FIN,5246078.0,192990732516.0,0.0,0.0,9.51,0.0,70.56,68155.234,126.678,19.045,Europe,36787.62163200776,0.052,0.013,35889.18290055731,,0
Finland,2006,FIN,5266248.0,200966858669.0,1.414,0.007,10.81,0.002,82.29,72824.57,122.85,17.117,Europe,38161.297885895234,0.0,0.0,36787.62163200776,,0
Finland,2007,FIN,5288715.0,211541390078.0,2.815,0.015,9.95,0.004,81.17,72265.656,123.9,18.351,Europe,39998.636734632135,0.007,0.002,38161.297885895234,0.0,0
Finland,2008,FIN,5313379.0,213226105706.0,161.385,0.858,10.4,0.236,77.35,69352.391,119.764,21.795,Europe,40130.03885211275,0.015,0.004,39998.636734632135,-0.1972584382397693,0
Finland,2009,FIN,5338854.0,195739132370.0,270.949,1.447,8.73,0.429,72.06,63925.277,112.831,18.615,Europe,36663.13639031897,0.858,0.236,40130.03885211275,0.7518494810508827,0
Finland,2010,FIN,5363347.0,201746033638.0,269.048,1.443,10.97,0.393,80.64,69227.406,117.168,19.122,Europe,37615.6966233958,1.447,0.429,36663.13639031897,,0
Finland,2011,FIN,5388236.0,207084301562.0,398.378,2.147,11.24,0.621,73.5,64942.016,114.588,20.478,Europe,38432.67101923524,1.443,0.393,37615.6966233958,1.902910579981452,0
Finland,2012,FIN,5413978.0,204190196792.0,391.969,2.122,11.2,0.632,70.41,62885.137,110.057,24.392,Europe,37715.37246586521,2.147,0.621,38432.67101923524,1.6986599078059412,0
Finland,2013,FIN,5439057.0,202349011206.0,433.153,2.356,12.01,0.698,71.26,62841.867,114.502,22.15,Europe,37202.958381572396,2.122,0.632,37715.37246586521,0.1985374765362269,0
Finland,2014,FIN,5461686.0,201610622550.0,923.677,5.045,11.76,1.551,68.1,60388.477,108.047,24.195,Europe,36913.62384252775,2.356,0.698,37202.958381572396,0.10240544846092159,0
Finland,2015,FIN,5479719.0,202706706722.0,920.181,5.042,11.42,1.557,68.61,60020.109,108.59,27.515,Europe,36992.17181063481,5.045,1.551,36913.62384252775,0.28445521955890407,0
Finland,2016,FIN,5495468.0,208405735062.0,333.194,1.831,11.52,0.557,68.75,60792.52,114.299,25.935,Europe,37923.20054670503,5.042,1.557,36992.17181063481,0.18618972939264866,0
Finland,2017,FIN,5508398.0,215058877437.0,732.74,4.036,11.86,1.253,67.52,59403.098,110.743,27.99,Europe,39042.00049397302,1.831,0.557,37923.20054670503,-0.029068496010981493,0
Finland,2018,FIN,5515730.0,217509947213.0,696.493,3.842,12.91,1.169,70.23,60525.258,110.148,27.99,Europe,39434.480515362426,4.036,1.253,39042.00049397302,0.1136665470966205,0
Finland,2019,FIN,5521754.0,220173891564.0,806.195,4.452,13.29,1.383,68.61,59218.777,109.326,28.591,Europe,39873.90448107612,3.842,1.169,39434.480515362426,-0.05302342100507973,0
Finland,2020,FIN,5529616.0,214988893865.0,745.893,4.124,11.57,1.338,69.24,56776.078,98.078,32.588,Europe,38879.53410598494,4.452,1.383,39873.90448107612,-0.02458268002376751,0
Finland,2021,FIN,5541069.0,221538476826.0,1310.802,7.263,13.58,2.308,72.11,57854.73,91.657,35.036,Europe,39981.179953904204,4.124,1.338,38879.53410598494,0.17632157484343924,0
Finland,2022,FIN,5569300.0,226154847456.0,1107.826,6.17,12.76,1.963,72.17,57499.422,98.471,34.897,Europe,40607.409810209545,7.263,2.308,39981.179953904204,0.1246903719329231,0
Finland,2023,FIN,5601185.0,,1118.11,6.263,11.34,1.917,81.52,59655.676,89.035,35.888,Europe,,6.17,1.963,40607.409810209545,0.09937425045132842,0
Finland,2024,FIN,5617311.0,,1194.026,6.707,10.39,2.051,82.55,59564.754,86.686,38.894,Europe,,6.263,1.917,,0.07064489660466466,0
France,2000,FRA,59483716.0,2031676031476.0,61.368,3.65,2.48,0.118,532.56,52416.18,1143.182,6.409,Europe,34155.16326310212,,,,,1
France,2001,FRA,59905131.0,2077786711965.0,61.773,3.7,2.85,0.119,542.6,52467.066,1142.346,7.072,Europe,34684.6201198525,3.65,0.118,34155.16326310212,,1
France,2002,FRA,60327247.0,2107316572579.0,64.315,3.88,3.04,0.126,551.24,51700.012,1112.813,5.879,Europe,34931.42282091871,3.7,0.119,34684.6201198525,,1
France,2003,FRA,60741119.0,2130940712046.0,58.694,3.565,3.23,0.114,559.13,51909.512,1116.965,5.675,Europe,35082.34203005052,3.88,0.126,34931.42282091871,,1
France,2004,FRA,61175244.0,2196883540402.0,63.558,3.888,3.31,0.124,566.3,51983.934,1126.701,5.684,Europe,35911.31635538716,3.565,0.114,35082.34203005052,,1
France,2005,FRA,61625031.0,2238790479440.0,106.83,6.583,3.39,0.211,569.14,51181.785,1104.419,5.122,Europe,36329.23899770533,3.888,0.124,35911.31635538716,0.012713684145156279,1
France,2006,FRA,62049831.0,2297018080700.0,128.489,7.973,3.38,0.258,567.3,50426.094,1101.849,5.702,Europe,37018.92565509163,6.583,0.211,36329.23899770533,0.12213323718224633,1
France,2007,FRA,62432438.0,2354672057875.0,257.314,16.065,3.75,0.528,561.84,49265.891,1075.509,6.356,Europe,37715.52310475205,7.973,0.258,37018.92565509163,0.15493623652392952,1
France,2008,FRA,62780187.0,2362451821701.0,415.248,26.069,3.97,0.856,566.98,49137.234,1053.347,7.319,Europe,37630.531774316,16.065,0.528,37715.52310475205,0.3513387770265983,1
France,2009,FRA,63106460.0,2295352990111.0,441.984,27.892,4.13,0.97,528.87,46095.289,1010.699,7.409,Europe,36372.71033917922,26.069,0.856,37630.531774316,0.4631189093247421,1
France,2010,FRA,63417366.0,2342490492199.0,431.031,27.335,4.44,0.923,562.36,47325.062,979.68,7.882,Europe,36937.68189929238,27.892,0.97,36372.71033917922,0.334784516782908,1
France,2011,FRA,63733776.0,2393401943613.0,423.655,27.001,5.04,0.943,567.65,45465.84,963.961,6.93,Europe,37553.11694717413,27.335,0.923,36937.68189929238,0.2794386406786844,1
France,2012,FRA,64058465.0,2400896391731.0,461.445,29.559,5.3,1.034,567.58,45190.879,931.179,8.714,Europe,37479.76776732006,27.001,0.943,37553.11694717413,0.10942979147158738,1
France,2013,FRA,64387736.0,2414733629218.0,467.587,30.107,5.68,1.044,576.75,45428.73,919.245,9.857,Europe,37503.005684467615,29.559,1.034,37479.76776732006,0.025446655782670025,1
France,2014,FRA,64692495.0,2437822780219.0,501.829,32.465,5.99,1.177,566.31,43247.398,889.426,9.885,Europe,37683.23945797731,30.107,1.044,37503.005684467615,0.015400949570511191,1
France,2015,FRA,64916337.0,2464953810985.0,504.463,32.748,6.53,1.175,574.14,43493.316,902.656,9.568,Europe,37971.23998208648,32.465,1.177,37683.23945797731,0.03499741664877698,1
France,2016,FRA,65086853.0,2491956183265.0,506.186,32.946,7.52,1.207,558.84,42506.238,887.998,10.362,Europe,38286.628841388294,32.748,1.175,37971.23998208648,0.03934800452513865,1
France,2017,FRA,65284775.0,2549057506683.0,508.595,33.204,7.78,1.22,555.74,42218.559,901.527,9.803,Europe,39045.206277926205,32.946,1.207,38286.628841388294,0.021933394875701895,1
France,2018,FRA,65519537.0,2596599107835.0,501.009,32.826,8.38,1.193,576.24,42589.262,879.651,11.513,Europe,39630.91356758214,33.204,1.22,39045.206277926205,0.01977552500014279,1
France,2019,FRA,65729460.0,2644453795826.0,520.034,34.182,8.64,1.269,565.52,41554.387,872.398,11.754,Europe,40232.398011880825,32.826,1.193,39630.91356758214,0.0022141071931365275,1
France,2020,FRA,65905273.0,2438594133224.0,378.931,24.974,8.76,1.037,527.25,37087.555,735.704,13.972,Europe,37001.502644924934,34.182,1.269,40232.398011880825,0.00860829978532851,1
France,2021,FRA,66083547.0,2604822841790.0,431.204,28.495,9.58,1.112,550.31,39307.219,790.984,12.914,Europe,39417.116060522596,24.974,1.037,37001.502644924934,-0.05389991248066439,1
France,2022,FRA,66277412.0,2671568767031.0,467.664,30.996,9.67,1.361,468.45,34796.047,789.455,13.726,Europe,40308.88784599797,28.495,1.112,39417.116060522596,-0.030125253809602404,1
France,2023,FRA,66438828.0,,491.353,32.645,9.94,1.379,518.75,36221.496,777.077,15.867,Europe,,30.996,1.361,40308.88784599797,-0.01140698539556606,1
France,2024,FRA,66548532.0,,511.184,34.019,10.68,1.371,561.78,37865.609,775.669,16.465,Europe,,32.645,1.379,,-0.009159292790416274,1
Gabon,2000,GAB,1275578.0,12538030035.0,0.0,0.0,0.01,,1.31,7757.792,,,Africa,9829.293100853103,,,,,0
Gabon,2001,GAB,1309594.0,13408080502.0,0.0,0.0,0.01,,1.4,8111.225,,,Africa,10238.349062381165,0.0,,9829.293100853103,,0
Gabon,2002,GAB,1345142.0,13745891364.0,0.0,0.0,0.01,,1.47,7863.207,,,Africa,10218.914704915913,0.0,,10238.349062381165,,0
Gabon,2003,GAB,1382354.0,14717147740.0,0.0,0.0,0.01,,1.53,7451.31,,,Africa,10646.43914655725,0.0,,10218.914704915913,,0
Gabon,2004,GAB,1421620.0,15597639635.0,0.0,0.0,0.01,,1.53,7436.644,,,Africa,10971.73621291203,0.0,,10646.43914655725,,0
Gabon,2005,GAB,1463503.0,16662264363.0,0.0,0.0,0.01,,1.57,7924.967,,,Africa,11385.193172135623,0.0,,10971.73621291203,,0
Gabon,2006,GAB,1508338.0,17083887620.0,0.0,0.0,0.01,,1.66,7758.772,,,Africa,11326.29929100772,0.0,,11385.193172135623,,0
Gabon,2007,GAB,1556242.0,19294943982.0,0.0,0.0,0.01,,1.73,7646.167,,,Africa,12398.421313651734,0.0,,11326.29929100772,,0
Gabon,2008,GAB,1607182.0,19821156608.0,0.0,0.0,0.01,,1.81,7469.989,,,Africa,12332.863737896518,0.0,,12398.421313651734,,0
Gabon,2009,GAB,1661567.0,21001791917.0,0.0,0.0,0.01,,1.83,7094.377,,,Africa,12639.75025803955,0.0,,12332.863737896518,,0
Gabon,2010,GAB,1719883.0,23885406357.0,0.0,0.0,0.01,,1.93,8195.28,,,Africa,13887.808855020952,0.0,,12639.75025803955,,0
Gabon,2011,GAB,1781987.0,27165828850.0,0.0,0.0,0.01,,2.03,8191.303,,,Africa,15244.684080186893,0.0,,13887.808855020952,,0
Gabon,2012,GAB,1846893.0,28592310064.0,0.0,0.0,0.01,,2.16,10072.727,,,Africa,15481.30295799486,0.0,,15244.684080186893,,0
Gabon,2013,GAB,1913061.0,30169739768.0,0.0,0.0,0.01,,2.09,9807.213,,,Africa,15770.401345278588,0.0,,15481.30295799486,,0
Gabon,2014,GAB,1978400.0,31507773384.0,0.0,0.0,0.01,,1.99,10070.404,,,Africa,15925.886263647391,0.0,,15770.401345278588,,0
Gabon,2015,GAB,2040990.0,32729961516.0,0.0,0.0,0.01,,2.12,9274.061,,,Africa,16036.316452309908,0.0,,15925.886263647391,,0
Gabon,2016,GAB,2100310.0,33414337569.0,0.0,0.0,0.01,,2.19,8849.8,,,Africa,15909.240811594478,0.0,,16036.316452309908,,0
Gabon,2017,GAB,2156902.0,33572391290.0,0.0,0.0,0.01,,2.24,9252.113,,,Africa,15565.098131486735,0.0,,15909.240811594478,,0
Gabon,2018,GAB,2212320.0,33855404131.0,0.0,0.0,0.01,,2.78,7434.919,,,Africa,15303.122573135894,0.0,,15565.098131486735,,0
Gabon,2019,GAB,2267711.0,35180839675.0,0.0,0.0,0.01,,2.84,6705.384,,,Africa,15513.810919909989,0.0,,15303.122573135894,,0
Gabon,2020,GAB,2322538.0,34525072669.0,0.0,0.0,0.01,,2.93,6889.859,,,Africa,14865.234785824818,0.0,,15513.810919909989,,0
Gabon,2021,GAB,2376729.0,35037430976.0,0.0,0.0,0.01,,2.96,6809.154,,,Africa,14741.870434534185,0.0,,14865.234785824818,,0
Gabon,2022,GAB,2430750.0,36035291983.0,0.0,0.0,0.01,,3.19,6504.104,,,Africa,14824.762720559498,0.0,,14741.870434534185,,0
Gabon,2023,GAB,2484790.0,,0.0,0.0,0.01,,2.59,6477.258,,,Africa,,0.0,,14824.762720559498,,0
Gabon,2024,GAB,2538953.0,,0.0,0.0,0.01,,2.6,,,,Africa,,0.0,,,,0
Germany,2000,DEU,81797255.0,2718560455818.0,31.41,2.569,4.33,0.065,568.95,48756.883,1570.435,2.738,Europe,33235.35069505694,,,,,1
Germany,2001,DEU,81933882.0,2793373055251.0,43.902,3.597,4.59,0.089,578.94,49586.312,1590.963,2.798,Europe,34093.01484398115,2.569,0.065,33235.35069505694,,1
Germany,2002,DEU,82068328.0,2822441773260.0,68.873,5.652,5.31,0.142,583.76,48882.719,1537.78,3.365,Europe,34391.3643916323,3.597,0.089,34093.01484398115,,1
Germany,2003,DEU,82111619.0,2831676106520.0,98.633,8.099,8.95,0.203,602.03,48841.699,1507.717,3.477,Europe,34485.693267355986,5.652,0.142,34391.3643916323,,1
Germany,2004,DEU,82092706.0,2894624877966.0,131.502,10.795,10.64,0.27,609.6,48845.914,1490.49,4.316,Europe,35260.43931315895,8.099,0.203,34485.693267355986,,1
Germany,2005,DEU,82046733.0,2945460930734.0,243.03,19.94,14.71,0.506,613.34,48297.293,1460.058,4.992,Europe,35899.79543407292,10.795,0.27,35260.43931315895,0.3325751446052596,1
Germany,2006,DEU,81701971.0,3086359147617.0,389.204,31.799,18.94,0.787,630.2,49722.023,1457.237,5.797,Europe,37775.8224170259,19.94,0.506,35899.79543407292,0.4085002980805357,1
Germany,2007,DEU,81298546.0,3220275669650.0,444.613,36.146,24.62,0.933,631.1,47890.441,1319.459,7.37,Europe,39610.495243666475,31.799,0.787,37775.8224170259,0.4126750076512433,1
Germany,2008,DEU,81110780.0,3289020399474.0,391.012,31.715,28.02,0.811,632.29,48509.781,1399.069,7.523,Europe,40549.73210064063,36.146,0.933,39610.495243666475,0.3487323334317052,1
Germany,2009,DEU,80935276.0,3136502162046.0,389.355,31.513,30.89,0.858,587.96,45618.898,1339.838,8.147,Europe,38753.21512520696,31.715,0.811,40549.73210064063,0.24053326330488067,1
Germany,2010,DEU,80830916.0,3301123203586.0,390.225,31.542,33.92,0.825,624.21,47595.047,1357.644,8.465,Europe,40839.8588924317,31.513,0.858,38753.21512520696,0.09585455991718561,1
Germany,2011,DEU,80857877.0,3467712967640.0,406.248,32.848,36.89,0.891,605.0,45890.207,1313.271,10.168,Europe,42886.52010539431,31.542,0.825,40839.8588924317,-0.0016216540329326845,1
Germany,2012,DEU,80916391.0,3482225441398.0,432.453,34.993,43.2,0.936,619.81,46491.398,1305.389,11.46,Europe,43034.8585541587,32.848,0.891,42886.52010539431,-0.018953172819806685,1
Germany,2013,DEU,81041581.0,3497463140441.0,386.369,31.312,45.51,0.815,629.69,47734.965,1334.262,11.603,Europe,43156.403136323315,34.993,0.936,43034.8585541587,0.019866419331399543,1
Germany,2014,DEU,81376078.0,3574741315261.0,403.452,32.831,48.29,0.891,618.75,45596.504,1298.318,12.84,Europe,43928.6508162878,31.312,0.815,43156.403136323315,-0.0012789311603726983,1
Germany,2015,DEU,82077546.0,3628073946157.0,374.989,30.778,50.33,0.821,639.17,46064.484,1296.542,14.318,Europe,44203.00219693459,32.831,0.891,43928.6508162878,0.008042811008491801,1
Germany,2016,DEU,82760102.0,3708979940863.0,372.772,30.851,50.93,0.81,641.52,46416.703,1321.879,14.101,Europe,44816.03878234708,30.778,0.821,44203.00219693459,-0.012933772741439475,1
Germany,2017,DEU,83104010.0,3808389445530.0,377.649,31.384,50.92,0.802,644.46,47525.457,1408.928,15.388,Europe,45826.783154386896,30.851,0.81,44816.03878234708,-0.02488101092140904,1
Germany,2018,DEU,83368507.0,3845758522294.0,392.449,32.718,50.79,0.859,632.28,46125.492,1336.97,16.263,Europe,46129.631688066576,31.384,0.802,45826.783154386896,0.0004594651725073895,1
Germany,2019,DEU,83559184.0,3886392581475.0,384.879,32.16,50.13,0.866,600.09,44922.695,1351.028,17.811,Europe,46510.65742186999,32.718,0.859,46129.631688066576,-0.0006893234718976515,1
Germany,2020,DEU,83628711.0,3742721113842.0,469.588,39.271,50.93,1.135,566.75,41838.684,1223.238,20.017,Europe,44754.021305458125,32.16,0.866,46510.65742186999,0.008823357405439047,1
Germany,2021,DEU,83697080.0,3841041747482.0,416.839,34.888,49.1,0.979,578.83,42994.242,1209.752,18.082,Europe,45892.18342482199,39.271,1.135,44754.021305458125,0.04944707858980002,1
Germany,2022,DEU,84086227.0,3909612753939.0,415.539,34.941,48.6,1.022,566.88,41094.125,1241.977,20.329,Europe,46495.281015986126,34.888,0.979,45892.18342482199,0.021394595884170586,1
Germany,2023,DEU,84548233.0,,426.172,36.032,51.26,1.148,506.72,37598.492,1165.512,23.603,Europe,,34.941,1.022,46495.281015986126,0.013233911133293752,1
Germany,2024,DEU,84552234.0,,361.627,30.576,51.08,0.968,495.99,37792.512,1176.547,23.968,Europe,,36.032,1.148,,0.02299724882095333,1
Greece,2000,GRC,10782638.0,223530895992.0,0.0,0.0,0.0,0.0,52.94,34597.48,236.249,3.092,Europe,20730.631594235103,,,,,0
Greece,2001,GRC,10843166.0,234861781413.0,0.0,0.0,0.08,0.0,52.54,34678.547,239.571,2.164,Europe,21659.88987100262,0.0,0.0,20730.631594235103,,0
Greece,2002,GRC,10890287.0,246267119689.0,0.0,0.0,0.13,0.0,53.36,34560.207,240.725,2.621,Europe,22613.464611997828,0.0,0.0,21659.88987100262,,0
Greece,2003,GRC,10918467.0,262880256421.0,0.0,0.0,0.1,0.0,57.28,36480.949,252.75,4.052,Europe,24076.663548188586,0.0,0.0,22613.464611997828,,0
Greece,2004,GRC,10947369.0,278667908011.0,0.0,0.0,0.12,0.0,58.22,36376.992,247.728,4.05,Europe,25455.240250968065,0.0,0.0,24076.663548188586,,0
Greece,2005,GRC,10981340.0,282859759866.0,0.0,0.0,0.12,0.0,58.73,36389.562,249.091,4.335,Europe,25758.218930112354,0.0,0.0,25455.240250968065,,0
Greece,2006,GRC,11016107.0,301538680337.0,47.582,0.524,0.11,0.128,59.41,37336.773,260.49,5.149,Europe,27372.526459392597,0.0,0.0,25758.218930112354,,0
Greece,2007,GRC,11045737.0,314210147911.0,87.464,0.966,0.18,0.231,62.4,37964.91,263.441,3.171,Europe,28446.281847105358,0.524,0.128,27372.526459392597,,0
Greece,2008,GRC,11076874.0,315974328109.0,70.517,0.781,0.19,0.19,62.18,37157.152,252.572,3.908,Europe,28525.586560702955,0.966,0.231,28446.281847105358,,0
Greece,2009,GRC,11108067.0,305101334774.0,79.572,0.884,0.22,0.224,60.34,35685.582,236.809,5.675,Europe,27466.64516643625,0.781,0.19,28525.586560702955,,0
Greece,2010,GRC,11124666.0,290984350750.0,130.267,1.449,0.19,0.385,56.61,34017.863,214.719,7.696,Europe,26156.681984879368,0.884,0.224,27466.64516643625,,0
Greece,2011,GRC,11108838.0,266793942822.0,108.247,1.202,0.21,0.325,58.45,33422.445,204.578,6.058,Europe,24016.368122570515,1.449,0.385,26156.681984879368,0.22559623936950635,0
Greece,2012,GRC,11048291.0,247887031358.0,131.167,1.449,0.2,0.417,59.91,31615.93,178.331,7.967,Europe,22436.685579516325,1.202,0.325,24016.368122570515,0.04468526285033758,0
Greece,2013,GRC,10967534.0,241650188710.0,147.351,1.616,0.22,0.496,56.37,29934.105,164.762,11.795,Europe,22033.229047660123,1.449,0.417,22436.685579516325,0.1315753291833628,0
Greece,2014,GRC,10893169.0,242799798246.0,161.34,1.758,0.22,0.574,49.62,28266.357,163.353,10.745,Europe,22289.179415650302,1.616,0.496,22033.229047660123,0.12823045387406462,0
Greece,2015,GRC,10820902.0,242323725826.0,170.966,1.85,0.23,0.598,51.05,28807.496,170.199,12.796,Europe,22394.041257004268,1.758,0.574,22289.179415650302,0.03941767368449289,0
Greece,2016,GRC,10775506.0,241143085639.0,179.316,1.932,0.27,0.634,53.84,28489.859,169.939,12.975,Europe,22378.817815052025,1.85,0.598,22394.041257004268,0.09006765224566116,0
Greece,2017,GRC,10753532.0,243776808141.0,180.494,1.941,0.31,0.607,54.8,29962.0,174.013,11.449,Europe,22669.464148244504,1.932,0.634,22378.817815052025,0.059223841048812176,0
Greece,2018,GRC,10730846.0,247844015413.0,182.243,1.956,0.31,0.608,52.61,30199.467,171.988,13.164,Europe,23096.409678509972,1.941,0.607,22669.464148244504,0.03732975575272457,0
Greece,2019,GRC,10718581.0,252514250712.0,210.556,2.257,0.4,0.718,47.95,29564.295,177.219,13.476,Europe,23558.552266573344,1.956,0.608,23096.409678509972,0.021574387515454374,0
Greece,2020,GRC,10699370.0,229777821500.0,223.328,2.389,0.45,0.871,47.51,25885.273,143.486,16.785,Europe,21475.82722160277,2.257,0.718,23558.552266573344,0.04057159395880827,0
Greece,2021,GRC,10579561.0,249158215293.0,244.516,2.587,0.5,0.865,54.24,28596.289,152.027,19.2,Europe,23550.903037753647,2.389,0.871,21475.82722160277,0.043378313056753104,0
Greece,2022,GRC,10412481.0,263892672733.0,277.026,2.885,0.57,0.927,51.67,30188.217,172.19,18.783,Europe,25343.880361750482,2.587,0.865,23550.903037753647,0.05914197183767422,0
Greece,2023,GRC,10242910.0,,270.434,2.77,0.65,0.917,48.93,29864.279,171.296,20.754,Europe,,2.885,0.927,25343.880361750482,0.08082502946230585,0
Greece,2024,GRC,10047813.0,,274.54,2.759,0.71,0.869,57.08,31965.838,173.308,21.055,Europe,,2.77,0.917,,0.041812687267480664,0
Guyana,2019,GUY,807668.0,,0.0,0.0,0.02,,1.15,12655.309,,,South America,,,,,,0
Guyana,2020,GUY,807486.0,,0.0,0.0,0.02,,1.14,12077.642,,,South America,,0.0,,,,0
Guyana,2021,GUY,815484.0,,0.0,0.0,0.03,,1.14,12204.829,,,South America,,0.0,,,,0
Guyana,2022,GUY,821638.0,,0.0,0.0,0.02,,1.28,13575.479,,,South America,,0.0,,,,0
Guyana,2023,GUY,826357.0,,0.0,0.0,0.02,,1.38,13494.394,,,South America,,0.0,,,,0
Guyana,2024,GUY,831092.0,,0.0,0.0,0.02,,1.38,,,,South America,,0.0,,,,0
Hong Kong,2000,HKG,6704665.0,218622146616.0,0.0,0.0,0.0,0.0,31.26,29453.422,118.889,0.0,Asia,32607.46757906622,,,,,0
Hong Kong,2001,HKG,6774243.0,219159408785.0,0.0,0.0,0.0,0.0,32.36,36818.906,141.335,0.0,Asia,32351.867032965896,0.0,0.0,32607.46757906622,,0
Hong Kong,2002,HKG,6821412.0,222182532288.0,0.0,0.0,0.0,0.0,34.23,35686.531,154.466,0.0,Asia,32571.340404010196,0.0,0.0,32351.867032965896,,0
Hong Kong,2003,HKG,6858906.0,225487397415.0,0.0,0.0,0.0,0.0,35.43,36653.867,155.443,0.0,Asia,32875.12577297312,0.0,0.0,32571.340404010196,,0
Hong Kong,2004,HKG,6888164.0,243895605092.0,0.0,0.0,0.0,0.0,37.05,40871.117,183.06,0.0,Asia,35407.92656678906,0.0,0.0,32875.12577297312,,0
Hong Kong,2005,HKG,6908483.0,259469641313.0,0.0,0.0,0.0,0.0,38.38,39095.48,165.109,0.0,Asia,37558.121126302256,0.0,0.0,35407.92656678906,,0
Hong Kong,2006,HKG,6931089.0,274690745926.0,0.0,0.0,0.0,0.0,38.54,41227.645,178.459,0.001,Asia,39631.68643859572,0.0,0.0,37558.121126302256,,0
Hong Kong,2007,HKG,6971344.0,291247413551.0,0.0,0.0,0.0,0.0,38.88,43609.16,191.27,0.001,Asia,41777.799740050126,0.0,0.0,39631.68643859572,,0
Hong Kong,2008,HKG,7020689.0,295823304243.0,0.0,0.0,0.0,0.0,37.93,40288.535,173.348,0.001,Asia,42135.93626537224,0.0,0.0,41777.799740050126,,0
Hong Kong,2009,HKG,7064464.0,285619082956.0,0.0,0.0,0.0,0.0,38.62,43719.992,196.685,0.001,Asia,40430.39683633464,0.0,0.0,42135.93626537224,,0
Hong Kong,2010,HKG,7101614.0,302377330309.0,6.01,0.043,0.04,0.013,38.23,45225.73,212.637,0.053,Asia,42578.67722872575,0.0,0.0,40430.39683633464,,0
Hong Kong,2011,HKG,7142969.0,314044556431.0,42.781,0.306,0.04,0.093,38.97,46105.625,214.105,0.137,Asia,43965.549399836396,0.043,0.013,42578.67722872575,,0
Hong Kong,2012,HKG,7201059.0,319384208506.0,7.393,0.053,0.04,0.017,38.53,43950.406,205.138,0.061,Asia,44352.39435005323,0.306,0.093,43965.549399836396,,0
Hong Kong,2013,HKG,7264330.0,329290162080.0,54.864,0.399,0.04,0.123,39.01,44742.965,209.294,0.16,Asia,45329.73613258208,0.053,0.017,44352.39435005323,,0
Hong Kong,2014,HKG,7319502.0,338386398632.0,45.595,0.334,0.04,0.105,39.74,43337.344,198.13,0.151,Asia,46230.79529618272,0.399,0.123,45329.73613258208,,0
Hong Kong,2015,HKG,7366411.0,346466191769.0,64.826,0.478,0.07,0.146,37.86,44316.176,217.421,0.205,Asia,47033.24207256424,0.334,0.105,46230.79529618272,0.5067999677859403,0
Hong Kong,2016,HKG,7408006.0,354003396927.0,64.034,0.474,0.14,0.142,38.12,45228.492,225.198,0.206,Asia,47786.59695024545,0.478,0.146,47033.24207256424,0.09330489870508729,0
Hong Kong,2017,HKG,7444889.0,367441685993.0,71.39,0.531,0.14,0.148,36.94,48266.77,254.455,0.209,Asia,49354.89111966612,0.474,0.142,47786.59695024545,0.5498886375817293,0
Hong Kong,2018,HKG,7471190.0,377902310676.0,86.392,0.645,0.14,0.178,36.57,48663.375,257.581,0.24,Asia,50581.27429177949,0.531,0.148,49354.89111966612,0.0588253368573306,0
Hong Kong,2019,HKG,7485817.0,371582312306.0,79.666,0.596,0.14,0.173,36.94,46026.332,240.735,0.253,Asia,49638.17741016111,0.645,0.178,50581.27429177949,0.14067690757453732,0
Hong Kong,2020,HKG,7490240.0,347263059452.0,93.982,0.704,0.14,0.273,34.35,34437.715,169.066,0.462,Asia,46362.07377226898,0.596,0.173,49638.17741016111,0.04511401728502973,0
Hong Kong,2021,HKG,7484604.0,369654417943.0,114.176,0.855,0.14,0.351,36.22,32558.352,151.345,0.654,Asia,49388.64072741858,0.704,0.273,46362.07377226898,0.0823279243210695,0
Hong Kong,2022,HKG,7465913.0,356690492875.0,147.908,1.104,0.15,0.508,36.1,29120.252,128.268,0.927,Asia,47775.87052983339,0.855,0.351,49388.64072741858,0.099953481691746,0
Hong Kong,2023,HKG,7442738.0,,179.931,1.339,0.16,0.533,37.75,33757.816,159.284,1.048,Asia,,1.104,0.508,47775.87052983339,0.11347859238100932,0
Hong Kong,2024,HKG,7414914.0,,203.359,1.508,0.16,0.553,37.44,36808.547,180.94,1.048,Asia,,1.339,0.533,,0.1757280064876383,0
Hungary,2000,HUN,10190598.0,134151505450.0,0.0,0.0,0.06,0.0,35.19,27555.037,82.531,0.249,Europe,13164.242711762352,,,,,0
Hungary,2001,HUN,10166693.0,142043461403.0,0.0,0.0,0.07,0.0,36.42,28292.807,79.735,0.256,Europe,13971.451818501848,0.0,0.0,13164.242711762352,,0
Hungary,2002,HUN,10138461.0,151456660939.0,0.0,0.0,0.04,0.0,36.15,27707.572,74.154,0.238,Europe,14938.821675104338,0.0,0.0,13971.451818501848,,0
Hungary,2003,HUN,10108970.0,160456137012.0,0.0,0.0,0.16,0.0,34.13,28132.156,72.272,0.345,Europe,15872.649440249601,0.0,0.0,14938.821675104338,,0
Hungary,2004,HUN,10085788.0,171925388770.0,0.0,0.0,0.73,0.0,33.71,28646.92,76.82,0.985,Europe,17046.30206088012,0.0,0.0,15872.649440249601,,0
Hungary,2005,HUN,10065703.0,183107031890.0,2.958,0.03,1.66,0.01,35.75,30606.633,87.89,1.882,Europe,18191.181668086174,0.0,0.0,17046.30206088012,,0
Hungary,2006,HUN,10049946.0,194033322767.0,12.593,0.127,1.26,0.042,35.85,30055.938,91.522,1.557,Europe,19306.90202385167,0.03,0.01,18191.181668086174,,0
Hungary,2007,HUN,10034084.0,198872162765.0,33.209,0.333,1.56,0.112,39.96,29707.297,91.202,2.042,Europe,19819.662937344354,0.127,0.042,19306.90202385167,,0
Hungary,2008,HUN,10016653.0,204720371926.0,189.695,1.9,1.94,0.649,40.02,29340.787,86.559,3.095,Europe,20438.001788222075,0.333,0.112,19819.662937344354,,0
Hungary,2009,HUN,10001381.0,195180908684.0,195.123,1.951,2.33,0.719,35.91,27265.072,84.226,3.947,Europe,19515.395792241092,1.9,0.649,20438.001788222075,,0
Hungary,2010,HUN,9979128.0,200496589291.0,202.344,2.019,2.3,0.73,37.36,27840.814,79.047,3.999,Europe,20091.594104314525,1.951,0.719,19515.395792241092,1.304767933549912,0
Hungary,2011,HUN,9946675.0,208407605976.0,185.26,1.843,1.86,0.687,36.02,27090.857,77.141,3.672,Europe,20952.48974918754,2.019,0.73,20091.594104314525,0.7388676167059129,0
Hungary,2012,HUN,9916621.0,205802052322.0,180.28,1.788,1.65,0.715,34.62,25322.736,72.018,3.807,Europe,20753.24370287016,1.843,0.687,20952.48974918754,0.408043980696134,0
Hungary,2013,HUN,9889344.0,209511661762.0,159.52,1.578,1.83,0.666,30.27,24070.496,70.436,4.115,Europe,21185.597524163382,1.788,0.715,20753.24370287016,-0.012077713665602063,0
Hungary,2014,HUN,9862843.0,218378634753.0,220.721,2.177,2.13,0.918,29.39,24158.225,78.382,4.82,Europe,22141.550337260767,1.578,0.666,21185.597524163382,-0.041548931467099814,0
Hungary,2015,HUN,9839211.0,226474616785.0,205.289,2.02,2.16,0.808,30.33,25514.207,83.994,4.593,Europe,23017.558703131785,2.177,0.918,22141.550337260767,0.015183199763041388,0
Hungary,2016,HUN,9810529.0,231459349147.0,219.98,2.158,2.07,0.849,31.88,26042.918,83.439,4.567,Europe,23592.95295360729,2.02,0.808,23017.558703131785,0.01850978768980771,0
Hungary,2017,HUN,9785608.0,241347220007.0,193.703,1.896,2.15,0.707,32.92,27519.338,90.399,4.454,Europe,24663.487440637313,2.158,0.849,23592.95295360729,0.03833330679936631,0
Hungary,2018,HUN,9774395.0,254289117363.0,228.119,2.23,2.3,0.826,32.05,27746.227,96.89,4.84,Europe,26015.842142966394,1.896,0.707,24663.487440637313,0.03740005534183344,0
Hungary,2019,HUN,9770346.0,266658311342.0,238.949,2.335,2.23,0.854,34.28,28135.389,97.931,5.632,Europe,27292.61700066712,2.23,0.826,26015.842142966394,0.004822350931489527,0
Hungary,2020,HUN,9749459.0,254563881936.0,330.605,3.223,2.15,1.199,34.92,27727.416,89.379,6.807,Europe,26110.564897600983,2.335,0.854,27292.61700066712,0.029406966699134562,0
Hungary,2021,HUN,9707848.0,272892486007.0,339.033,3.291,2.23,1.166,36.1,29250.391,97.098,7.724,Europe,28110.502554943178,3.223,1.199,26110.564897600983,0.08353207771465998,0
Hungary,2022,HUN,9684308.0,285385229433.0,362.803,3.513,2.14,1.324,35.78,27575.229,96.338,8.957,Europe,29468.830342136993,3.291,1.166,28110.502554943178,0.11660073620985312,0
Hungary,2023,HUN,9686465.0,,372.673,3.61,1.56,1.426,35.54,26357.766,94.094,10.886,Europe,,3.513,1.324,29468.830342136993,0.09515264739062634,0
Hungary,2024,HUN,9676135.0,,344.603,3.334,1.83,1.29,38.0,26952.049,95.424,12.706,Europe,,3.61,1.426,,0.09104851718744955,0
Iceland,2000,ISL,281293.0,9307402059.0,0.0,0.0,0.0,0.0,7.61,118131.695,9.599,67.054,Europe,33087.9263223756,,,,,0
Iceland,2001,ISL,285058.0,9632094658.0,0.0,0.0,0.0,0.0,7.96,117870.156,9.008,68.986,Europe,33789.94681082446,0.0,0.0,33087.9263223756,,0
Iceland,2002,ISL,287609.0,9623436669.0,0.0,0.0,0.0,0.0,8.35,121384.805,9.37,69.06,Europe,33460.1374400662,0.0,0.0,33789.94681082446,,0
Iceland,2003,ISL,289616.0,9810546928.0,0.0,0.0,0.0,0.0,8.44,121147.977,9.471,69.009,Europe,33874.326446052706,0.0,0.0,33460.1374400662,,0
Iceland,2004,ISL,292172.0,10591927126.0,0.0,0.0,0.0,0.0,8.54,122464.852,9.907,68.283,Europe,36252.3688991416,0.0,0.0,33874.326446052706,,0
Iceland,2005,ISL,296852.0,11206862490.0,0.0,0.0,0.0,0.0,8.61,120949.797,10.09,68.112,Europe,37752.35635939795,0.0,0.0,36252.3688991416,,0
Iceland,2006,ISL,303883.0,11775508947.0,0.0,0.0,0.0,0.0,9.85,129596.773,10.259,70.76,Europe,38750.14050473373,0.0,0.0,37752.35635939795,,0
Iceland,2007,ISL,311662.0,12798725464.0,0.0,0.0,0.0,0.0,11.89,144452.812,10.292,74.337,Europe,41066.04418889694,0.0,0.0,38750.14050473373,,0
Iceland,2008,ISL,317519.0,13031114591.0,0.0,0.0,0.0,0.0,16.34,177787.047,9.529,81.016,Europe,41040.424639155455,0.0,0.0,41066.04418889694,,0
Iceland,2009,ISL,318619.0,12031037299.0,0.0,0.0,0.0,0.0,16.71,176872.812,8.833,82.491,Europe,37759.949340748666,0.0,0.0,41040.424639155455,,0
Iceland,2010,ISL,318163.0,11531450215.0,0.0,0.0,0.0,0.0,16.74,177223.719,8.459,83.047,Europe,36243.844240216495,0.0,0.0,37759.949340748666,,0
Iceland,2011,ISL,319139.0,11716753534.0,4.509,0.001,0.0,0.003,16.85,176654.859,8.345,83.32,Europe,36713.63742444515,0.0,0.0,36243.844240216495,,0
Iceland,2012,ISL,320851.0,11841375384.0,5.638,0.002,0.0,0.003,17.29,177335.031,8.255,83.699,Europe,36906.15078026872,0.001,0.003,36713.63742444515,,0
Iceland,2013,ISL,323891.0,12380449213.0,78.188,0.025,0.0,0.043,17.99,181285.359,8.628,83.281,Europe,38224.12235289032,0.002,0.003,36906.15078026872,,0
Iceland,2014,ISL,327517.0,12589333385.0,144.706,0.047,0.0,0.08,17.8,179012.797,9.023,83.012,Europe,38438.71733375672,0.025,0.043,38224.12235289032,,0
Iceland,2015,ISL,330962.0,13147880818.0,417.647,0.138,0.0,0.224,18.55,184937.594,9.844,82.168,Europe,39726.25503229978,0.047,0.08,38438.71733375672,,0
Iceland,2016,ISL,335571.0,13976682094.0,459.289,0.154,0.0,0.248,18.17,183095.906,10.843,80.357,Europe,41650.446832414,0.138,0.224,39726.25503229978,1.67901914545878,0
Iceland,2017,ISL,343537.0,14562998209.0,492.814,0.169,0.0,0.261,19.07,187012.172,12.105,79.303,Europe,42391.35292268373,0.154,0.248,41650.446832414,1.3839555034548998,0
Iceland,2018,ISL,352860.0,15275006901.0,576.349,0.203,0.0,0.3,19.69,188342.578,13.107,78.7,Europe,43289.142722326134,0.169,0.261,42391.35292268373,0.4655118659702304,0
Iceland,2019,ISL,360709.0,15550746271.0,555.69,0.2,0.0,0.31,19.36,175565.688,11.098,80.843,Europe,43111.61149569321,0.203,0.3,43289.142722326134,0.33992236466378345,0
Iceland,2020,ISL,366626.0,14424580947.0,592.038,0.217,0.0,0.364,18.89,158421.688,7.31,86.126,Europe,39344.12984076416,0.2,0.31,43111.61149569321,0.0770359057364276,0
Iceland,2021,ISL,372647.0,15049658393.0,841.869,0.314,0.0,0.505,19.39,162740.016,8.265,84.494,Europe,40385.83000265667,0.217,0.364,39344.12984076416,0.07099588603959828,0
Iceland,2022,ISL,380368.0,16019540441.0,517.08,0.197,0.0,0.301,19.87,167531.625,10.354,82.075,Europe,42115.89944737728,0.314,0.505,40385.83000265667,0.13190137813526892,0
Iceland,2023,ISL,387559.0,,545.096,0.211,0.0,0.322,19.81,165312.656,10.944,81.843,Europe,,0.197,0.301,42115.89944737728,-0.005982483314444176,0
Iceland,2024,ISL,393404.0,,552.291,0.217,0.0,0.336,19.05,159676.391,11.349,80.498,Europe,,0.211,0.322,,0.010765690850007337,0
India,2000,IND,1057922731.0,2804478499774.0,0.581,0.614,1.69,0.017,571.39,3521.43,1277.51,6.042,Asia,2650.9294276369983,,,,,0
India,2001,IND,1077898579.0,2940745466088.0,0.879,0.947,2.07,0.025,586.09,3470.525,1281.096,5.693,Asia,2728.2209322663925,0.614,0.017,2650.9294276369983,,0
India,2002,IND,1097600380.0,3024984520809.0,0.912,1.001,2.14,0.026,609.64,3526.61,1324.242,5.218,Asia,2755.9980626182,0.947,0.025,2728.2209322663925,,0
India,2003,IND,1116803000.0,3251114494190.0,0.94,1.05,2.71,0.026,638.13,3589.451,1347.694,5.144,Asia,2911.090401968834,1.001,0.026,2755.9980626182,,0
India,2004,IND,1135991509.0,3495022816540.0,0.976,1.109,3.31,0.026,698.32,3831.588,1426.856,6.887,Asia,3076.62758819089,1.05,0.026,2911.090401968834,,0
India,2005,IND,1154676321.0,3752627653422.0,1.012,1.169,4.04,0.025,704.52,3991.09,1450.128,6.359,Asia,3249.939039342264,1.109,0.026,3076.62758819089,0.12551849265265358,0
India,2006,IND,1172878888.0,4069856052453.0,1.008,1.182,5.59,0.024,744.43,4139.273,1532.039,7.134,Asia,3469.9712767385067,1.169,0.025,3249.939039342264,0.04302064914142223,0
India,2007,IND,1190676028.0,4403215224414.0,0.993,1.182,7.4,0.023,796.26,4425.184,1637.482,7.276,Asia,3698.0800157790695,1.182,0.024,3469.9712767385067,0.033800361778748345,0
India,2008,IND,1207930960.0,4649548164533.0,1.37,1.655,9.3,0.03,828.41,4616.596,1719.259,6.712,Asia,3849.183702132281,1.182,0.023,3698.0800157790695,0.0239662334866122,0
India,2009,IND,1225524764.0,4993478894185.0,0.706,0.866,10.56,0.015,878.63,4886.388,1806.79,5.965,Asia,4074.5638447049773,1.655,0.03,3849.183702132281,0.08336123214607083,0
India,2010,IND,1243481565.0,5361371354007.0,1.201,1.493,13.22,0.024,936.39,5024.514,1848.416,6.057,Asia,4311.580891033957,0.866,0.015,4074.5638447049773,-0.05823905507982463,0
India,2011,IND,1261224956.0,5720692888000.0,2.53,3.191,15.46,0.049,1032.32,5222.708,1935.765,6.967,Asia,4535.822781483243,1.493,0.024,4311.580891033957,0.047824300778339435,0
India,2012,IND,1278674501.0,6052427493607.0,2.304,2.946,16.52,0.043,1088.42,5425.75,2051.67,6.208,Asia,4733.360592452293,3.191,0.049,4535.822781483243,0.21972483187550318,0
India,2013,IND,1295829507.0,6424470752490.0,2.646,3.429,17.57,0.048,1141.23,5527.781,2065.656,6.75,Asia,4957.805573792973,2.946,0.043,4733.360592452293,0.12224311295511114,0
India,2014,IND,1312277184.0,6875186158349.0,2.281,2.993,21.14,0.039,1258.68,5831.643,2125.494,6.829,Asia,5239.12649109123,3.429,0.048,4957.805573792973,0.31683062627910896,0
India,2015,IND,1328024494.0,7391521519812.0,2.704,3.592,18.36,0.046,1310.56,5943.03,2296.039,6.357,Asia,5565.802101698284,2.993,0.039,5239.12649109123,0.14923642325270325,0
India,2016,IND,1343944296.0,8057465593010.0,5.648,7.59,17.2,0.092,1394.93,6148.213,2514.262,6.37,Asia,5995.386577398741,3.592,0.046,5565.802101698284,0.023957437312314367,0
India,2017,IND,1359657398.0,8550029645172.0,4.021,5.467,14.99,0.064,1462.39,6304.287,2588.196,6.793,Asia,6288.370627592467,7.59,0.092,5995.386577398741,0.20837520889275596,0
India,2018,IND,1374659067.0,9173201683791.0,7.67,10.544,18.4,0.117,1571.65,6593.169,2704.512,7.307,Asia,6673.074003585647,5.467,0.064,6288.370627592467,0.09778253650420798,0
India,2019,IND,1389030307.0,9595463242427.0,9.356,12.996,18.99,0.141,1600.98,6682.068,2791.946,8.108,Asia,6908.030151733039,10.544,0.117,6673.074003585647,0.28641097347020184,0
India,2020,IND,1402617694.0,8945313249462.0,8.685,12.182,19.88,0.139,1563.43,6268.437,2537.853,8.893,Asia,6377.584774331244,12.996,0.141,6908.030151733039,0.2932862937236136,0
India,2021,IND,1414203896.0,9801621018003.0,13.914,19.677,21.2,0.207,1678.72,6749.358,2588.831,8.657,Asia,6930.840061837165,12.182,0.139,6377.584774331244,0.09924718935607668,0
India,2022,IND,1425423209.0,10476248645535.0,19.654,28.016,23.29,0.28,1804.61,7057.187,2804.53,9.421,Asia,7349.570695488093,19.677,0.207,6930.840061837165,0.29193886252458223,0
India,2023,IND,1438069597.0,,23.877,34.337,23.01,0.319,1918.26,7529.44,2939.235,8.861,Asia,,28.016,0.28,7349.570695488093,0.2158504120330782,0
India,2024,IND,1450935785.0,,32.827,47.63,22.25,0.422,2036.52,7812.928,3028.744,9.146,Asia,,34.337,0.319,,0.2144804527478481,0
Indonesia,2000,IDN,216077789.0,1138300071768.0,0.0,0.0,4.28,0.0,98.04,5387.869,637.634,3.699,Asia,5268.01054858998,,,,,0
Indonesia,2001,IDN,219097905.0,1185220908414.0,0.0,0.0,4.58,0.0,106.16,5690.083,659.754,4.096,Asia,5409.54925339884,0.0,0.0,5268.01054858998,,0
Indonesia,2002,IDN,222088499.0,1244249942443.0,0.0,0.0,4.7,0.0,113.04,5768.058,663.047,3.647,Asia,5602.49606821378,0.0,0.0,5409.54925339884,,0
Indonesia,2003,IDN,225048005.0,1309811268640.0,0.0,0.0,4.8,0.0,117.39,6183.915,683.08,3.195,Asia,5820.141656621217,0.0,0.0,5602.49606821378,,0
Indonesia,2004,IDN,227926649.0,1387446383159.0,0.0,0.0,5.01,0.0,124.78,6040.208,721.008,3.415,Asia,6087.249513149294,0.0,0.0,5820.141656621217,,0
Indonesia,2005,IDN,230871648.0,1474875329634.0,0.09,0.021,5.33,0.001,132.89,6137.142,720.295,3.494,Asia,6388.2912536493,0.0,0.0,6087.249513149294,,0
Indonesia,2006,IDN,233951650.0,1565012923832.0,0.197,0.046,4.9,0.003,138.0,6159.938,693.567,3.234,Asia,6689.471623012703,0.021,0.001,6388.2912536493,,0
Indonesia,2007,IDN,237062338.0,1674227359084.0,0.865,0.205,5.98,0.013,148.4,6524.362,731.705,3.374,Asia,7062.39284235862,0.046,0.003,6689.471623012703,,0
Indonesia,2008,IDN,240157902.0,1809491142510.0,0.92,0.221,6.5,0.014,155.9,6514.816,746.456,3.62,Asia,7534.589232504205,0.205,0.013,7062.39284235862,,0
Indonesia,2009,IDN,243220024.0,1905717479305.0,4.504,1.096,6.11,0.068,162.87,6608.3,750.034,3.736,Asia,7835.364243303421,0.221,0.014,7534.589232504205,,0
Indonesia,2010,IDN,246305327.0,2039334560589.0,8.278,2.039,7.81,0.117,177.56,7062.331,793.82,4.417,Asia,8279.701399186548,1.096,0.068,7835.364243303421,1.205556826308651,0
Indonesia,2011,IDN,249470029.0,2178184530109.0,13.158,3.283,8.65,0.178,191.88,7365.991,850.977,3.554,Asia,8731.247351997543,2.039,0.117,8279.701399186548,1.1346755647245348,0
Indonesia,2012,IDN,252698525.0,2309530044109.0,24.207,6.117,8.87,0.315,208.96,7665.836,894.812,3.577,Asia,9139.467846553516,3.283,0.178,8731.247351997543,0.7414195042424407,0
Indonesia,2013,IDN,255852464.0,2437876929100.0,37.453,9.582,9.14,0.525,225.18,7131.105,865.009,4.534,Asia,9528.448118052911,6.117,0.315,9139.467846553516,0.9428051291066148,0
Indonesia,2014,IDN,258877395.0,2559933272409.0,65.166,16.87,9.18,0.907,237.54,7171.866,861.46,4.708,Asia,9888.5932949418,9.582,0.525,9528.448118052911,0.5428692464833809,0
Indonesia,2015,IDN,261799249.0,2684763880628.0,31.957,8.366,9.75,0.44,243.28,7243.952,822.097,4.003,Asia,10255.04806023336,16.87,0.907,9888.5932949418,0.52594742735329,0
Indonesia,2016,IDN,264627429.0,2819889903036.0,103.935,27.504,10.21,1.458,257.55,7120.307,792.951,5.81,Asia,10656.075652067042,8.366,0.44,10255.04806023336,0.205728136252894,0
Indonesia,2017,IDN,267346654.0,2962852274581.0,87.966,23.517,11.47,1.16,265.83,7569.616,850.332,5.518,Asia,11082.436343418758,27.504,1.458,10656.075652067042,0.3507391129096922,0
Indonesia,2018,IDN,269951847.0,3116158974437.0,127.017,34.289,12.13,1.606,283.79,7896.082,877.219,8.029,Asia,11543.388234113472,23.517,1.16,11082.436343418758,0.1966996128501639,0
Indonesia,2019,IDN,272489381.0,3272568062078.0,214.623,58.482,12.17,2.59,295.44,8271.658,855.103,8.613,Asia,12009.892092191292,34.289,1.606,11543.388234113472,0.15241246565410216,0
Indonesia,2020,IDN,274814861.0,3204972631957.0,279.484,76.806,12.35,3.621,291.82,7700.858,753.212,10.644,Asia,11662.297374656897,58.482,2.59,12009.892092191292,0.47536973815161687,0
Indonesia,2021,IDN,276758056.0,3323654666991.0,307.058,84.981,14.96,3.86,309.36,7937.188,786.714,11.076,Asia,12009.242711948375,76.806,3.621,11662.297374656897,0.22800421569114948,0
Indonesia,2022,IDN,278830527.0,3500093638879.0,342.651,95.542,20.62,3.469,333.54,9859.904,858.073,10.208,Asia,12552.763417037906,84.981,3.86,12009.242711948375,0.2929686164957941,0
Indonesia,2023,IDN,281190068.0,,399.643,112.376,22.48,4.027,350.6,9904.812,857.437,10.695,Asia,,95.542,3.469,12552.763417037906,0.22746156387515093,0
Indonesia,2024,IDN,283487933.0,,425.607,120.655,21.33,4.034,371.54,10528.601,878.984,10.954,Asia,,112.376,4.027,,0.1395418268962585,0
Iran,2000,IRN,66418661.0,595554549032.0,0.0,0.0,0.0,0.0,119.35,21026.74,775.711,0.76,Asia,8966.675028754344,,,,,0
Iran,2001,IRN,67452005.0,636570203280.0,0.0,0.0,0.0,0.0,127.59,22121.531,799.744,0.77,Asia,9437.380004938326,0.0,0.0,8966.675028754344,,0
Iran,2002,IRN,68011318.0,698059655739.0,0.0,0.0,0.0,0.0,138.23,23913.191,806.609,1.356,Asia,10263.874841228631,0.0,0.0,9437.380004938326,,0
Iran,2003,IRN,68769343.0,779969698412.0,0.0,0.0,0.0,0.0,151.65,24083.326,810.284,1.584,Asia,11341.82274232284,0.0,0.0,10263.874841228631,,0
Iran,2004,IRN,70256316.0,849441950372.0,0.0,0.0,0.0,0.0,162.76,26075.348,848.906,1.774,Asia,12090.613324672475,0.0,0.0,11341.82274232284,,0
Iran,2005,IRN,71828455.0,908856025194.0,0.0,0.0,0.0,0.0,177.07,27012.971,910.154,2.014,Asia,12653.14735217401,0.0,0.0,12090.613324672475,,0
Iran,2006,IRN,73392747.0,995245162302.0,0.0,0.0,0.0,0.0,193.43,28889.373,991.934,2.353,Asia,13560.538377205039,0.0,0.0,12653.14735217401,,0
Iran,2007,IRN,74602648.0,1098784519617.0,0.0,0.0,0.0,0.0,203.12,30213.291,999.074,2.139,Asia,14728.492206027326,0.0,0.0,13560.538377205039,,0
Iran,2008,IRN,75514201.0,1132365762681.0,0.0,0.0,0.0,0.0,210.49,30767.291,1029.706,0.867,Asia,14995.401496481436,0.0,0.0,14728.492206027326,,0
Iran,2009,IRN,76457831.0,1208128386676.0,0.0,0.0,0.0,0.0,221.81,31118.98,1002.677,0.767,Asia,15801.238027220521,0.0,0.0,14995.401496481436,,0
Iran,2010,IRN,77420851.0,1310507059384.0,0.0,0.0,0.01,0.0,235.68,31753.627,972.176,1.106,Asia,16927.055727971783,0.0,0.0,15801.238027220521,,0
Iran,2011,IRN,78383602.0,1345049307937.0,0.0,0.0,0.02,0.0,235.59,32584.848,978.044,1.109,Asia,17159.830291251477,0.0,0.0,16927.055727971783,,0
Iran,2012,IRN,79370583.0,1324570752684.0,0.0,0.0,0.02,0.0,248.74,32428.09,998.781,1.284,Asia,16688.43421099729,0.0,0.0,17159.830291251477,,0
Iran,2013,IRN,80414689.0,1287095594893.0,0.0,0.0,0.02,0.0,258.86,33255.664,1075.391,1.423,Asia,16005.727447295109,0.0,0.0,16688.43421099729,,0
Iran,2014,IRN,81502045.0,1352737013920.0,0.0,0.0,0.05,0.0,275.63,34196.25,991.938,1.349,Asia,16597.583703819946,0.0,0.0,16005.727447295109,,0
Iran,2015,IRN,82619365.0,1331012211481.0,0.0,0.0,0.02,0.0,280.24,33441.344,864.857,1.23,Asia,16110.17237279662,0.0,0.0,16597.583703819946,,0
Iran,2016,IRN,83812230.0,1413723685657.0,0.0,0.0,0.02,0.0,286.14,34845.238,888.29,1.344,Asia,16867.749320797215,0.0,0.0,16110.17237279662,,0
Iran,2017,IRN,85026761.0,1486668357750.0,0.0,0.0,0.02,0.0,305.17,35561.832,896.906,1.462,Asia,17484.71116934585,0.0,0.0,16867.749320797215,,0
Iran,2018,IRN,86117999.0,1483607175221.0,0.0,0.0,0.02,0.0,312.35,36251.887,933.499,0.864,Asia,17227.608542332713,0.0,0.0,17484.71116934585,,0
Iran,2019,IRN,87051649.0,1438754460224.0,0.0,0.0,0.01,0.0,318.88,37875.234,985.508,2.641,Asia,16527.595706130734,0.0,0.0,17227.608542332713,,0
Iran,2020,IRN,87723448.0,1446203709942.0,0.0,0.0,0.02,0.0,337.21,39001.836,950.843,1.802,Asia,16485.94238956499,0.0,0.0,16527.595706130734,,0
Iran,2021,IRN,88455490.0,1525523070071.0,0.0,0.0,0.02,0.0,356.41,38159.27,1010.115,1.14,Asia,17246.22259252648,0.0,0.0,16485.94238956499,,0
Iran,2022,IRN,89524247.0,1572209055082.0,0.0,0.0,0.02,0.0,367.06,38985.188,1017.021,1.112,Asia,17561.823838428933,0.0,0.0,17246.22259252648,,0
Iran,2023,IRN,90608708.0,,0.0,0.0,0.02,0.0,382.02,39688.281,1031.422,1.68,Asia,,0.0,0.0,17561.823838428933,,0
Iran,2024,IRN,91567737.0,,0.0,0.0,0.03,0.0,395.79,39203.609,1044.638,1.433,Asia,,0.0,0.0,,,0
Iraq,2000,IRQ,24424060.0,83019213791.0,0.0,0.0,0.0,0.0,31.9,13208.813,283.236,2.757,Asia,3399.075083790328,,,,,0
Iraq,2001,IRQ,25197842.0,97219510326.0,0.0,0.0,0.0,0.0,32.25,14302.593,323.302,2.842,Asia,3858.2474771450666,0.0,0.0,3399.075083790328,,0
Iraq,2002,IRQ,26006558.0,112141846978.0,0.0,0.0,0.0,0.0,33.86,13171.254,306.809,3.656,Asia,4312.060326399211,0.0,0.0,3858.2474771450666,,0
Iraq,2003,IRQ,26802660.0,94480598969.0,0.0,0.0,0.0,0.0,28.33,11342.992,275.41,4.274,Asia,3525.045609987964,0.0,0.0,4312.060326399211,,0
Iraq,2004,IRQ,27577876.0,155937247290.0,0.0,0.0,0.0,0.0,32.29,11821.411,299.94,4.794,Asia,5654.432824703396,0.0,0.0,3525.045609987964,,0
Iraq,2005,IRQ,28407450.0,170895694120.0,0.0,0.0,0.0,0.0,30.4,10851.643,280.479,4.279,Asia,6015.875910016563,0.0,0.0,5654.432824703396,,0
Iraq,2006,IRQ,28616518.0,190082841273.0,0.0,0.0,0.0,0.0,33.83,10470.602,271.656,4.466,Asia,6642.41684725584,0.0,0.0,6015.875910016563,,0
Iraq,2007,IRQ,28391606.0,200529416438.0,0.0,0.0,0.0,0.0,33.24,10642.609,243.819,4.029,Asia,7062.982503983748,0.0,0.0,6642.41684725584,,0
Iraq,2008,IRQ,28971042.0,231588128927.0,0.0,0.0,0.0,0.0,36.88,11938.793,273.064,2.24,Asia,7993.779751760396,0.0,0.0,7062.982503983748,,0
Iraq,2009,IRQ,30058207.0,259745648872.0,0.0,0.0,0.0,0.0,37.85,11294.105,263.049,2.191,Asia,8641.421920875055,0.0,0.0,7993.779751760396,,0
Iraq,2010,IRQ,31045367.0,297507194079.0,0.0,0.0,0.0,0.0,48.91,12635.254,310.88,2.404,Asia,9582.982030104524,0.0,0.0,8641.421920875055,,0
Iraq,2011,IRQ,32161425.0,344220720679.0,0.0,0.0,0.0,0.0,53.9,12595.847,332.703,2.177,Asia,10702.906375541506,0.0,0.0,9582.982030104524,,0
Iraq,2012,IRQ,33654843.0,392191319237.0,0.0,0.0,0.0,0.0,46.02,13112.636,365.834,2.572,Asia,11653.339735888829,0.0,0.0,10702.906375541506,,0
Iraq,2013,IRQ,35281987.0,422107689937.0,0.0,0.0,0.0,0.0,58.9,13759.076,402.034,2.456,Asia,11963.829869814304,0.0,0.0,11653.339735888829,,0
Iraq,2014,IRQ,36550058.0,425222855485.0,0.0,0.0,0.0,0.0,69.03,13055.939,394.051,1.544,Asia,11633.985792443886,0.0,0.0,11963.829869814304,,0
Iraq,2015,IRQ,37560535.0,436010743372.0,0.0,0.0,0.0,0.0,70.64,12548.263,391.297,1.4,Asia,11608.214403016358,0.0,0.0,11633.985792443886,,0
Iraq,2016,IRQ,38469628.0,502280002568.0,0.0,0.0,0.0,0.0,81.93,13119.015,396.549,1.709,Asia,13056.533912103336,0.0,0.0,11608.214403016358,,0
Iraq,2017,IRQ,39337358.0,485207548291.0,0.0,0.0,0.0,0.0,93.58,15213.562,478.249,0.934,Asia,12334.523032558516,0.0,0.0,13056.533912103336,,0
Iraq,2018,IRQ,40265629.0,508026800522.0,0.0,0.0,0.0,0.0,98.41,15464.542,470.88,0.877,Asia,12616.884751061507,0.0,0.0,12334.523032558516,,0
Iraq,2019,IRQ,41192172.0,537548265143.0,0.0,0.0,0.0,0.0,115.21,16212.383,458.795,1.982,Asia,13049.767444722263,0.0,0.0,12616.884751061507,,0
Iraq,2020,IRQ,42116602.0,453147782672.0,0.0,0.0,0.0,0.0,117.12,14121.946,397.996,1.887,Asia,10759.362369072414,0.0,0.0,13049.767444722263,,0
Iraq,2021,IRQ,43071208.0,487935979007.0,0.0,0.0,0.0,0.0,120.46,14358.384,444.5,1.484,Asia,11328.588206929326,0.0,0.0,10759.362369072414,,0
Iraq,2022,IRQ,44070556.0,527639326800.0,0.0,0.0,0.0,0.0,133.86,15429.901,488.496,1.095,Asia,11972.604266667297,0.0,0.0,11328.588206929326,,0
Iraq,2023,IRQ,45074055.0,,0.0,0.0,0.0,0.0,145.01,15925.554,520.974,0.598,Asia,,0.0,0.0,11972.604266667297,,0
Iraq,2024,IRQ,46042015.0,,0.0,0.0,0.0,0.0,149.73,16002.357,534.5,0.584,Asia,,0.0,0.0,,,0
Ireland,2000,IRL,3802589.0,147722370991.0,0.0,0.0,0.09,0.0,23.63,45587.059,99.361,1.92,Europe,38847.84050840099,,,,,0
Ireland,2001,IRL,3862981.0,158384851025.0,0.0,0.0,0.1,0.0,24.59,47416.109,106.501,1.57,Europe,41000.680827837365,0.0,0.0,38847.84050840099,,0
Ireland,2002,IRL,3928441.0,169226186783.0,0.0,0.0,0.08,0.0,24.8,46164.363,103.802,2.106,Europe,43077.18679827443,0.0,0.0,41000.680827837365,,0
Ireland,2003,IRL,3992935.0,177468844871.0,0.0,0.0,0.09,0.0,24.83,44291.898,101.324,1.775,Europe,44445.71345914722,0.0,0.0,43077.18679827443,,0
Ireland,2004,IRL,4066066.0,191402766075.0,0.0,0.0,0.11,0.0,25.2,44357.832,106.124,2.123,Europe,47073.20689703512,0.0,0.0,44445.71345914722,,0
Ireland,2005,IRL,4155283.0,204898243531.0,2.152,0.009,0.13,0.005,25.6,45285.484,111.535,2.716,Europe,49310.29812674612,0.0,0.0,47073.20689703512,,0
Ireland,2006,IRL,4268775.0,219162994472.0,3.698,0.016,0.13,0.008,27.1,45515.262,113.515,3.451,Europe,51340.957176707605,0.009,0.005,49310.29812674612,,0
Ireland,2007,IRL,4393518.0,230371638354.0,52.711,0.232,0.18,0.118,28.36,44912.613,112.171,3.934,Europe,52434.43599275114,0.016,0.008,51340.957176707605,,0
Ireland,2008,IRL,4485992.0,223067117042.0,137.743,0.618,0.22,0.316,29.93,43776.055,106.853,5.203,Europe,49725.25966207697,0.232,0.118,52434.43599275114,,0
Ireland,2009,IRL,4533750.0,215181048184.0,194.944,0.884,0.26,0.502,27.98,38954.852,91.394,6.704,Europe,47462.0453673008,0.618,0.316,49725.25966207697,,0
Ireland,2010,IRL,4559084.0,221852442105.0,230.119,1.049,0.31,0.59,28.16,39108.832,88.998,6.149,Europe,48661.62634972289,0.884,0.502,47462.0453673008,1.5028910833502436,0
Ireland,2011,IRL,4579603.0,224397469453.0,232.712,1.066,0.34,0.629,27.2,37178.258,83.329,9.032,Europe,48999.32798825575,1.049,0.59,48661.62634972289,1.3085064967431186,0
Ireland,2012,IRL,4600135.0,217871560184.0,214.328,0.986,0.44,0.592,27.16,36405.145,78.681,8.861,Europe,47361.99267717143,1.066,0.629,48999.32798825575,0.35660634494435217,0
Ireland,2013,IRL,4624686.0,222738952818.0,254.407,1.177,0.49,0.717,25.62,35677.523,79.803,9.648,Europe,48163.043462410205,0.986,0.592,47361.99267717143,0.09793767527203823,0
Ireland,2014,IRL,4658236.0,236178350686.0,284.714,1.326,0.54,0.811,25.86,35325.18,78.995,10.938,Europe,50701.241990744995,1.177,0.717,48163.043462410205,0.0589241172200925,0
Ireland,2015,IRL,4702497.0,249955928768.0,301.775,1.419,0.48,0.822,28.16,36983.117,81.824,12.506,Europe,53153.87309508119,1.326,0.811,50701.241990744995,0.04798147841013267,0
Ireland,2016,IRL,4753506.0,255118282428.0,274.538,1.305,0.68,0.722,30.3,38268.473,86.162,11.537,Europe,53669.49835090142,1.419,0.822,53153.87309508119,0.05887583727108314,0
Ireland,2017,IRL,4810258.0,266528546717.0,387.057,1.862,0.74,1.027,30.79,37987.566,85.463,13.692,Europe,55408.368265693854,1.305,0.722,53669.49835090142,0.057661557194869095,0
Ireland,2018,IRL,4872559.0,282500483309.0,366.831,1.787,0.85,0.965,31.04,38347.988,88.726,15.142,Europe,57977.847637966006,1.862,1.027,55408.368265693854,0.09607593525254465,0
Ireland,2019,IRL,4933493.0,294503693886.0,441.499,2.178,0.85,1.171,30.87,38065.551,88.716,17.39,Europe,59694.7626936939,1.787,0.965,57977.847637966006,0.06149072966540592,0
Ireland,2020,IRL,4982602.0,274762344680.0,405.344,2.02,0.92,1.157,32.16,35439.918,75.047,20.819,Europe,55144.349213523376,2.178,1.171,59694.7626936939,0.08946954875242641,0
Ireland,2021,IRL,5028428.0,287639621097.0,410.525,2.064,0.99,1.159,31.74,35772.973,81.746,17.799,Europe,57202.692590407976,2.02,1.157,55144.349213523376,0.09131009237901,0
Ireland,2022,IRL,5110015.0,308390920561.0,506.719,2.589,1.01,1.403,33.79,36487.48,85.658,19.42,Europe,60350.2965374857,2.064,1.159,57202.692590407976,0.020812556064725873,0
Ireland,2023,IRL,5196629.0,,671.407,3.489,0.83,1.957,31.55,34725.469,84.527,21.82,Europe,,2.589,1.403,60350.2965374857,0.07696477701546312,0
Ireland,2024,IRL,5255016.0,,836.647,4.397,1.0,2.446,31.08,34593.98,85.429,22.18,Europe,,3.489,1.957,,0.09882522027644192,0
Israel,2000,ISR,6111194.0,158656383479.0,0.0,0.0,0.0,0.0,42.66,37205.684,154.444,0.038,Asia,25961.601526477476,,,,,0
Israel,2001,ISR,6259977.0,158567053954.0,0.0,0.0,0.0,0.0,43.95,36296.055,143.09,0.024,Asia,25330.293378713694,0.0,0.0,25961.601526477476,,0
Israel,2002,ISR,6387714.0,158018046039.0,18.351,0.117,0.0,0.051,45.5,36285.676,142.726,0.088,Asia,24737.80855545505,0.0,0.0,25330.293378713694,,0
Israel,2003,ISR,6502821.0,159162904545.0,18.435,0.12,0.0,0.05,47.04,36728.059,146.526,0.099,Asia,24475.97812472464,0.117,0.051,24737.80855545505,,0
Israel,2004,ISR,6615084.0,166466423998.0,18.614,0.123,0.0,0.051,47.28,36808.152,139.086,0.094,Asia,25164.672738547237,0.12,0.05,24475.97812472464,,0
Israel,2005,ISR,6728212.0,172697410123.0,27.022,0.182,0.0,0.074,48.61,36361.738,136.454,0.117,Asia,25667.652880586997,0.123,0.051,25164.672738547237,,0
Israel,2006,ISR,6844029.0,181910800706.0,14.576,0.1,0.0,0.041,50.56,35937.852,132.768,0.068,Asia,26579.49004979377,0.182,0.074,25667.652880586997,,0
Israel,2007,ISR,6962456.0,192596811708.0,12.785,0.089,0.0,0.035,53.79,36637.172,135.563,0.06,Asia,27662.19444805109,0.1,0.041,26579.49004979377,-0.030912866190413668,0
Israel,2008,ISR,7082621.0,197785749719.0,13.063,0.093,0.01,0.035,56.79,37052.305,134.592,0.069,Asia,27925.502397911732,0.089,0.035,27662.19444805109,-0.058019847923262535,0
Israel,2009,ISR,7206096.0,199771084186.0,13.69,0.099,0.04,0.039,54.73,35380.598,124.927,0.149,Asia,27722.512187736604,0.093,0.035,27925.502397911732,-0.05438235504672717,0
Israel,2010,ISR,7336735.0,210327630432.0,15.38,0.113,0.06,0.043,58.55,36127.625,123.848,0.222,Asia,28667.74259013035,0.099,0.039,27722.512187736604,-0.11465454666653474,0
Israel,2011,ISR,7471023.0,220210380263.0,17.85,0.133,0.07,0.049,59.6,36147.91,129.74,0.353,Asia,29475.264667636548,0.113,0.043,28667.74259013035,0.024744718598177506,0
Israel,2012,ISR,7607781.0,225909436249.0,16.954,0.129,0.08,0.046,63.01,37162.938,154.567,0.502,Asia,29694.52409960276,0.133,0.049,29475.264667636548,0.08365821306394072,0
Israel,2013,ISR,7749369.0,235885601546.0,12.598,0.098,0.04,0.037,61.32,34478.062,117.322,0.583,Asia,30439.33016301069,0.129,0.046,29694.52409960276,0.06763143454990095,0
Israel,2014,ISR,7897173.0,245129958334.0,12.887,0.102,0.06,0.039,60.86,33001.949,109.441,0.987,Asia,31040.21633235083,0.098,0.037,30439.33016301069,-0.0020284142743840494,0
Israel,2015,ISR,8052916.0,251223879854.0,13.813,0.111,0.07,0.04,64.23,34152.684,116.404,1.269,Asia,31196.63484059687,0.102,0.039,31040.21633235083,-0.020274649399676825,0
Israel,2016,ISR,8210006.0,262584215516.0,32.065,0.263,0.11,0.094,67.01,34174.199,119.49,1.746,Asia,31983.437711982184,0.111,0.04,31196.63484059687,-0.035517687557879984,0
Israel,2017,ISR,8361796.0,273812314306.0,42.996,0.36,0.0,0.126,67.44,34165.57,124.574,1.75,Asia,32745.63434769277,0.263,0.094,31983.437711982184,0.15311655606146313,0
Israel,2018,ISR,8510067.0,284956472967.0,49.702,0.423,0.13,0.145,69.02,34337.16,125.858,1.89,Asia,33484.63331334524,0.36,0.126,32745.63434769277,0.29722492607354223,0
Israel,2019,ISR,8657466.0,296799271432.0,56.234,0.487,0.11,0.162,72.71,34826.125,127.13,2.903,Asia,34282.464572428005,0.423,0.145,33484.63331334524,0.3290705630300983,0
Israel,2020,ISR,8800380.0,291287719910.0,66.825,0.588,0.12,0.207,72.74,32400.352,109.861,4.024,Asia,33099.447968155924,0.487,0.162,34282.464572428005,0.3441297590516723,0
Israel,2021,ISR,8942925.0,316373426613.0,63.741,0.57,0.1,0.196,74.12,32656.467,114.398,4.889,Asia,35376.951792953645,0.588,0.207,33099.447968155924,0.17458463520239942,0
Israel,2022,ISR,9103143.0,336722563455.0,78.385,0.714,0.11,0.233,76.87,33816.672,124.502,5.387,Asia,36989.70382592035,0.57,0.196,35376.951792953645,0.09626227935295417,0
Israel,2023,ISR,9256311.0,,82.431,0.763,0.11,0.27,77.43,30723.857,120.645,7.83,Asia,,0.714,0.233,36989.70382592035,0.11037984185729921,0
Israel,2024,ISR,9387015.0,,99.984,0.939,0.11,0.34,80.4,29591.316,114.591,9.795,Asia,,0.763,0.27,,0.09395413790012919,0
Italy,2000,ITA,57272200.0,1863751547560.0,0.0,0.0,1.39,0.0,269.94,36668.406,1125.498,6.853,Europe,32541.993280509567,,,,,0
Italy,2001,ITA,57305760.0,1910272015654.0,0.0,0.0,1.83,0.0,271.9,36587.203,1101.724,7.295,Europe,33334.72962672513,0.0,0.0,32541.993280509567,,0
Italy,2002,ITA,57420636.0,1929301903714.0,0.0,0.0,2.71,0.0,277.53,36598.094,1124.561,6.453,Europe,33599.45201084154,0.0,0.0,33334.72962672513,,0
Italy,2003,ITA,57739697.0,1947667703883.0,0.0,0.0,3.37,0.0,286.27,37583.359,1116.144,6.06,Europe,33731.8656847645,0.0,0.0,33599.45201084154,,0
Italy,2004,ITA,58176736.0,1994293720592.0,50.526,2.939,4.22,0.132,293.71,38239.617,1099.37,6.893,Europe,34279.91767348378,0.0,0.0,33731.8656847645,,0
Italy,2005,ITA,58519696.0,2029243417217.0,35.126,2.056,4.67,0.093,294.63,37986.016,1062.024,6.161,Europe,34676.246732672706,2.939,0.132,34279.91767348378,,0
Italy,2006,ITA,58754434.0,2086553648584.0,39.009,2.292,5.11,0.103,305.61,37816.105,1069.86,6.427,Europe,35513.126525633794,2.056,0.093,34676.246732672706,,0
Italy,2007,ITA,59108723.0,2134371774096.0,35.124,2.076,5.26,0.096,306.17,36801.336,1032.594,6.173,Europe,36109.25199815263,2.292,0.103,35513.126525633794,,0
Italy,2008,ITA,59561687.0,2129113318512.0,138.42,8.245,5.97,0.385,311.57,36098.609,984.539,7.803,Europe,35746.35685708499,2.076,0.096,36109.25199815263,,0
Italy,2009,ITA,59904016.0,2029023036275.0,217.139,13.008,7.56,0.655,286.36,33300.102,898.973,10.127,Europe,33871.23554913246,8.245,0.385,35746.35685708499,0.2291311205621227,0
Italy,2010,ITA,60164212.0,2080545936781.0,267.735,16.108,9.44,0.784,296.63,34277.355,878.684,10.921,Europe,34581.12169375708,13.008,0.655,33871.23554913246,0.4462303911765444,0
Italy,2011,ITA,60367882.0,2110883320816.0,262.489,15.846,10.83,0.788,298.37,33467.977,851.185,11.912,Europe,34966.99322358204,16.108,0.784,34581.12169375708,0.47694866816777104,0
Italy,2012,ITA,60531522.0,2047959835066.0,257.76,15.603,12.49,0.8,295.25,32379.41,790.203,13.499,Europe,33832.9479814831,15.846,0.788,34966.99322358204,0.5015453745240435,0
Italy,2013,ITA,60653864.0,2010255414011.0,236.554,14.348,17.08,0.776,286.02,30716.307,711.282,16.96,Europe,33143.07253386198,15.603,0.8,33832.9479814831,0.1360658094665761,0
Italy,2014,ITA,60664169.0,2010164047423.0,203.761,12.361,18.72,0.686,276.53,29940.508,725.46,18.517,Europe,33135.936427695895,14.348,0.776,33143.07253386198,0.019802724637970837,0
Italy,2015,ITA,60575314.0,2025809415322.0,222.9,13.502,19.39,0.739,279.7,30350.078,736.127,16.66,Europe,33442.82153158959,12.361,0.686,33135.936427695895,-0.05157630186793205,0
Italy,2016,ITA,60478103.0,2052012434345.0,198.581,12.01,19.5,0.659,285.95,30333.92,721.545,16.412,Europe,33929.84125750439,13.502,0.739,33442.82153158959,-0.03150877442457822,0
Italy,2017,ITA,60390317.0,2086237040647.0,202.845,12.25,19.37,0.667,292.09,30594.736,722.275,15.675,Europe,34545.886564016546,12.01,0.659,33929.84125750439,-0.05099832321157782,0
Italy,2018,ITA,60277496.0,2105551772855.0,239.547,14.439,19.14,0.781,286.06,30853.664,738.582,17.059,Europe,34930.97611179801,12.25,0.667,34545.886564016546,-0.0311223357406486,0
Italy,2019,ITA,60130136.0,2115725732767.0,245.311,14.751,19.55,0.807,289.99,30599.51,724.539,17.412,Europe,35185.77993515597,14.439,0.781,34930.97611179801,0.031565245766483896,0
Italy,2020,ITA,59912763.0,1925751927111.0,244.527,14.65,19.62,0.887,276.81,27764.078,595.913,19.399,Europe,32142.59918393348,14.751,0.807,35185.77993515597,0.017852087983730502,0
Italy,2021,ITA,59729353.0,2060299944789.0,274.265,16.382,19.06,0.924,285.49,29887.174,665.154,18.014,Europe,34493.92704436293,14.65,0.887,32142.59918393348,0.040540344112230065,0
Italy,2022,ITA,59619106.0,2136009300257.0,269.228,16.051,17.61,0.919,280.17,29444.67,729.385,15.951,Europe,35827.59694949132,16.382,0.924,34493.92704436293,0.05985430103256695,0
Italy,2023,ITA,59499452.0,,256.729,15.275,16.01,0.916,261.55,28246.553,714.08,18.854,Europe,,16.051,0.919,35827.59694949132,0.0213932787576272,0
Italy,2024,ITA,59342870.0,,228.213,13.543,17.23,0.805,267.56,28584.518,712.732,20.931,Europe,,15.275,0.916,,0.00700575185493979,0
Japan,2000,JPN,127027794.0,4209651870326.0,0.0,0.0,16.11,0.0,1099.67,49227.996,3179.205,4.603,Asia,33139.612503433695,,,,,0
Japan,2001,JPN,127260144.0,4224163277272.0,0.0,0.0,16.03,0.0,1083.14,48606.762,3076.01,4.508,Asia,33193.13607936826,0.0,0.0,33139.612503433695,,0
Japan,2002,JPN,127484599.0,4226576076119.0,0.0,0.0,16.94,0.0,1103.07,48365.816,3026.113,4.514,Asia,33153.62098067234,0.0,0.0,33193.13607936826,,0
Japan,2003,JPN,127671254.0,4288493482445.0,0.0,0.0,17.88,0.0,1092.59,48271.73,3117.379,5.098,Asia,33590.12579640676,0.0,0.0,33153.62098067234,,0
Japan,2004,JPN,127815769.0,4380398118363.0,0.0,0.0,18.05,0.0,1121.19,48875.867,3048.324,5.023,Asia,34271.18697977712,0.0,0.0,33590.12579640676,,0
Japan,2005,JPN,127913331.0,4450600710060.0,0.0,0.0,21.69,0.0,1153.07,49673.758,3086.636,4.52,Asia,34793.87703585016,0.0,0.0,34271.18697977712,,0
Japan,2006,JPN,127997247.0,4514225078439.0,0.337,0.043,21.53,0.001,1164.35,49501.863,2975.822,5.011,Asia,35268.141965889314,0.0,0.0,34793.87703585016,,0
Japan,2007,JPN,128087683.0,4590814009043.0,0.608,0.078,22.2,0.001,1180.11,48993.164,2892.609,4.499,Asia,35841.18239567969,0.043,0.001,35268.141965889314,,0
Japan,2008,JPN,128155992.0,4542408020234.0,0.641,0.082,21.29,0.001,1183.7,48051.477,2780.003,4.561,Asia,35444.36705100765,0.078,0.001,35841.18239567969,,0
Japan,2009,JPN,128192471.0,4298103109270.0,4.57,0.586,20.33,0.01,1114.02,43858.52,2495.723,4.756,Asia,33528.51439512388,0.082,0.001,35444.36705100765,,0
Japan,2010,JPN,128185273.0,4480295644398.0,17.472,2.24,21.83,0.038,1156.04,46675.945,2514.321,5.404,Asia,34951.71902000006,0.586,0.01,33528.51439512388,,0
Japan,2011,JPN,128096430.0,4468738319171.0,17.023,2.181,21.11,0.039,1104.2,44260.359,2512.408,5.447,Asia,34885.73662178563,2.24,0.038,34951.71902000006,1.2047325429577191,0
Japan,2012,JPN,127928283.0,4530172048567.0,16.902,2.162,22.13,0.039,1106.88,43894.004,2665.705,5.379,Asia,35411.80997924439,2.181,0.039,34885.73662178563,0.9467590960693868,0
Japan,2013,JPN,127723642.0,4621006950566.0,20.079,2.565,23.18,0.046,1087.76,43658.484,2552.77,5.829,Asia,36179.73053544777,2.162,0.039,35411.80997924439,0.9240146184987625,0
Japan,2014,JPN,127486601.0,4634693421103.0,24.438,3.116,23.63,0.058,1062.72,42606.789,2422.78,6.604,Asia,36354.357122620284,2.565,0.046,36179.73053544777,0.34350086592923956,0
Japan,2015,JPN,127275868.0,4707025000790.0,29.635,3.772,28.49,0.071,1030.12,42138.867,2335.274,7.685,Asia,36982.85523214817,3.116,0.058,36354.357122620284,0.06824258304455277,0
Japan,2016,JPN,127159950.0,4742508721138.0,36.282,4.614,23.67,0.087,1063.7,41646.914,2269.204,7.593,Asia,37295.616435347765,3.772,0.071,36982.85523214817,0.11579189829605174,0
Japan,2017,JPN,127064686.0,4821960242931.0,37.551,4.771,23.8,0.09,1076.86,42137.562,2243.645,8.029,Asia,37948.86206959973,4.614,0.087,37295.616435347765,0.16370896515025857,0
Japan,2018,JPN,126913432.0,4852985093686.0,40.473,5.137,25.75,0.097,1082.93,41899.98,2167.913,8.65,Asia,38238.54589076119,4.771,0.09,37948.86206959973,0.13215114318434584,0
Japan,2019,JPN,126699421.0,4833467877373.0,37.731,4.781,27.6,0.092,1047.4,41086.219,2112.457,8.871,Asia,38149.09207338051,5.137,0.097,38238.54589076119,0.1051530417439086,0
Japan,2020,JPN,126304533.0,4626661481209.0,40.757,5.148,30.37,0.107,1011.03,38203.219,1877.518,10.457,Asia,36631.001052107924,4.781,0.092,38149.09207338051,0.04855064546614618,0
Japan,2021,JPN,125679342.0,4725883595048.0,39.786,5.0,34.79,0.1,1034.67,40020.164,1911.585,10.814,Asia,37602.70796968367,5.148,0.107,36631.001052107924,0.022144249346699674,0
Japan,2022,JPN,124997585.0,4774494846664.0,40.335,5.042,37.83,0.101,1040.57,39974.945,1925.478,11.154,Asia,38196.69673349289,5.0,0.1,37602.70796968367,0.009420493305237088,0
Japan,2023,JPN,124370947.0,,39.759,4.945,42.01,0.102,1006.73,39064.832,1882.66,11.965,Asia,,5.042,0.101,38196.69673349289,-0.003726324501104994,0
Japan,2024,JPN,123753041.0,,40.439,5.004,45.42,0.105,1016.39,38745.039,1782.89,12.697,Asia,,4.945,0.102,,0.006768248854880143,0
Kazakhstan,2000,KAZ,15501108.0,142758090799.0,0.0,0.0,0.0,0.0,51.64,23852.965,92.215,5.679,Asia,9209.54107274138,,,,,0
Kazakhstan,2001,KAZ,15575550.0,162896083567.0,0.0,0.0,0.0,0.0,55.38,26720.834,92.171,5.382,Asia,10458.448245294709,0.0,0.0,9209.54107274138,,0
Kazakhstan,2002,KAZ,15656680.0,179807015103.0,0.0,0.0,0.0,0.0,58.33,27077.492,94.167,5.767,Asia,11484.364188512507,0.0,0.0,10458.448245294709,,0
Kazakhstan,2003,KAZ,15747377.0,197584132991.0,0.0,0.0,0.0,0.0,63.86,29509.088,102.732,5.074,Asia,12547.113909256126,0.0,0.0,11484.364188512507,,0
Kazakhstan,2004,KAZ,15850164.0,217713169930.0,0.0,0.0,0.0,0.0,66.95,30953.795,105.8,4.463,Asia,13735.704559902346,0.0,0.0,12547.113909256126,,0
Kazakhstan,2005,KAZ,15968118.0,240059743236.0,0.0,0.0,0.0,0.0,67.92,31602.055,108.87,4.196,Asia,15033.690459702264,0.0,0.0,13735.704559902346,,0
Kazakhstan,2006,KAZ,16103718.0,267135182235.0,0.0,0.0,0.0,0.0,71.66,33743.172,125.201,3.832,Asia,16588.416552935167,0.0,0.0,15033.690459702264,,0
Kazakhstan,2007,KAZ,16257212.0,292456722644.0,0.0,0.0,0.0,0.0,76.62,37084.332,136.472,3.613,Asia,17989.352826548613,0.0,0.0,16588.416552935167,,0
Kazakhstan,2008,KAZ,16426527.0,303717015928.0,0.0,0.0,0.0,0.0,80.35,38683.312,135.962,3.104,Asia,18489.4235968443,0.0,0.0,17989.352826548613,,0
Kazakhstan,2009,KAZ,16619851.0,309012285175.0,0.0,0.0,0.0,0.0,78.73,34236.527,109.068,3.18,Asia,18592.963629758175,0.0,0.0,18489.4235968443,,0
Kazakhstan,2010,KAZ,16836808.0,333341740713.0,0.0,0.0,0.0,0.0,82.65,36301.137,113.106,3.426,Asia,19798.392944375206,0.0,0.0,18592.963629758175,,0
Kazakhstan,2011,KAZ,17065996.0,360244945296.0,0.0,0.0,0.0,0.0,86.58,40666.574,150.891,2.948,Asia,21108.931778490984,0.0,0.0,19798.392944375206,,0
Kazakhstan,2012,KAZ,17306115.0,378260779954.0,0.0,0.0,0.0,0.0,90.62,42173.152,161.304,2.703,Asia,21857.059192892222,0.0,0.0,21108.931778490984,,0
Kazakhstan,2013,KAZ,17556502.0,400574375261.0,0.0,0.0,0.0,0.0,92.61,41671.484,162.814,2.709,Asia,22816.297646364863,0.0,0.0,21857.059192892222,,0
Kazakhstan,2014,KAZ,17816285.0,417799078586.0,0.0,0.0,0.0,0.0,94.64,43168.984,167.672,2.743,Asia,23450.4038628704,0.0,0.0,22816.297646364863,,0
Kazakhstan,2015,KAZ,18084175.0,421977118608.0,0.0,0.0,0.0,0.0,91.65,35163.887,154.435,3.77,Asia,23334.05414446609,0.0,0.0,23450.4038628704,,0
Kazakhstan,2016,KAZ,18363600.0,425774884998.0,0.0,0.0,0.0,0.0,94.63,38735.684,157.863,4.246,Asia,23185.80697673659,0.0,0.0,23334.05414446609,,0
Kazakhstan,2017,KAZ,18651931.0,442384368842.0,0.0,0.0,0.0,0.0,103.12,41010.547,159.559,3.815,Asia,23717.885769682507,0.0,0.0,23185.80697673659,,0
Kazakhstan,2018,KAZ,18932725.0,460522121041.0,0.0,0.0,0.0,0.0,107.28,41684.305,170.214,3.445,Asia,24324.133004678406,0.0,0.0,23717.885769682507,,0
Kazakhstan,2019,KAZ,19209556.0,481245619523.0,0.0,0.0,0.0,0.0,106.48,41578.891,171.497,3.447,Asia,25052.407224976985,0.0,0.0,24324.133004678406,,0
Kazakhstan,2020,KAZ,19482116.0,468733212615.0,0.0,0.0,0.01,0.0,108.64,37774.996,148.747,4.014,Asia,24059.66644562634,0.0,0.0,25052.407224976985,,0
Kazakhstan,2021,KAZ,19743607.0,487951301251.0,0.0,0.0,0.0,0.0,115.08,41644.129,183.113,3.78,Asia,24714.394955845706,0.0,0.0,24059.66644562634,,0
Kazakhstan,2022,KAZ,20034612.0,503634062609.0,0.0,0.0,0.0,0.0,113.44,40893.367,180.09,3.995,Asia,25138.19896332407,0.0,0.0,24714.394955845706,,0
Kazakhstan,2023,KAZ,20330109.0,,0.0,0.0,0.01,0.0,113.59,41624.883,185.642,4.179,Asia,,0.0,0.0,25138.19896332407,,0
Kazakhstan,2024,KAZ,20592574.0,,0.0,0.0,0.0,0.0,118.51,41865.195,192.419,5.12,Asia,,0.0,0.0,,,0
Kuwait,2000,KWT,1954713.0,71053965539.0,0.0,0.0,0.0,0.0,32.33,111608.148,126.962,0.0,Asia,36350.075708812496,,,,,0
Kuwait,2001,KWT,2008127.0,75867443155.0,0.0,0.0,0.0,0.0,34.3,109465.539,129.57,0.0,Asia,37780.20172777917,0.0,0.0,36350.075708812496,,0
Kuwait,2002,KWT,2059983.0,83636154969.0,0.0,0.0,0.0,0.0,36.37,113044.562,150.122,0.0,Asia,40600.4102795994,0.0,0.0,37780.20172777917,,0
Kuwait,2003,KWT,2109886.0,104974065782.0,0.0,0.0,0.0,0.0,39.8,131814.344,183.112,0.0,Asia,49753.43017679628,0.0,0.0,40600.4102795994,,0
Kuwait,2004,KWT,2157329.0,123477836787.0,0.0,0.0,0.0,0.0,41.26,143647.453,206.344,0.0,Asia,57236.44227978208,0.0,0.0,49753.43017679628,,0
Kuwait,2005,KWT,2236797.0,142799938874.0,0.0,0.0,0.0,0.0,43.73,152611.672,224.511,0.0,Asia,63841.26001331368,0.0,0.0,57236.44227978208,,0
Kuwait,2006,KWT,2364741.0,159619963672.0,0.0,0.0,0.0,0.0,47.6,138972.203,210.711,0.0,Asia,67499.97723725346,0.0,0.0,63841.26001331368,,0
Kuwait,2007,KWT,2507890.0,174545824817.0,0.0,0.0,0.0,0.0,48.75,127463.469,212.69,0.0,Asia,69598.67650375415,0.0,0.0,67499.97723725346,,0
Kuwait,2008,KWT,2651433.0,183755530386.0,0.0,0.0,0.0,0.0,51.75,130233.758,224.648,0.0,Asia,69304.23298872722,0.0,0.0,69598.67650375415,,0
Kuwait,2009,KWT,2795489.0,175302339443.0,0.0,0.0,0.0,0.0,53.22,125259.391,231.7,0.0,Asia,62709.00706209182,0.0,0.0,69304.23298872722,,0
Kuwait,2010,KWT,2943374.0,176036955078.0,0.0,0.0,0.0,0.0,57.03,137603.578,265.219,0.0,Asia,59807.87867189151,0.0,0.0,62709.00706209182,,0
Kuwait,2011,KWT,3132815.0,201228682118.0,0.0,0.0,0.0,0.0,57.46,130844.328,251.174,0.0,Asia,64232.54552790382,0.0,0.0,59807.87867189151,,0
Kuwait,2012,KWT,3337025.0,214560063974.0,0.0,0.0,0.0,0.0,61.12,126699.711,246.726,0.0,Asia,64296.810474599384,0.0,0.0,64232.54552790382,,0
Kuwait,2013,KWT,3507755.0,217029672079.0,0.0,0.0,0.0,0.0,60.99,127883.844,267.695,0.0,Asia,61871.38841766315,0.0,0.0,64296.810474599384,,0
Kuwait,2014,KWT,3665769.0,218112639263.0,0.0,0.0,0.0,0.0,65.15,119275.031,255.981,0.002,Asia,59499.831894208284,0.0,0.0,61871.38841766315,,0
Kuwait,2015,KWT,3834465.0,219406044434.0,0.0,0.0,0.0,0.0,68.3,122225.258,263.328,0.003,Asia,57219.46723571607,0.0,0.0,59499.831894208284,,0
Kuwait,2016,KWT,4003976.0,225825859800.0,0.0,0.0,0.0,0.0,70.1,116373.016,251.736,0.026,Asia,56400.402949468225,0.0,0.0,57219.46723571607,,0
Kuwait,2017,KWT,4154686.0,215180426540.0,0.0,0.0,0.0,0.0,68.89,112401.039,254.615,0.028,Asia,51792.22365781674,0.0,0.0,56400.402949468225,,0
Kuwait,2018,KWT,4323389.0,220424403170.0,0.0,0.0,0.0,0.0,74.13,111575.0,267.982,0.028,Asia,50984.17079055343,0.0,0.0,51792.22365781674,,0
Kuwait,2019,KWT,4442201.0,219207651814.0,0.0,0.0,0.0,0.0,75.04,99692.883,256.752,0.035,Asia,49346.63060361294,0.0,0.0,50984.17079055343,,0
Kuwait,2020,KWT,4400146.0,199796812404.0,0.0,0.0,0.0,0.0,74.64,95378.398,239.82,0.037,Asia,45406.85977328934,0.0,0.0,49346.63060361294,,0
Kuwait,2021,KWT,4360748.0,202410138854.0,0.0,0.0,0.0,0.0,80.8,107581.398,269.922,0.111,Asia,46416.380596631585,0.0,0.0,45406.85977328934,,0
Kuwait,2022,KWT,4589514.0,218961227193.0,0.0,0.0,0.0,0.0,85.29,102111.328,250.991,0.093,Asia,47709.022609583495,0.0,0.0,46416.380596631585,,0
Kuwait,2023,KWT,4838781.0,,0.0,0.0,0.0,0.0,89.76,103089.836,260.345,0.084,Asia,,0.0,0.0,47709.022609583495,,0
Kuwait,2024,KWT,4934508.0,,0.0,0.0,0.0,0.0,92.49,106398.594,277.066,0.076,Asia,,0.0,0.0,,,0
Latvia,2000,LVA,2368320.0,26727290777.0,0.0,0.0,0.0,0.0,4.14,16068.618,15.441,20.891,Europe,11285.337613582624,,,,,0
Latvia,2001,LVA,2338299.0,28242589693.0,0.0,0.0,0.0,0.0,4.27,17519.527,17.956,19.382,Europe,12078.262742703137,0.0,0.0,11285.337613582624,,0
Latvia,2002,LVA,2311358.0,30014856985.0,0.0,0.0,0.01,0.0,3.97,17873.787,17.82,16.668,Europe,12985.810499714886,0.0,0.0,12078.262742703137,,0
Latvia,2003,LVA,2288983.0,32298352002.0,0.0,0.0,0.02,0.0,3.97,17838.24,18.006,15.783,Europe,14110.350318023331,0.0,0.0,12985.810499714886,,0
Latvia,2004,LVA,2264179.0,34720425840.0,0.0,0.0,0.04,0.0,4.69,20282.883,19.359,19.121,Europe,15334.664723946296,0.0,0.0,14110.350318023331,,0
Latvia,2005,LVA,2239787.0,38143684659.0,13.766,0.031,0.04,0.066,4.92,21149.693,20.518,19.73,Europe,17030.050026631998,0.0,0.0,15334.664723946296,,0
Latvia,2006,LVA,2219039.0,42361248688.0,15.972,0.035,0.04,0.08,4.89,20249.385,19.317,16.884,Europe,19089.907247236304,0.031,0.066,17030.050026631998,,0
Latvia,2007,LVA,2200774.0,46228816935.0,9.34,0.021,0.04,0.045,4.76,21040.67,20.938,16.497,Europe,21005.708416675225,0.035,0.08,19089.907247236304,,0
Latvia,2008,LVA,2177710.0,44217430207.0,9.439,0.021,0.04,0.045,5.27,21398.684,20.536,18.494,Europe,20304.553961271242,0.021,0.045,21005.708416675225,,0
Latvia,2009,LVA,2142044.0,37590730012.0,23.495,0.05,0.05,0.116,5.57,20577.336,18.64,21.616,Europe,17548.99993277449,0.021,0.045,20304.553961271242,,0
Latvia,2010,LVA,2097834.0,35881177042.0,149.014,0.313,0.07,0.634,6.63,23815.148,21.029,19.887,Europe,17103.916249808135,0.05,0.116,17548.99993277449,0.10032672693604683,0
Latvia,2011,LVA,2059940.0,37869724459.0,138.163,0.285,0.12,0.645,6.09,21669.318,19.342,18.86,Europe,18383.89684117013,0.313,0.634,17103.916249808135,0.5498699525183397,0
Latvia,2012,LVA,2034639.0,40536567235.0,122.462,0.249,0.29,0.546,6.17,22749.254,19.338,24.023,Europe,19923.223350677934,0.285,0.645,18383.89684117013,0.6847098422129756,0
Latvia,2013,LVA,2013004.0,41350512828.0,123.778,0.249,0.5,0.566,6.2,22147.385,19.563,21.731,Europe,20541.694317547306,0.249,0.546,19923.223350677934,0.6398193638046548,0
Latvia,2014,LVA,1994153.0,42137028688.0,140.41,0.28,0.67,0.689,5.14,20567.852,19.589,18.958,Europe,21130.288743140572,0.249,0.566,20541.694317547306,0.3786241074276455,0
Latvia,2015,LVA,1977874.0,43774190659.0,143.896,0.285,0.77,0.682,5.54,21292.598,20.66,18.663,Europe,22131.940992702264,0.28,0.689,21130.288743140572,-0.022036291465904467,0
Latvia,2016,LVA,1959863.0,44810998817.0,75.598,0.148,0.82,0.333,6.42,22950.191,21.413,21.134,Europe,22864.35267005908,0.285,0.682,22131.940992702264,0.0,0
Latvia,2017,LVA,1942599.0,46295495418.0,64.7,0.126,0.93,0.259,7.53,25378.883,21.702,29.607,Europe,23831.730284016412,0.148,0.333,22864.35267005908,-0.09881807258818753,0
Latvia,2018,LVA,1927586.0,48143398790.0,228.613,0.441,0.94,1.012,6.72,22825.789,19.507,22.387,Europe,24976.00563087717,0.126,0.259,23831.730284016412,-0.12736176148989475,0
Latvia,2019,LVA,1914267.0,49380620266.0,217.313,0.416,0.93,0.928,6.44,23645.102,22.321,19.894,Europe,25796.09859335192,0.441,1.012,24976.00563087717,0.09510588196866943,0
Latvia,2020,LVA,1901119.0,48292861660.0,294.338,0.56,0.86,1.374,5.72,21682.367,19.569,24.894,Europe,25402.334972192693,0.416,0.928,25796.09859335192,0.07857337193552416,0
Latvia,2021,LVA,1885593.0,50255494980.0,297.993,0.562,0.86,1.32,5.85,22845.332,20.478,24.165,Europe,26652.355508320194,0.56,1.374,25402.334972192693,0.30492413109544314,0
Latvia,2022,LVA,1881059.0,51248480035.0,114.176,0.215,0.8,0.565,5.03,20474.271,19.611,26.646,Europe,27244.483046517944,0.562,1.32,26652.355508320194,0.34856894381244796,0
Latvia,2023,LVA,1882399.0,,87.224,0.164,0.66,0.41,6.38,21654.951,19.469,31.776,Europe,,0.215,0.565,27244.483046517944,-0.1338363097038967,0
Latvia,2024,LVA,1871874.0,,92.165,0.173,0.62,0.452,6.33,20722.363,18.536,29.669,Europe,,0.164,0.41,,-0.16986236487517126,0
Libya,2000,LBY,5305020.0,49983450587.0,0.0,0.0,0.0,,15.5,40140.523,,,Africa,9421.915579394612,,,,,0
Libya,2001,LBY,5403639.0,54225701449.0,0.0,0.0,0.0,,16.11,39725.164,,,Africa,10035.034066672477,0.0,,9421.915579394612,,0
Libya,2002,LBY,5508412.0,57785797189.0,0.0,0.0,0.0,,17.53,40171.859,,,Africa,10490.46389213443,0.0,,10035.034066672477,,0
Libya,2003,LBY,5619405.0,70475273789.0,0.0,0.0,0.0,,18.95,38797.039,,,Africa,12541.412087044802,0.0,,10490.46389213443,,0
Libya,2004,LBY,5736696.0,79415538130.0,0.0,0.0,0.0,,20.2,38933.094,,,Africa,13843.428016753895,0.0,,12541.412087044802,,0
Libya,2005,LBY,5858793.0,94523140632.0,0.0,0.0,0.0,,22.32,39424.711,,,Africa,16133.551847965955,0.0,,13843.428016753895,,0
Libya,2006,LBY,5980212.0,108872914713.0,0.0,0.0,0.0,,24.75,35416.367,,,Africa,18205.52761557617,0.0,,16133.551847965955,,0
Libya,2007,LBY,6104381.0,123716329182.0,0.0,0.0,0.0,,26.23,34466.789,,,Africa,20266.80988326253,0.0,,18205.52761557617,,0
Libya,2008,LBY,6235433.0,153726726038.0,0.0,0.0,0.0,,28.67,35030.727,,,Africa,24653.73712427028,0.0,,20266.80988326253,,0
Libya,2009,LBY,6366689.0,165559661154.0,0.0,0.0,0.0,,30.38,39264.84,,,Africa,26004.04404141619,0.0,,24653.73712427028,,0
Libya,2010,LBY,6497837.0,187528533215.0,0.0,0.0,0.0,,32.56,40569.051,,,Africa,28860.14734056887,0.0,,26004.04404141619,,0
Libya,2011,LBY,6343210.0,79210078190.0,0.0,0.0,0.0,,26.01,27274.67,,,Africa,12487.380709451523,0.0,,28860.14734056887,,0
Libya,2012,LBY,6179327.0,147985814988.0,0.0,0.0,0.0,,34.29,34885.809,,,Africa,23948.532742805164,0.0,,12487.380709451523,,0
Libya,2013,LBY,6304636.0,121351322417.0,0.0,0.0,0.0,,37.93,36775.57,,,Africa,19247.950621891574,0.0,,23948.532742805164,,0
Libya,2014,LBY,6427260.0,93388346336.0,0.0,0.0,0.0,,37.73,35231.008,,,Africa,14530.040224916995,0.0,,19247.950621891574,,0
Libya,2015,LBY,6531825.0,92601079752.0,0.0,0.0,0.0,,37.51,27587.34,,,Africa,14176.907640973235,0.0,,14530.040224916995,,0
Libya,2016,LBY,6632130.0,91220396354.0,0.0,0.0,0.0,,31.42,26594.119,,,Africa,13754.313675093823,0.0,,14176.907640973235,,0
Libya,2017,LBY,6738771.0,120859728232.0,0.0,0.0,0.0,,33.28,41165.113,,,Africa,17934.980760141574,0.0,,13754.313675093823,,0
Libya,2018,LBY,6849058.0,130457185445.0,0.0,0.0,0.0,,34.18,38450.117,,,Africa,19047.463964387513,0.0,,17934.980760141574,,0
Libya,2019,LBY,6951040.0,115851209708.0,0.0,0.0,0.0,,34.63,32330.232,,,Africa,16666.744790419853,0.0,,19047.463964387513,,0
Libya,2020,LBY,7045403.0,81726075633.0,0.0,0.0,0.0,,29.5,25440.334,,,Africa,11599.914956319744,0.0,,16666.744790419853,,0
Libya,2021,LBY,7135179.0,104883157614.0,0.0,0.0,0.0,,34.79,28791.734,,,Africa,14699.443085310124,0.0,,11599.914956319744,,0
Libya,2022,LBY,7223804.0,91444480945.0,0.0,0.0,0.0,,35.11,30359.734,,,Africa,12658.771049851297,0.0,,14699.443085310124,,0
Libya,2023,LBY,7305659.0,,0.0,0.0,0.0,,33.75,29554.363,,,Africa,,0.0,,12658.771049851297,,0
Libya,2024,LBY,7381029.0,,0.0,0.0,0.0,,34.59,,,,Africa,,0.0,,,,0
Lithuania,2000,LTU,3500410.0,36684799266.0,0.0,0.0,0.0,0.0,11.13,22425.547,28.525,1.209,Europe,10480.143544899027,,,,,0
Lithuania,2001,LTU,3473008.0,39077069410.0,0.0,0.0,0.0,0.0,14.36,26014.41,31.414,1.01,Europe,11251.649696747027,0.0,0.0,10480.143544899027,,0
Lithuania,2002,LTU,3444051.0,41716677051.0,0.0,0.0,0.0,0.0,17.29,28448.023,30.509,1.01,Europe,12112.676917676306,0.0,0.0,11251.649696747027,,0
Lithuania,2003,LTU,3415276.0,46106059871.0,0.0,0.0,0.01,0.0,18.82,29933.268,28.764,0.896,Europe,13499.951357079193,0.0,0.0,12112.676917676306,,0
Lithuania,2004,LTU,3376703.0,49123583277.0,3.044,0.01,0.01,0.01,18.75,30611.701,31.089,1.144,Europe,14547.7950761438,0.0,0.0,13499.951357079193,,0
Lithuania,2005,LTU,3322264.0,52913078254.0,11.522,0.038,0.01,0.041,14.42,28395.758,33.621,1.363,Europe,15926.813237599421,0.01,0.01,14547.7950761438,,0
Lithuania,2006,LTU,3269809.0,56827410871.0,68.506,0.224,0.02,0.251,12.07,27434.281,33.146,1.571,Europe,17379.428239080633,0.038,0.041,15926.813237599421,,0
Lithuania,2007,LTU,3231378.0,63122228308.0,190.957,0.617,0.05,0.627,13.46,30665.432,33.596,2.221,Europe,19534.151779209984,0.224,0.251,17379.428239080633,,0
Lithuania,2008,LTU,3198482.0,64776249050.0,222.953,0.713,0.07,0.734,13.33,30585.244,36.063,2.403,Europe,20252.184958364625,0.617,0.627,19534.151779209984,,0
Lithuania,2009,LTU,3163255.0,55174536683.0,189.134,0.598,0.1,0.67,14.64,28460.291,31.065,2.737,Europe,17442.329715119395,0.713,0.734,20252.184958364625,1.347566513560671,0
Lithuania,2010,LTU,3097721.0,56073777524.0,167.847,0.52,0.15,0.787,5.0,21369.939,31.699,4.494,Europe,18101.622942802143,0.598,0.67,17442.329715119395,0.7353357644339318,0
Lithuania,2011,LTU,3028642.0,59460372771.0,172.611,0.523,0.16,0.763,4.25,22682.41,30.631,5.089,Europe,19632.68447409763,0.52,0.787,18101.622942802143,0.18345313666193497,0
Lithuania,2012,LTU,2988334.0,61745948022.0,235.304,0.703,0.22,1.027,4.5,22966.498,30.995,5.654,Europe,20662.33159412569,0.523,0.763,19632.68447409763,-0.03251708385763841,0
Lithuania,2013,LTU,2958359.0,63937849304.0,226.665,0.671,0.36,1.061,4.19,21436.043,30.121,7.556,Europe,21612.606618736943,0.703,1.027,20662.33159412569,-0.002820919429076918,0
Lithuania,2014,LTU,2933171.0,66199372603.0,250.601,0.735,0.4,1.205,3.69,20866.352,29.522,7.885,Europe,22569.216933823496,0.671,1.061,21612.606618736943,0.023303046873775157,0
Lithuania,2015,LTU,2905771.0,67539660018.0,271.873,0.79,0.45,1.237,4.23,22063.779,32.417,8.308,Europe,23243.283802474456,0.735,1.205,22569.216933823496,0.07165945277320973,0
Lithuania,2016,LTU,2869109.0,69240911932.0,230.133,0.66,0.44,1.009,3.63,22908.295,35.662,9.468,Europe,24133.24552395883,0.79,1.237,23243.283802474456,0.08598813526230153,0
Lithuania,2017,LTU,2829317.0,72206131673.0,294.5,0.833,0.5,1.211,3.56,24440.611,36.703,10.892,Europe,25520.693394554233,0.66,1.009,24133.24552395883,-0.012544070303371457,0
Lithuania,2018,LTU,2802485.0,75089601435.0,322.662,0.904,0.54,1.28,2.92,25323.756,39.088,9.533,Europe,26793.935180741377,0.833,1.211,25520.693394554233,0.04420194121629817,0
Lithuania,2019,LTU,2795057.0,78562641002.0,312.325,0.873,0.53,1.243,3.34,25257.848,39.039,10.436,Europe,28107.70621207367,0.904,1.28,26793.935180741377,0.042260354239342934,0
Lithuania,2020,LTU,2795766.0,78545278418.0,427.444,1.195,0.59,1.709,4.7,25143.193,36.594,11.356,Europe,28094.367846951427,0.873,1.243,28107.70621207367,0.020181468815816617,0
Lithuania,2021,LTU,2794490.0,83242845981.0,527.196,1.473,0.69,2.11,4.3,25102.789,36.981,12.011,Europe,29788.206785853592,1.195,1.709,28094.367846951427,0.12606845854760906,0
Lithuania,2022,LTU,2816923.0,84814257826.0,493.624,1.391,0.71,2.15,4.04,23098.156,37.157,14.382,Europe,30108.83074404235,1.473,2.11,29788.206785853592,0.12075722976385839,0
Lithuania,2023,LTU,2854104.0,,480.6,1.372,0.76,2.019,5.3,24025.424,38.186,18.719,Europe,,1.391,2.15,30108.83074404235,0.09001315645046848,0
Lithuania,2024,LTU,2859112.0,,578.792,1.655,0.98,2.282,7.39,25660.391,37.4,23.414,Europe,,1.372,2.019,,0.09463158049916753,0
Luxembourg,2000,LUX,436142.0,21937467256.0,0.0,0.0,0.02,0.0,0.4,85302.953,27.611,1.296,Europe,50298.91011642997,,,,,0
Luxembourg,2001,LUX,441754.0,22387796714.0,0.0,0.0,0.03,0.0,0.87,90246.359,29.311,1.186,Europe,50679.32993023266,0.0,0.0,50298.91011642997,,0
Luxembourg,2002,LUX,446392.0,23160273686.0,0.0,0.0,0.03,0.0,2.8,97632.016,29.869,0.975,Europe,51883.263333572286,0.0,0.0,50679.32993023266,,0
Luxembourg,2003,LUX,451845.0,23454191347.0,0.0,0.0,0.03,0.0,2.79,101149.508,32.067,0.872,Europe,51907.604038995676,0.0,0.0,51883.263333572286,,0
Luxembourg,2004,LUX,458305.0,24195538088.0,0.0,0.0,0.04,0.0,3.37,112981.047,36.371,1.057,Europe,52793.52851921755,0.0,0.0,51907.604038995676,,0
Luxembourg,2005,LUX,465369.0,24872864640.0,0.0,0.0,0.05,0.0,3.35,112927.523,37.357,1.108,Europe,53447.618212644156,0.0,0.0,52793.52851921755,,0
Luxembourg,2006,LUX,472869.0,26045643731.0,0.0,0.0,0.06,0.0,3.54,109177.461,35.522,1.321,Europe,55080.04062647372,0.0,0.0,53447.618212644156,,0
Luxembourg,2007,LUX,480277.0,28135947926.0,1064.765,0.511,0.06,1.021,3.19,104368.211,34.575,2.484,Europe,58582.75104991494,0.0,0.0,55080.04062647372,,0
Luxembourg,2008,LUX,488995.0,27660465282.0,1034.883,0.506,0.07,1.018,2.72,101761.266,34.849,2.585,Europe,56565.947058763384,0.511,1.021,58582.75104991494,,0
Luxembourg,2009,LUX,498196.0,26344603078.0,948.958,0.473,0.08,0.994,3.15,95530.586,32.625,2.554,Europe,52879.997185846536,0.506,1.018,56565.947058763384,,0
Luxembourg,2010,LUX,507418.0,27526699944.0,934.166,0.474,0.08,0.947,3.24,98766.18,34.167,2.428,Europe,54248.56813120544,0.473,0.994,52879.997185846536,,0
Luxembourg,2011,LUX,518583.0,28143126706.0,1019.671,0.529,0.09,1.084,2.64,94143.305,34.89,2.491,Europe,54269.28130308938,0.474,0.947,54248.56813120544,,0
Luxembourg,2012,LUX,530951.0,28607408843.0,1026.405,0.545,0.09,1.137,2.76,90315.195,33.673,2.902,Europe,53879.56486191758,0.529,1.084,54269.28130308938,0.006947793030012583,0
Luxembourg,2013,LUX,543358.0,29514812514.0,1142.169,0.621,0.09,1.36,1.84,84092.562,33.112,3.551,Europe,54319.27479488661,0.545,1.137,53879.56486191758,0.014960631533631696,0
Luxembourg,2014,LUX,556285.0,30289014849.0,1433.007,0.797,0.12,1.803,1.91,79589.086,31.917,4.242,Europe,54448.73553843803,0.621,1.36,54319.27479488661,0.055956655684451295,0
Luxembourg,2015,LUX,569540.0,30976491415.0,1653.697,0.942,0.13,2.192,1.34,75560.039,31.355,4.903,Europe,54388.61434666573,0.797,1.803,54448.73553843803,0.10952219912971839,0
Luxembourg,2016,LUX,583511.0,32518554202.0,1733.085,1.011,0.14,2.385,0.79,72765.094,31.313,5.297,Europe,55729.11942019945,0.942,2.192,54388.61434666573,0.1223260573067142,0
Luxembourg,2017,LUX,596506.0,32946911821.0,2148.087,1.281,0.17,2.894,0.9,74357.836,32.776,6.526,Europe,55233.16080810587,1.011,2.385,55729.11942019945,0.131542656973612,0
Luxembourg,2018,LUX,608109.0,33348602359.0,2284.753,1.389,0.22,2.998,0.96,76353.008,34.679,6.964,Europe,54839.84344747406,1.281,2.894,55233.16080810587,0.15582346192763263,0
Luxembourg,2019,LUX,620167.0,34122291521.0,2401.195,1.489,0.28,3.156,1.07,76250.828,35.057,7.718,Europe,55021.13385749322,1.389,2.998,54839.84344747406,0.11750322431314109,0
Luxembourg,2020,LUX,630597.0,33850190319.0,2587.708,1.632,0.37,4.037,1.22,64289.547,28.462,10.605,Europe,53679.59301899628,1.489,3.156,55021.13385749322,0.09589452942805532,0
Luxembourg,2021,LUX,640276.0,35577396523.0,2472.751,1.583,0.39,3.674,1.23,67493.578,30.57,9.928,Europe,55565.7193507175,1.632,4.037,53679.59301899628,0.10050950980971729,0
Luxembourg,2022,LUX,653315.0,36128358732.0,2270.485,1.483,0.39,3.833,1.21,59423.344,27.839,11.035,Europe,55300.06005066469,1.583,3.674,55565.7193507175,0.04324510832419093,0
Luxembourg,2023,LUX,665101.0,,2157.829,1.435,0.38,3.824,1.41,56679.461,26.817,12.572,Europe,,1.483,3.833,55300.06005066469,0.0131827359600718,0
Luxembourg,2024,LUX,673042.0,,2260.499,1.521,0.44,3.847,1.51,59047.879,27.646,14.278,Europe,,1.435,3.824,,-0.007360756852015871,0
Madagascar,2000,MDG,16516336.0,19457200304.0,0.0,0.0,0.01,,0.86,516.682,,,Africa,1178.0579121180388,,,,,0
Madagascar,2001,MDG,17032933.0,20850416898.0,0.0,0.0,0.01,,0.88,490.901,,,Africa,1224.1236960187655,0.0,,1178.0579121180388,,0
Madagascar,2002,MDG,17549915.0,18473840634.0,0.0,0.0,0.01,,0.86,355.058,,,Africa,1052.6455902492976,0.0,,1224.1236960187655,,0
Madagascar,2003,MDG,18071860.0,20509701124.0,0.0,0.0,0.01,,0.96,450.4,,,Africa,1134.8970788839665,0.0,,1052.6455902492976,,0
Madagascar,2004,MDG,18606606.0,21834931987.0,0.0,0.0,0.01,,1.05,479.493,,,Africa,1173.5042912716053,0.0,,1134.8970788839665,,0
Madagascar,2005,MDG,19159711.0,23129761607.0,0.0,0.0,0.01,,1.06,448.104,,,Africa,1207.2082719306152,0.0,,1173.5042912716053,,0
Madagascar,2006,MDG,19730916.0,24652234312.0,0.0,0.0,0.01,,1.07,429.445,,,Africa,1249.4216848320675,0.0,,1207.2082719306152,,0
Madagascar,2007,MDG,20318590.0,26539188296.0,0.0,0.0,0.01,,1.12,441.541,,,Africa,1306.1530497933175,0.0,,1249.4216848320675,,0
Madagascar,2008,MDG,20923842.0,28762450059.0,0.0,0.0,0.01,,1.18,460.266,,,Africa,1374.6256571331403,0.0,,1306.1530497933175,,0
Madagascar,2009,MDG,21547277.0,27725052410.0,0.0,0.0,0.01,,1.19,384.633,,,Africa,1286.7079404047204,0.0,,1374.6256571331403,,0
Madagascar,2010,MDG,22183343.0,28122419419.0,0.0,0.0,0.01,,1.3,400.652,,,Africa,1267.7268443714727,0.0,,1286.7079404047204,,0
Madagascar,2011,MDG,22822305.0,28843634595.0,0.0,0.0,0.02,,1.47,445.294,,,Africa,1263.835295996614,0.0,,1267.7268443714727,,0
Madagascar,2012,MDG,23462444.0,29712119552.0,0.0,0.0,0.02,,1.56,518.102,,,Africa,1266.369332708903,0.0,,1263.835295996614,,0
Madagascar,2013,MDG,24109290.0,30395500923.0,0.0,0.0,0.02,,1.65,526.938,,,Africa,1260.7381189159864,0.0,,1266.369332708903,,0
Madagascar,2014,MDG,24764356.0,31410405446.0,0.0,0.0,0.02,,1.72,556.573,,,Africa,1268.3715839814288,0.0,,1260.7381189159864,,0
Madagascar,2015,MDG,25426703.0,32394175176.0,0.0,0.0,0.02,,1.79,597.421,,,Africa,1274.0218492346412,0.0,,1268.3715839814288,,0
Madagascar,2016,MDG,26099950.0,33687674194.0,0.0,0.0,0.02,,1.9,616.708,,,Africa,1290.7179589999214,0.0,,1274.0218492346412,,0
Madagascar,2017,MDG,26788379.0,35012614968.0,0.0,0.0,0.03,,1.98,552.947,,,Africa,1307.0076008705119,0.0,,1290.7179589999214,,0
Madagascar,2018,MDG,27494930.0,36130917975.0,0.0,0.0,0.03,,2.38,462.902,,,Africa,1314.0938338450035,0.0,,1307.0076008705119,,0
Madagascar,2019,MDG,28219559.0,37724649896.0,0.0,0.0,0.02,,2.47,551.201,,,Africa,1336.826344309633,0.0,,1314.0938338450035,,0
Madagascar,2020,MDG,28953560.0,35031864099.0,0.0,0.0,0.02,,2.16,409.262,,,Africa,1209.9328752319232,0.0,,1336.826344309633,,0
Madagascar,2021,MDG,29691087.0,37042695870.0,0.0,0.0,0.03,,2.53,527.316,,,Africa,1247.6032241594928,0.0,,1209.9328752319232,,0
Madagascar,2022,MDG,30437261.0,38602188321.0,0.0,0.0,0.03,,2.64,544.343,,,Africa,1268.2543386870454,0.0,,1247.6032241594928,,0
Madagascar,2023,MDG,31195937.0,,0.0,0.0,0.03,,2.48,532.202,,,Africa,,0.0,,1268.2543386870454,,0
Madagascar,2024,MDG,31964960.0,,0.0,0.0,0.03,,2.43,,,,Africa,,0.0,,,,0
Malaysia,2000,MYS,22967817.0,305803211129.0,0.0,0.0,0.57,0.0,69.9,26659.512,273.374,3.472,Asia,13314.42213811613,,,,,0
Malaysia,2001,MYS,23526535.0,309934494308.0,0.0,0.0,0.57,0.0,75.78,26646.164,295.613,2.964,Asia,13173.826673073616,0.0,0.0,13314.42213811613,,0
Malaysia,2002,MYS,24102477.0,329700338274.0,0.0,0.0,0.4,0.0,80.87,27394.982,319.975,2.442,Asia,13679.106021924634,0.0,0.0,13173.826673073616,,0
Malaysia,2003,MYS,24679604.0,350966698067.0,0.0,0.0,0.42,0.0,83.31,28984.545,334.793,2.124,Asia,14220.92097049045,0.0,0.0,13679.106021924634,,0
Malaysia,2004,MYS,25256773.0,377079435469.0,0.0,0.0,0.58,0.0,96.06,30602.789,351.007,2.19,Asia,14929.834285203418,0.0,0.0,14220.92097049045,,0
Malaysia,2005,MYS,25836075.0,399781035415.0,0.0,0.0,0.59,0.0,98.75,32374.299,363.537,2.155,Asia,15473.752704890352,0.0,0.0,14929.834285203418,,0
Malaysia,2006,MYS,26417909.0,426608936099.0,2.723,0.072,0.62,0.009,103.99,31993.541,351.689,2.242,Asia,16148.474737307937,0.0,0.0,15473.752704890352,,0
Malaysia,2007,MYS,26998383.0,458125848157.0,13.324,0.36,0.76,0.04,108.55,33389.027,374.984,2.063,Asia,16968.64023882467,0.072,0.009,16148.474737307937,,0
Malaysia,2008,MYS,27570052.0,485245105845.0,17.894,0.493,0.8,0.053,113.83,33899.559,360.452,2.527,Asia,17600.44216982253,0.36,0.04,16968.64023882467,,0
Malaysia,2009,MYS,28124779.0,483081319364.0,1.827,0.051,1.39,0.006,116.11,32186.479,357.81,2.488,Asia,17176.35965651499,0.493,0.053,17600.44216982253,,0
Malaysia,2010,MYS,28655772.0,525056610488.0,1.793,0.051,1.26,0.006,125.04,32635.191,361.475,2.202,Asia,18322.89182395784,0.051,0.006,17176.35965651499,,0
Malaysia,2011,MYS,29162034.0,557469657636.0,0.0,0.0,1.54,0.0,127.07,32616.752,369.182,2.703,Asia,19116.28172561626,0.051,0.006,18322.89182395784,-0.06664354376687665,0
Malaysia,2012,MYS,29662835.0,587985572583.0,45.058,1.337,1.5,0.129,134.08,35083.586,404.422,2.877,Asia,19822.298596307468,0.0,0.0,19116.28172561626,-1.0,0
Malaysia,2013,MYS,30174269.0,615585637854.0,72.412,2.185,1.1,0.201,140.97,36091.805,430.01,3.328,Asia,20401.012460450987,1.337,0.129,19822.298596307468,0.22083479215285062,0
Malaysia,2014,MYS,30696133.0,652563833807.0,113.587,3.487,0.69,0.318,147.47,35757.457,429.458,3.679,Asia,21258.828719793466,2.185,0.201,20401.012460450987,1.1201971824770238,0
Malaysia,2015,MYS,31232796.0,685237676618.0,144.753,4.521,0.75,0.406,150.11,35686.035,398.729,3.849,Asia,21939.684062163375,3.487,0.318,21258.828719793466,1.3279645050708573,0
Malaysia,2016,MYS,31789692.0,715730748101.0,142.217,4.521,0.76,0.387,156.65,36876.836,443.145,4.961,Asia,22514.554343621825,4.521,0.406,21939.684062163375,,0
Malaysia,2017,MYS,32355642.0,757336192678.0,136.138,4.405,0.76,0.372,160.64,36732.113,417.474,6.312,Asia,23406.61924365463,4.521,0.387,22514.554343621825,0.27591170017526867,0
Malaysia,2018,MYS,32910963.0,794013962862.0,153.97,5.067,1.35,0.42,170.58,36769.809,423.708,6.332,Asia,24126.123652534872,4.405,0.372,23406.61924365463,0.15053250861317125,0
Malaysia,2019,MYS,33440590.0,829053844392.0,225.211,7.531,1.14,0.609,178.5,37119.496,460.362,6.431,Asia,24791.842619762392,5.067,0.42,24126.123652534872,0.07760548030610215,0
Malaysia,2020,MYS,33889554.0,783174020832.0,271.269,9.193,1.23,0.771,174.01,35317.523,382.432,7.175,Asia,23109.599519427138,7.531,0.609,24791.842619762392,0.10744872662172233,0
Malaysia,2021,MYS,34282404.0,807389756202.0,280.365,9.612,1.23,0.771,175.21,36500.762,371.007,7.646,Asia,23551.141751961153,9.193,0.771,23109.599519427138,0.1525095973974615,0
Malaysia,2022,MYS,34695494.0,877584198429.0,399.629,13.865,1.23,1.027,183.63,39068.727,449.954,7.833,Asia,25293.89546749212,9.612,0.771,23551.141751961153,0.16888980263759357,0
Malaysia,2023,MYS,35126295.0,,437.218,15.358,1.23,1.164,187.8,37724.605,488.648,8.117,Asia,,13.865,1.027,25293.89546749212,0.22302066130385811,0
Malaysia,2024,MYS,35557670.0,,475.458,16.906,1.71,1.228,198.12,38865.867,499.9,8.282,Asia,,15.358,1.164,,0.15317814519397,0
Mexico,2000,MEX,98625553.0,1241194674661.0,9.21,0.908,6.36,0.054,203.62,17198.152,1120.538,6.665,North America,12584.919799243104,,,,,0
Mexico,2001,MEX,100099101.0,1251502726420.0,9.243,0.925,6.25,0.055,210.22,16786.094,1107.69,5.91,North America,12502.637025880982,0.908,0.054,12584.919799243104,,0
Mexico,2002,MEX,101548627.0,1275458026881.0,8.541,0.867,6.07,0.05,215.73,16948.551,1052.222,5.125,North America,12560.071608658973,0.925,0.055,12502.637025880982,,0
Mexico,2003,MEX,102978517.0,1306677417369.0,8.313,0.856,6.95,0.049,224.9,16915.814,1086.206,4.41,North America,12688.835064200817,0.867,0.05,12560.071608658973,,0
Mexico,2004,MEX,104394131.0,1373060298988.0,8.366,0.873,7.26,0.047,235.39,17662.844,1138.656,4.989,North America,13152.657968751137,0.856,0.049,12688.835064200817,,0
Mexico,2005,MEX,105811504.0,1427140428046.0,9.164,0.97,8.14,0.048,247.97,19092.096,1226.796,5.005,North America,13487.573412112166,0.873,0.047,13152.657968751137,-0.007830941708272032,0
Mexico,2006,MEX,107253666.0,1510732401129.0,9.226,0.99,7.49,0.048,256.25,19108.301,1185.092,5.178,North America,14085.601522739558,0.97,0.048,13487.573412112166,0.009545739488669991,0
Mexico,2007,MEX,108774356.0,1572479287017.0,8.73,0.95,8.25,0.046,263.26,19017.145,1236.532,4.846,North America,14456.341961859098,0.99,0.048,14085.601522739558,0.026888332477267518,0
Mexico,2008,MEX,110374286.0,1607479004533.0,8.904,0.983,7.9,0.046,269.29,19512.02,1275.995,6.043,North America,14563.890402271776,0.95,0.046,14456.341961859098,0.02105695552925546,0
Mexico,2009,MEX,111999720.0,1543820957956.0,9.475,1.061,7.55,0.05,267.76,18904.01,1219.6,4.559,North America,13784.150156411106,0.983,0.046,14563.890402271776,0.024018622883397178,0
Mexico,2010,MEX,113623898.0,1638271507559.0,9.776,1.111,8.0,0.052,275.57,18706.043,1171.315,5.953,North America,14418.370927205824,1.061,0.05,13784.150156411106,0.018095997136257536,0
Mexico,2011,MEX,115243503.0,1716088331953.0,8.907,1.026,7.97,0.046,292.15,19279.93,1188.146,5.602,North America,14890.97682107945,1.111,0.052,14418.370927205824,0.023330157291459486,0
Mexico,2012,MEX,116818208.0,1774999946047.0,10.188,1.19,7.45,0.053,296.39,19191.277,1213.666,5.194,North America,15194.548661857576,1.026,0.046,14890.97682107945,0.015511278397481565,0
Mexico,2013,MEX,118343572.0,1803059285337.0,10.042,1.188,7.87,0.053,297.12,18952.084,1175.109,4.834,North America,15235.802459444101,1.19,0.053,15194.548661857576,0.03895966791932959,0
Mexico,2014,MEX,119784265.0,1854551091374.0,15.337,1.837,8.1,0.083,303.33,18621.592,1121.491,6.426,North America,15482.42660564808,1.188,0.053,15235.802459444101,0.022869458483639304,0
Mexico,2015,MEX,121072310.0,1916008739051.0,16.137,1.954,8.4,0.089,310.36,18215.734,1087.805,5.862,North America,15825.325700409945,1.837,0.083,15482.42660564808,0.10580619713443062,0
Mexico,2016,MEX,122251344.0,1961906742138.0,16.935,2.07,8.32,0.091,320.35,18618.848,1117.682,5.731,North America,16048.140478013886,1.954,0.089,15825.325700409945,0.13751056689108698,0
Mexico,2017,MEX,123400052.0,2007719438156.0,17.722,2.187,8.09,0.094,329.09,18879.297,1090.648,5.77,North America,16270.004798344817,2.07,0.091,16048.140478013886,0.11708103005604009,0
Mexico,2018,MEX,124573713.0,2051539127317.0,19.598,2.441,7.36,0.107,349.29,18337.242,1021.472,6.343,North America,16468.475394299276,2.187,0.094,16270.004798344817,0.1298127422294526,0
Mexico,2019,MEX,125762978.0,2047701179708.0,21.437,2.696,7.21,0.12,344.57,17971.641,974.052,6.641,North America,16282.225598283781,2.441,0.107,16468.475394299276,0.05850210159327318,0
Mexico,2020,MEX,126799053.0,1880176557054.0,23.269,2.95,7.01,0.143,325.73,16329.474,838.945,8.668,North America,14828.001570753057,2.696,0.12,16282.225598283781,0.06649559425134144,0
Mexico,2021,MEX,127648151.0,1973141022977.0,19.888,2.539,6.11,0.116,328.59,17223.479,956.651,9.538,North America,15457.654556837255,2.95,0.143,14828.001570753057,0.07342160974992562,0
Mexico,2022,MEX,128613116.0,2033437602787.0,21.169,2.723,6.7,0.119,340.15,17858.697,1048.408,9.243,North America,15810.499473374084,2.539,0.116,15457.654556837255,0.03029782631316169,0
Mexico,2023,MEX,129739761.0,,21.654,2.809,6.63,0.123,351.7,17682.662,991.904,7.928,North America,,2.723,0.119,15810.499473374084,0.022106081618641582,0
Mexico,2024,MEX,130861001.0,,21.571,2.823,5.99,0.123,355.18,17653.777,1000.66,8.251,North America,,2.809,0.123,,0.008245680911324937,0
Mongolia,2000,MNG,2455182.0,7225650413.0,0.0,0.0,0.0,,2.9,6921.876,,,Asia,2943.0202783337445,,,,,0
Mongolia,2001,MNG,2477704.0,7799420655.0,0.0,0.0,0.0,,2.97,6804.768,,,Asia,3147.841975877667,0.0,,2943.0202783337445,,0
Mongolia,2002,MNG,2500074.0,8569503317.0,0.0,0.0,0.0,,3.09,7188.687,,,Asia,3427.69986688394,0.0,,3147.841975877667,,0
Mongolia,2003,MNG,2521809.0,9616040556.0,0.0,0.0,0.0,,3.11,7071.168,,,Asia,3813.1518112592985,0.0,,3427.69986688394,,0
Mongolia,2004,MNG,2542801.0,11156311740.0,0.0,0.0,0.0,,3.28,7747.934,,,Asia,4387.4104737256275,0.0,,3813.1518112592985,,0
Mongolia,2005,MNG,2563466.0,12547451302.0,0.0,0.0,0.0,,3.4,7940.083,,,Asia,4894.7211712579765,0.0,,4387.4104737256275,,0
Mongolia,2006,MNG,2584761.0,14288905306.0,0.0,0.0,0.0,,3.53,8309.95,,,Asia,5528.1340541736745,0.0,,4894.7211712579765,,0
Mongolia,2007,MNG,2607976.0,16520107221.0,0.0,0.0,0.0,,3.71,9135.48,,,Asia,6334.455233100304,0.0,,5528.1340541736745,,0
Mongolia,2008,MNG,2634431.0,18865759800.0,0.0,0.0,0.0,,4.0,9536.326,,,Asia,7161.227528828806,0.0,,6334.455233100304,,0
Mongolia,2009,MNG,2665333.0,19534582355.0,0.0,0.0,0.0,,4.04,9992.191,,,Asia,7329.133866199833,0.0,,7161.227528828806,,0
Mongolia,2010,MNG,2701739.0,21791068014.0,0.0,0.0,0.0,,4.32,12244.189,,,Asia,8065.5711058692195,0.0,,7329.133866199833,,0
Mongolia,2011,MNG,2745183.0,26811268000.0,0.0,0.0,0.0,,4.54,12809.284,,,Asia,9766.659636169974,0.0,,8065.5711058692195,,0
Mongolia,2012,MNG,2795463.0,30114910000.0,0.0,0.0,0.0,,4.81,14956.306,,,Asia,10772.780752240327,0.0,,9766.659636169974,,0
Mongolia,2013,MNG,2851887.0,33619040000.0,0.0,0.0,0.0,,5.02,16651.838,,,Asia,11788.349257877328,0.0,,10772.780752240327,,0
Mongolia,2014,MNG,2913041.0,36271699000.0,0.0,0.0,0.0,,5.38,16812.264,,,Asia,12451.489354252137,0.0,,11788.349257877328,,0
Mongolia,2015,MNG,2976528.0,37107214000.0,0.0,0.0,0.0,,5.51,15730.632,,,Asia,12466.610090682836,0.0,,12451.489354252137,,0
Mongolia,2016,MNG,3040815.0,37322351698.0,0.0,0.0,0.0,,5.67,15564.2,,,Asia,12273.798865764606,0.0,,12466.610090682836,,0
Mongolia,2017,MNG,3104371.0,39053686549.0,0.0,0.0,0.0,,6.03,16759.918,,,Asia,12580.225285251021,0.0,,12273.798865764606,,0
Mongolia,2018,MNG,3167714.0,41646694213.0,0.0,0.0,0.0,,6.57,17967.139,,,Asia,13147.239369778963,0.0,,12580.225285251021,,0
Mongolia,2019,MNG,3232118.0,43979841080.0,0.0,0.0,0.0,,6.94,19338.586,,,Asia,13607.12730166411,0.0,,13147.239369778963,,0
Mongolia,2020,MNG,3290786.0,41975349786.0,0.0,0.0,0.0,,6.64,18992.549,,,Asia,12755.417637609982,0.0,,13607.12730166411,,0
Mongolia,2021,MNG,3339676.0,42662390805.0,0.0,0.0,0.0,,7.44,18217.949,,,Asia,12774.410093973187,0.0,,12755.417637609982,,0
Mongolia,2022,MNG,3386015.0,44809463232.0,0.0,0.0,0.0,,7.75,15471.304,,,Asia,13233.687160866091,0.0,,12774.410093973187,,0
Mongolia,2023,MNG,3431938.0,,0.0,0.0,0.0,,8.29,19674.547,,,Asia,,0.0,,13233.687160866091,,0
Mongolia,2024,MNG,3475541.0,,0.0,0.0,0.0,,8.82,,,,Asia,,0.0,,,,0
Morocco,2000,MAR,28423439.0,136639290851.0,0.0,0.0,0.0,0.0,13.7,4132.624,83.483,1.851,Africa,4807.275110200423,,,,,0
Morocco,2001,MAR,28814646.0,146692867628.0,0.0,0.0,0.0,0.0,15.6,4404.2,83.637,2.328,Africa,5090.913406605793,0.0,0.0,4807.275110200423,,0
Morocco,2002,MAR,29198146.0,151385794465.0,0.0,0.0,0.0,0.0,15.1,4455.488,87.036,2.185,Africa,5184.774213575068,0.0,0.0,5090.913406605793,,0
Morocco,2003,MAR,29571415.0,160559931983.0,0.0,0.0,0.0,0.0,16.34,4411.36,87.084,3.443,Africa,5429.565409129053,0.0,0.0,5184.774213575068,,0
Morocco,2004,MAR,29953021.0,168466885680.0,0.0,0.0,0.0,0.0,17.47,4959.868,100.616,3.273,Africa,5624.370432618466,0.0,0.0,5429.565409129053,,0
Morocco,2005,MAR,30358145.0,174390745088.0,0.0,0.0,0.0,0.0,19.26,5314.354,109.334,1.954,Africa,5744.446674459194,0.0,0.0,5624.370432618466,,0
Morocco,2006,MAR,30771179.0,188101125607.0,0.0,0.0,0.0,0.0,19.87,5351.266,110.873,1.895,Africa,6112.89952871159,0.0,0.0,5744.446674459194,,0
Morocco,2007,MAR,31186468.0,195286744421.0,0.0,0.0,0.0,0.0,19.69,5233.948,115.995,1.927,Africa,6261.906427524912,0.0,0.0,6112.89952871159,,0
Morocco,2008,MAR,31606769.0,207385199268.0,0.0,0.0,0.0,0.0,20.35,5699.121,127.884,1.78,Africa,6561.417247931922,0.0,0.0,6261.906427524912,,0
Morocco,2009,MAR,32030779.0,216763299753.0,0.0,0.0,0.0,0.0,20.93,5488.149,129.223,4.431,Africa,6767.343989760599,0.0,0.0,6561.417247931922,,0
Morocco,2010,MAR,32467009.0,225643836837.0,0.0,0.0,0.0,0.0,22.85,6004.753,143.708,5.532,Africa,6949.942227108139,0.0,0.0,6767.343989760599,,0
Morocco,2011,MAR,32912585.0,238103276789.0,0.0,0.0,0.0,0.0,24.36,6220.948,153.339,3.421,Africa,7234.414336917018,0.0,0.0,6949.942227108139,,0
Morocco,2012,MAR,33355246.0,245270189355.0,0.0,0.0,0.0,0.0,26.51,6248.547,154.291,2.923,Africa,7353.271786842765,0.0,0.0,7234.414336917018,,0
Morocco,2013,MAR,33787573.0,256393198875.0,0.0,0.0,0.0,0.0,26.94,6333.073,156.063,4.796,Africa,7588.387567079766,0.0,0.0,7353.271786842765,,0
Morocco,2014,MAR,34204784.0,263251716082.0,0.0,0.0,0.01,0.0,28.08,6344.875,148.685,4.187,Africa,7696.342011164286,0.0,0.0,7588.387567079766,,0
Morocco,2015,MAR,34607590.0,274689990243.0,0.0,0.0,0.01,0.0,29.91,6381.802,145.515,5.072,Africa,7937.275905169935,0.0,0.0,7696.342011164286,,0
Morocco,2016,MAR,35023459.0,276121131010.0,0.0,0.0,0.01,0.0,30.87,6376.418,149.065,5.258,Africa,7883.890937499919,0.0,0.0,7937.275905169935,,0
Morocco,2017,MAR,35446395.0,290087315215.0,0.0,0.0,0.04,0.0,31.94,6595.896,157.804,4.972,Africa,8183.831253220532,0.0,0.0,7883.890937499919,,0
Morocco,2018,MAR,35839760.0,298981397583.0,0.0,0.0,0.04,0.0,34.56,6747.087,154.051,6.699,Africa,8342.17075066909,0.0,0.0,8183.831253220532,,0
Morocco,2019,MAR,36210907.0,307624970074.0,0.0,0.0,0.04,0.0,40.38,7286.229,156.342,7.11,Africa,8495.367709900223,0.0,0.0,8342.17075066909,,0
Morocco,2020,MAR,36584208.0,285515953096.0,0.0,0.0,0.04,0.0,38.8,6625.93,136.38,7.142,Africa,7804.349710016956,0.0,0.0,8495.367709900223,,0
Morocco,2021,MAR,36954443.0,308157391278.0,0.0,0.0,0.04,0.0,41.3,7275.982,154.745,7.126,Africa,8338.845515219915,0.0,0.0,7804.349710016956,,0
Morocco,2022,MAR,37329068.0,311654947615.0,0.0,0.0,0.04,0.0,41.41,7146.277,159.524,6.616,Africa,8348.854239141465,0.0,0.0,8338.845515219915,,0
Morocco,2023,MAR,37712516.0,,0.0,0.0,0.04,0.0,42.46,7189.806,158.349,7.974,Africa,,0.0,0.0,8348.854239141465,,0
Morocco,2024,MAR,38081176.0,,0.0,0.0,0.04,0.0,42.4,7256.846,168.339,8.673,Africa,,0.0,0.0,,,0
Mozambique,2017,MOZ,28166397.0,28213368238.0,0.0,0.0,0.14,,17.64,2194.465,,,Africa,1001.6676338830274,,,,,0
Mozambique,2018,MOZ,29018647.0,29185036688.0,0.0,0.0,0.12,,17.14,1625.51,,,Africa,1005.7338885579331,0.0,,1001.6676338830274,,0
Mozambique,2019,MOZ,29884378.0,29860675429.0,0.0,0.0,0.11,,18.99,1650.032,,,Africa,999.2068574758357,0.0,,1005.7338885579331,,0
Mozambique,2020,MOZ,30783685.0,29502646219.0,0.0,0.0,0.11,,19.02,1476.798,,,Africa,958.3857884135704,0.0,,999.2068574758357,,0
Mozambique,2021,MOZ,31707798.0,30189464161.0,0.0,0.0,0.11,,18.86,1653.995,,,Africa,952.1148129239375,0.0,,958.3857884135704,,0
Mozambique,2022,MOZ,32656242.0,31441725629.0,0.0,0.0,0.13,,19.56,1720.951,,,Africa,962.809058954181,0.0,,952.1148129239375,,0
Mozambique,2023,MOZ,33635163.0,,0.0,0.0,0.13,,19.96,1696.658,,,Africa,,0.0,,962.809058954181,,0
Mozambique,2024,MOZ,34631767.0,,0.0,0.0,0.13,,19.79,,,,Africa,,0.0,,,,0
Myanmar,2000,MMR,45290850.0,84093543935.0,0.0,0.0,0.0,,5.1,978.62,,,Asia,1856.7446611180847,,,,,0
Myanmar,2001,MMR,45771140.0,92175090616.0,0.0,0.0,0.0,,4.67,889.03,,,Asia,2013.825537576735,0.0,,1856.7446611180847,,0
Myanmar,2002,MMR,46232656.0,101591501239.0,0.0,0.0,0.0,,5.07,1016.454,,,Asia,2197.3970355283072,0.0,,2013.825537576735,,0
Myanmar,2003,MMR,46667191.0,113781428684.0,0.0,0.0,0.0,,5.42,1146.096,,,Asia,2438.1460774872867,0.0,,2197.3970355283072,,0
Myanmar,2004,MMR,47068779.0,127115611447.0,0.0,0.0,0.0,,5.61,1195.207,,,Asia,2700.635413699599,0.0,,2438.1460774872867,,0
Myanmar,2005,MMR,47438362.0,142039114248.0,0.0,0.0,0.0,,6.02,1532.599,,,Asia,2994.182519371137,0.0,,2700.635413699599,,0
Myanmar,2006,MMR,47785141.0,158028614076.0,0.0,0.0,0.0,,6.18,1418.06,,,Asia,3307.0659784387785,0.0,,2994.182519371137,,0
Myanmar,2007,MMR,48125047.0,174123352808.0,0.0,0.0,0.0,,6.4,1519.31,,,Asia,3618.144057251518,0.0,,3307.0659784387785,,0
Myanmar,2008,MMR,48390790.0,177512910900.0,0.0,0.0,0.0,,6.62,1358.99,,,Asia,3668.3201679493145,0.0,,3618.144057251518,,0
Myanmar,2009,MMR,48660458.0,183291522878.0,0.0,0.0,0.0,,6.97,1190.134,,,Asia,3766.7447124727023,0.0,,3668.3201679493145,,0
Myanmar,2010,MMR,49024376.0,189724140707.0,0.0,0.0,0.0,,8.62,1228.715,,,Asia,3869.9960343605394,0.0,,3766.7447124727023,,0
Myanmar,2011,MMR,49419825.0,197359087812.0,0.0,0.0,0.0,,10.43,1239.859,,,Asia,3993.520572199517,0.0,,3869.9960343605394,,0
Myanmar,2012,MMR,49837451.0,210159799971.0,0.0,0.0,0.19,,11.16,1518.668,,,Asia,4216.905073475768,0.0,,3993.520572199517,,0
Myanmar,2013,MMR,50262658.0,226760324221.0,0.0,0.0,0.21,,12.46,1748.04,,,Asia,4511.506817267801,0.0,,4216.905073475768,,0
Myanmar,2014,MMR,50681635.0,245354667120.0,0.0,0.0,0.22,,14.39,2079.958,,,Asia,4841.096131172564,0.0,,4511.506817267801,,0
Myanmar,2015,MMR,51089060.0,263690038660.0,0.0,0.0,0.21,,16.2,1894.966,,,Asia,5161.37972904571,0.0,,4841.096131172564,,0
Myanmar,2016,MMR,51495701.0,280587266112.0,0.0,0.0,0.21,,18.12,2201.666,,,Asia,5448.751267838844,0.0,,5161.37972904571,,0
Myanmar,2017,MMR,51894939.0,296721043920.0,0.0,0.0,0.23,,21.04,2868.16,,,Asia,5717.726037215305,0.0,,5448.751267838844,,0
Myanmar,2018,MMR,52272250.0,315726037240.0,0.0,0.0,0.25,,21.64,2971.094,,,Asia,6040.031512705116,0.0,,5717.726037215305,,0
Myanmar,2019,MMR,52640718.0,337037542855.0,0.0,0.0,0.26,,19.32,2882.835,,,Asia,6402.601553706011,0.0,,6040.031512705116,,0
Myanmar,2020,MMR,53016525.0,347785669977.0,0.0,0.0,0.26,,18.78,2892.347,,,Asia,6559.948430739284,0.0,,6402.601553706011,,0
Myanmar,2021,MMR,53387103.0,285399881185.0,0.0,0.0,0.26,,19.98,2767.67,,,Asia,5345.858178238291,0.0,,6559.948430739284,,0
Myanmar,2022,MMR,53756791.0,291025085135.0,0.0,0.0,0.27,,23.25,2488.871,,,Asia,5413.736194465179,0.0,,5345.858178238291,,0
Myanmar,2023,MMR,54133800.0,,0.0,0.0,0.27,,21.1,2457.113,,,Asia,,0.0,,5413.736194465179,,0
Myanmar,2024,MMR,54500086.0,,0.0,0.0,0.27,,21.71,,,,Asia,,0.0,,,,0
Netherlands,2000,NLD,16058757.0,603803040978.0,0.0,0.0,1.99,0.0,88.06,62695.977,486.182,0.895,Europe,37599.61253402116,,,,,0
Netherlands,2001,NLD,16182705.0,620170874924.0,0.0,0.0,2.35,0.0,92.14,64609.547,509.719,0.958,Europe,38323.0661946813,0.0,0.0,37599.61253402116,,0
Netherlands,2002,NLD,16288060.0,624424625610.0,0.0,0.0,2.9,0.0,94.64,64222.574,512.051,1.15,Europe,38336.34119778537,0.0,0.0,38323.0661946813,,0
Netherlands,2003,NLD,16366914.0,629811489833.0,0.0,0.0,2.54,0.0,95.47,64341.766,512.808,1.124,Europe,38480.77223556011,0.0,0.0,38336.34119778537,,0
Netherlands,2004,NLD,16425562.0,646331449347.0,0.0,0.0,3.31,0.0,99.82,66283.531,536.421,1.452,Europe,39349.122382966256,0.0,0.0,38480.77223556011,,0
Netherlands,2005,NLD,16465707.0,664118269501.0,0.0,0.0,5.26,0.0,98.53,67549.0,569.423,2.013,Europe,40333.41960360402,0.0,0.0,39349.122382966256,,0
Netherlands,2006,NLD,16493851.0,691453801614.0,28.216,0.465,5.17,0.043,97.52,66059.516,567.073,2.24,Europe,41921.91390682504,0.0,0.0,40333.41960360402,,0
Netherlands,2007,NLD,16531360.0,721200009128.0,229.792,3.799,4.0,0.343,103.68,66995.336,583.52,2.341,Europe,43626.17528914742,0.465,0.043,41921.91390682504,,0
Netherlands,2008,NLD,16597259.0,737705013303.0,198.818,3.3,5.13,0.302,106.21,65937.922,554.876,2.817,Europe,44447.40021849391,3.799,0.343,43626.17528914742,,0
Netherlands,2009,NLD,16684148.0,713986817901.0,258.902,4.32,6.11,0.401,112.35,64689.609,530.078,3.323,Europe,42794.3229645889,3.3,0.302,44447.40021849391,,0
Netherlands,2010,NLD,16771232.0,728193221597.0,157.899,2.648,7.04,0.226,118.1,69801.117,568.002,3.039,Europe,43419.18480389514,4.32,0.401,42794.3229645889,,0
Netherlands,2011,NLD,16851061.0,744614396708.0,220.985,3.724,7.06,0.334,112.64,66173.398,567.43,3.546,Europe,44187.98298267391,2.648,0.226,43419.18480389514,0.4160970092665608,0
Netherlands,2012,NLD,16915191.0,736942199791.0,229.55,3.883,7.2,0.355,102.27,64776.062,555.907,3.67,Europe,43566.886107936945,3.724,0.334,44187.98298267391,-0.003979961832784706,0
Netherlands,2013,NLD,16967066.0,735982982299.0,218.384,3.705,5.95,0.349,100.56,62644.008,529.226,3.61,Europe,43377.15090511229,3.883,0.355,43566.886107936945,0.03307223641199264,0
Netherlands,2014,NLD,17030085.0,746458868661.0,255.368,4.349,5.01,0.429,102.1,59678.543,518.625,3.651,Europe,43831.77586377285,3.705,0.349,43377.15090511229,-0.030247532991199422,0
Netherlands,2015,NLD,17107429.0,761083250759.0,217.494,3.721,4.94,0.363,108.99,60001.301,506.331,4.031,Europe,44488.46467572655,4.349,0.429,43831.77586377285,0.10431834151209674,0
Netherlands,2016,NLD,17204693.0,777764090323.0,172.908,2.975,4.91,0.286,113.96,60683.609,517.879,4.139,Europe,45206.50791751995,3.721,0.363,44488.46467572655,-0.0001611690209447625,0
Netherlands,2017,NLD,17315376.0,800404023156.0,222.208,3.848,4.6,0.367,116.04,60761.145,520.684,4.795,Europe,46225.04432800073,2.975,0.286,45206.50791751995,-0.05187867252762379,0
Netherlands,2018,NLD,17421285.0,819300805024.0,371.2,6.467,4.55,0.632,113.1,58901.457,506.277,5.505,Europe,47028.724059333166,3.848,0.367,46225.04432800073,0.007602810517475689,0
Netherlands,2019,NLD,17537505.0,835323029559.0,460.773,8.081,5.82,0.794,120.05,58248.688,493.692,6.709,Europe,47630.665226267934,6.467,0.632,47028.724059333166,0.08258670833998094,0
Netherlands,2020,NLD,17636732.0,802861622095.0,524.89,9.257,8.84,0.94,121.96,56095.609,469.743,9.735,Europe,45522.130862735794,8.081,0.794,47630.665226267934,0.16778014606238534,0
Netherlands,2021,NLD,17730565.0,841906706612.0,524.759,9.304,10.92,0.922,120.89,57247.258,470.535,11.483,Europe,47483.3546822676,9.257,0.94,45522.130862735794,0.254863995532296,0
Netherlands,2022,NLD,17904421.0,879609110665.0,663.383,11.877,9.82,1.254,119.96,53288.391,460.971,14.417,Europe,49128.039977668086,9.304,0.922,47483.3546822676,0.1931276976404266,0
Netherlands,2023,NLD,18092526.0,,616.985,11.163,7.64,1.199,119.96,51949.645,463.736,16.63,Europe,,11.877,1.254,49128.039977668086,0.12927777008160213,0
Netherlands,2024,NLD,18228740.0,,516.052,9.407,6.68,1.025,122.33,50824.402,432.999,18.119,Europe,,11.163,1.199,,0.06675125777396751,0
New Caledonia,2000,NCL,223110.0,,0.0,0.0,0.0,,1.64,40982.809,,,Oceania,,,,,,0
New Caledonia,2001,NCL,227714.0,,0.0,0.0,0.0,,1.72,38821.219,,,Oceania,,0.0,,,,0
New Caledonia,2002,NCL,232239.0,,0.0,0.0,0.0,,1.75,41888.996,,,Oceania,,0.0,,,,0
New Caledonia,2003,NCL,236684.0,,0.0,0.0,0.0,,1.75,44709.664,,,Oceania,,0.0,,,,0
New Caledonia,2004,NCL,240865.0,,0.0,0.0,0.0,,1.67,42506.266,,,Oceania,,0.0,,,,0
New Caledonia,2005,NCL,244391.0,,0.0,0.0,0.0,,1.88,46059.676,,,Oceania,,0.0,,,,0
New Caledonia,2006,NCL,247557.0,,0.0,0.0,0.0,,1.87,45058.117,,,Oceania,,0.0,,,,0
New Caledonia,2007,NCL,250730.0,,0.0,0.0,0.0,,1.93,47088.543,,,Oceania,,0.0,,,,0
New Caledonia,2008,NCL,253831.0,,0.0,0.0,0.0,,1.86,46293.129,,,Oceania,,0.0,,,,0
New Caledonia,2009,NCL,257261.0,,0.0,0.0,0.0,,1.94,46386.137,,,Oceania,,0.0,,,,0
New Caledonia,2010,NCL,261580.0,,0.0,0.0,0.0,,2.12,54476.797,,,Oceania,,0.0,,,,0
New Caledonia,2011,NCL,266550.0,,0.0,0.0,0.0,,2.26,52115.16,,,Oceania,,0.0,,,,0
New Caledonia,2012,NCL,271640.0,,0.0,0.0,0.0,,2.29,54380.004,,,Oceania,,0.0,,,,0
New Caledonia,2013,NCL,276832.0,,0.0,0.0,0.0,,2.51,57012.297,,,Oceania,,0.0,,,,0
New Caledonia,2014,NCL,281233.0,,0.0,0.0,0.0,,3.01,66096.523,,,Oceania,,0.0,,,,0
New Caledonia,2015,NCL,283179.0,,0.0,0.0,0.0,,2.9,66969.797,,,Oceania,,0.0,,,,0
New Caledonia,2016,NCL,283432.0,,0.0,0.0,0.0,,3.14,72312.383,,,Oceania,,0.0,,,,0
New Caledonia,2017,NCL,283554.0,,0.0,0.0,0.0,,3.23,69077.992,,,Oceania,,0.0,,,,0
New Caledonia,2018,NCL,283551.0,,0.0,0.0,0.0,,3.5,77017.227,,,Oceania,,0.0,,,,0
New Caledonia,2019,NCL,283616.0,,0.0,0.0,0.0,,3.33,72879.398,,,Oceania,,0.0,,,,0
New Caledonia,2020,NCL,284187.0,,0.0,0.0,0.0,,3.24,67648.062,,,Oceania,,0.0,,,,0
New Caledonia,2021,NCL,285227.0,,0.0,0.0,0.0,,2.91,59830.672,,,Oceania,,0.0,,,,0
New Caledonia,2022,NCL,287130.0,,0.0,0.0,0.0,,3.09,63128.047,,,Oceania,,0.0,,,,0
New Caledonia,2023,NCL,289879.0,,0.0,0.0,0.0,,3.09,63832.758,,,Oceania,,0.0,,,,0
New Caledonia,2024,NCL,292655.0,,0.0,0.0,0.0,,3.12,,,,Oceania,,0.0,,,,0
New Zealand,2000,NZL,3857576.0,104942102861.0,0.0,0.0,0.85,0.0,38.91,59508.152,74.423,35.364,Oceania,27204.156926785112,,,,,0
New Zealand,2001,NZL,3891763.0,107226686179.0,0.0,0.0,0.72,0.0,39.28,58452.426,75.244,31.767,Oceania,27552.213785628777,0.0,0.0,27204.156926785112,,0
New Zealand,2002,NZL,3951116.0,112775904669.0,0.0,0.0,0.58,0.0,40.21,59550.859,77.483,34.139,Oceania,28542.797697916234,0.0,0.0,27552.213785628777,,0
New Zealand,2003,NZL,4022585.0,118221542739.0,0.0,0.0,0.55,0.0,40.37,56697.605,82.197,33.366,Oceania,29389.44552793788,0.0,0.0,28542.797697916234,,0
New Zealand,2004,NZL,4083912.0,123732222489.0,0.0,0.0,0.64,0.0,42.27,57464.543,81.031,36.99,Oceania,30297.475187761145,0.0,0.0,29389.44552793788,,0
New Zealand,2005,NZL,4135002.0,127087212440.0,0.0,0.0,0.68,0.0,42.48,55322.531,85.439,33.787,Oceania,30734.498421040666,0.0,0.0,30297.475187761145,,0
New Zealand,2006,NZL,4181943.0,130823651084.0,0.0,0.0,0.74,0.0,43.04,55061.594,85.79,34.047,Oceania,31282.98283453409,0.0,0.0,30734.498421040666,,0
New Zealand,2007,NZL,4223270.0,136252900902.0,3.063,0.013,0.74,0.006,43.38,54329.863,86.175,34.701,Oceania,32262.417724180552,0.0,0.0,31282.98283453409,,0
New Zealand,2008,NZL,4261819.0,135932629621.0,7.306,0.031,0.73,0.014,43.39,53992.191,87.225,33.836,Oceania,31895.448779265378,0.013,0.006,32262.417724180552,,0
New Zealand,2009,NZL,4304304.0,136500728040.0,7.41,0.032,0.76,0.014,42.95,53324.062,83.422,37.362,Oceania,31712.6132447894,0.031,0.014,31895.448779265378,,0
New Zealand,2010,NZL,4347766.0,139478805582.0,11.2,0.049,0.77,0.021,44.31,54081.445,84.065,38.311,Oceania,32080.568637318567,0.032,0.014,31712.6132447894,,0
New Zealand,2011,NZL,4382699.0,142521900112.0,13.554,0.059,0.76,0.025,43.86,53868.23,86.091,39.187,Oceania,32519.207938304684,0.049,0.021,32080.568637318567,,0
New Zealand,2012,NZL,4411682.0,146280651356.0,16.505,0.073,0.8,0.031,43.75,53913.836,85.015,36.696,Oceania,33157.569234591254,0.059,0.025,32519.207938304684,0.35326151701018493,0
New Zealand,2013,NZL,4453857.0,149512485774.0,5.831,0.026,0.8,0.011,42.7,53789.949,86.037,36.769,Oceania,33569.21557517451,0.073,0.031,33157.569234591254,0.18684015949694066,0
New Zealand,2014,NZL,4522976.0,154422989929.0,6.829,0.031,0.8,0.012,42.92,55422.555,87.715,37.452,Oceania,34141.89903483901,0.026,0.011,33569.21557517451,-0.04067740418734689,0
New Zealand,2015,NZL,4614035.0,160782215776.0,6.67,0.031,0.82,0.012,43.57,54663.062,91.329,38.143,Oceania,34846.33640100259,0.031,0.012,34141.89903483901,-0.08749947549448944,0
New Zealand,2016,NZL,4714768.0,167418113760.0,7.273,0.034,0.81,0.013,43.15,54230.543,94.553,38.817,Oceania,35509.300512771784,0.031,0.012,34846.33640100259,-0.1207711371410769,0
New Zealand,2017,NZL,4812749.0,174187918857.0,5.389,0.026,0.8,0.01,43.66,53988.824,99.151,37.085,Oceania,36193.01959379141,0.034,0.013,35509.300512771784,-0.1417156149514709,0
New Zealand,2018,NZL,4900840.0,181445758308.0,6.884,0.034,0.77,0.013,43.73,52734.938,99.426,38.098,Oceania,37023.39972494511,0.026,0.01,36193.01959379141,0.0,0
New Zealand,2019,NZL,4989410.0,187274507980.0,9.494,0.047,0.79,0.018,43.75,52824.816,101.83,36.9,Oceania,37534.39945404366,0.034,0.013,37023.39972494511,0.018646376444729995,0
New Zealand,2020,NZL,5069895.0,184971347287.0,16.855,0.085,0.78,0.036,43.35,47200.766,84.275,39.275,Oceania,36484.25604218628,0.047,0.018,37534.39945404366,0.08679400183142283,0
New Zealand,2021,NZL,5107694.0,196312458906.0,13.054,0.067,0.8,0.028,43.55,46175.445,83.893,40.316,Oceania,38434.655424933444,0.085,0.036,36484.25604218628,0.20112443398143132,0
New Zealand,2022,NZL,5131731.0,200602760076.0,10.713,0.055,0.75,0.024,43.25,45347.203,82.972,43.295,Oceania,39090.66162587244,0.067,0.028,38434.655424933444,0.20842664037011827,0
New Zealand,2023,NZL,5172837.0,,12.424,0.064,0.66,0.027,42.89,46344.711,88.69,42.265,Oceania,,0.055,0.024,39090.66162587244,0.10097321782112134,0
New Zealand,2024,NZL,5213942.0,,12.269,0.064,0.78,0.027,44.01,44711.75,89.66,42.554,Oceania,,0.064,0.027,,0.06369329876901708,0
Nigeria,2000,NGA,126382490.0,268133056679.0,0.0,0.0,0.01,,14.74,1704.075,,,Africa,2121.5997301445796,,,,,0
Nigeria,2001,NGA,129862594.0,293371700731.0,0.0,0.0,0.01,,15.47,1880.878,,,Africa,2259.0931822215102,0.0,,2121.5997301445796,,0
Nigeria,2002,NGA,133471995.0,344836483316.0,0.0,0.0,0.01,,21.55,1880.187,,,Africa,2583.586791491354,0.0,,2259.0931822215102,,0
Nigeria,2003,NGA,137202646.0,387284228400.0,0.0,0.0,0.01,,20.2,1946.971,,,Africa,2822.7169059115668,0.0,,2583.586791491354,,0
Nigeria,2004,NGA,141057045.0,438814816180.0,0.0,0.0,0.01,,24.29,1961.007,,,Africa,3110.9032248619696,0.0,,2822.7169059115668,,0
Nigeria,2005,NGA,145017256.0,481797619872.0,0.0,0.0,0.01,,23.55,2102.179,,,Africa,3322.3468238290207,0.0,,3110.9032248619696,,0
Nigeria,2006,NGA,149077335.0,527631752471.0,0.0,0.0,0.01,,23.12,1838.13,,,Africa,3539.315701283498,0.0,,3322.3468238290207,,0
Nigeria,2007,NGA,153267254.0,581001445796.0,0.0,0.0,0.01,,22.99,1643.461,,,Africa,3790.7735059701663,0.0,,3539.315701283498,,0
Nigeria,2008,NGA,157595014.0,638908028616.0,0.0,0.0,0.01,,21.12,1969.013,,,Africa,4054.1132133533106,0.0,,3790.7735059701663,,0
Nigeria,2009,NGA,162049466.0,709931188516.0,0.0,0.0,0.01,,19.79,1211.625,,,Africa,4380.953581889618,0.0,,4054.1132133533106,,0
Nigeria,2010,NGA,166642888.0,809999411809.0,0.0,0.0,0.01,,26.13,1445.278,,,Africa,4860.68995521129,0.0,,4380.953581889618,,0
Nigeria,2011,NGA,171379602.0,871103799000.0,0.0,0.0,0.01,,27.04,2022.947,,,Africa,5082.890780665951,0.0,,4860.68995521129,,0
Nigeria,2012,NGA,176200627.0,908380661120.0,0.0,0.0,0.01,,28.74,1987.339,,,Africa,5155.377007370127,0.0,,5082.890780665951,,0
Nigeria,2013,NGA,181049440.0,957382666012.0,0.0,0.0,0.02,,28.93,2503.916,,,Africa,5287.962591941737,0.0,,5155.377007370127,,0
Nigeria,2014,NGA,185896917.0,1017790765613.0,0.0,0.0,0.02,,32.28,2658.422,,,Africa,5475.027676833392,0.0,,5287.962591941737,,0
Nigeria,2015,NGA,190671883.0,1044789628210.0,0.0,0.0,0.02,,33.17,2458.865,,,Africa,5479.515971476508,0.0,,5475.027676833392,,0
Nigeria,2016,NGA,195443698.0,1027896680223.0,0.0,0.0,0.03,,36.54,2431.617,,,Africa,5259.298154617398,0.0,,5479.515971476508,,0
Nigeria,2017,NGA,200254580.0,1036180414988.0,0.0,0.0,0.02,,32.24,2297.201,,,Africa,5174.315688500108,0.0,,5259.298154617398,,0
Nigeria,2018,NGA,204938752.0,1056103594567.0,0.0,0.0,0.03,,36.71,2398.611,,,Africa,5153.2644961505375,0.0,,5174.315688500108,,0
Nigeria,2019,NGA,209485637.0,1079426893318.0,0.0,0.0,0.03,,36.46,2457.388,,,Africa,5152.748936758848,0.0,,5153.2644961505375,,0
Nigeria,2020,NGA,213996185.0,1060059201469.0,0.0,0.0,0.04,,38.0,2221.549,,,Africa,4953.6359793937445,0.0,,5152.748936758848,,0
Nigeria,2021,NGA,218529286.0,1098721596994.0,0.0,0.0,0.06,,39.2,2345.254,,,Africa,5027.800241812898,0.0,,4953.6359793937445,,0
Nigeria,2022,NGA,223150906.0,1134448580250.0,0.0,0.0,0.06,,38.0,2319.896,,,Africa,5083.773131756857,0.0,,5027.800241812898,,0
Nigeria,2023,NGA,227882949.0,,0.0,0.0,0.06,,40.92,2342.639,,,Africa,,0.0,,5083.773131756857,,0
Nigeria,2024,NGA,232679482.0,,0.0,0.0,0.06,,37.56,,,,Africa,,0.0,,,,0
North Macedonia,2000,MKD,2057254.0,16307994486.0,0.0,0.0,0.0,0.0,6.81,14994.607,11.269,10.608,Europe,7927.069037658937,,,,,0
North Macedonia,2001,MKD,2066300.0,15872667390.0,0.0,0.0,0.0,0.0,6.37,14046.638,9.232,5.981,Europe,7681.685810385714,0.0,0.0,7927.069037658937,,0
North Macedonia,2002,MKD,2074482.0,16017432272.0,0.0,0.0,0.0,0.0,6.09,13671.603,10.424,7.348,Europe,7721.171970641346,0.0,0.0,7681.685810385714,,0
North Macedonia,2003,MKD,2081417.0,16466000239.0,0.0,0.0,0.0,0.0,6.73,15362.422,10.086,11.797,Europe,7910.956929341886,0.0,0.0,7721.171970641346,,0
North Macedonia,2004,MKD,2086581.0,17324217189.0,0.0,0.0,0.0,0.0,6.66,15133.405,10.276,12.822,Europe,8302.681366790937,0.0,0.0,7910.956929341886,,0
North Macedonia,2005,MKD,2089809.0,18219129334.0,0.0,0.0,0.0,0.0,6.94,15591.887,10.619,12.409,Europe,8718.083487055515,0.0,0.0,8302.681366790937,,0
North Macedonia,2006,MKD,2089232.0,19227779553.0,0.0,0.0,0.0,0.0,7.01,15883.402,11.224,13.409,Europe,9203.27639678121,0.0,0.0,8718.083487055515,,0
North Macedonia,2007,MKD,2081972.0,20547244002.0,0.0,0.0,0.0,0.0,6.5,15791.787,12.111,8.212,Europe,9869.126002655175,0.0,0.0,9203.27639678121,,0
North Macedonia,2008,MKD,2070837.0,21752220835.0,7.097,0.015,0.0,0.046,6.31,15354.295,10.954,7.049,Europe,10504.071945305208,0.0,0.0,9869.126002655175,,0
North Macedonia,2009,MKD,2060601.0,21758909955.0,10.659,0.022,0.0,0.071,6.82,15111.765,11.272,10.849,Europe,10559.496940455721,0.015,0.046,10504.071945305208,,0
North Macedonia,2010,MKD,2051510.0,22583127369.0,2.48,0.005,0.0,0.015,7.26,16523.738,10.98,18.923,Europe,11008.051322684267,0.022,0.071,10559.496940455721,,0
North Macedonia,2011,MKD,2040445.0,23201482935.0,1.642,0.003,0.0,0.01,6.76,16560.482,11.352,11.084,Europe,11370.795554401124,0.005,0.015,11008.051322684267,,0
North Macedonia,2012,MKD,2027288.0,23095684802.0,1.298,0.003,0.0,0.008,6.26,15466.217,10.972,8.636,Europe,11392.404434890355,0.003,0.01,11370.795554401124,,0
North Macedonia,2013,MKD,2013280.0,23771197646.0,5.212,0.01,0.0,0.035,6.09,14960.775,10.721,13.683,Europe,11807.199021497257,0.003,0.008,11392.404434890355,-0.27522033632230447,0
North Macedonia,2014,MKD,1997842.0,24633991465.0,1.811,0.004,0.0,0.013,5.38,13996.478,10.639,11.857,Europe,12330.300126336317,0.01,0.035,11807.199021497257,-0.14588674088525466,0
North Macedonia,2015,MKD,1980366.0,25583815729.0,1.863,0.004,0.02,0.013,5.65,14884.378,11.401,17.673,Europe,12918.731047190267,0.004,0.013,12330.300126336317,-0.043647500209963,0
North Macedonia,2016,MKD,1961268.0,26312536822.0,0.949,0.002,0.04,0.006,5.63,15598.139,12.804,17.241,Europe,13416.084299544988,0.004,0.013,12918.731047190267,0.059223841048812176,0
North Macedonia,2017,MKD,1940877.0,26597107306.0,0.747,0.001,0.05,0.005,5.6,15164.854,12.186,11.201,Europe,13703.654227444604,0.002,0.006,13416.084299544988,-0.07789208851827223,0
North Macedonia,2018,MKD,1919730.0,27363281668.0,0.55,0.001,0.05,0.004,5.61,15849.292,12.718,16.351,Europe,14253.713630562632,0.001,0.005,13703.654227444604,-0.36904265551980675,0
North Macedonia,2019,MKD,1897643.0,28433274864.0,0.556,0.001,0.06,0.003,5.87,16366.357,12.735,10.903,Europe,14983.468894834275,0.001,0.004,14253.713630562632,-0.242141716744801,0
North Macedonia,2020,MKD,1872021.0,27100243788.0,0.373,0.001,0.06,0.003,5.34,14801.113,11.743,13.396,Europe,14476.463558902384,0.001,0.003,14983.468894834275,-0.242141716744801,0
North Macedonia,2021,MKD,1851109.0,28165634846.0,0.533,0.001,0.05,0.003,5.53,15665.124,12.748,14.348,Europe,15215.54638111532,0.001,0.003,14476.463558902384,-0.12944943670387588,0
North Macedonia,2022,MKD,1840236.0,28770256385.0,1.312,0.002,0.05,0.008,5.94,16701.213,13.863,13.053,Europe,15634.003673985293,0.001,0.003,15215.54638111532,0.0,0
North Macedonia,2023,MKD,1831800.0,,1.319,0.002,0.07,0.008,6.89,17752.902,13.788,16.833,Europe,,0.002,0.008,15634.003673985293,0.1486983549970351,0
North Macedonia,2024,MKD,1823011.0,,1.319,0.002,0.06,0.008,6.31,16219.917,13.988,16.037,Europe,,0.002,0.008,,0.1486983549970351,0
Norway,2000,NOR,4490864.0,242751277829.0,0.0,0.0,0.26,0.0,142.52,129858.625,108.985,70.793,Europe,54054.470994668285,,,,,0
Norway,2001,NOR,4513650.0,255455331302.0,0.0,0.0,0.25,0.0,121.32,115019.922,114.805,66.998,Europe,56596.17633223666,0.0,0.0,54054.470994668285,,0
Norway,2002,NOR,4538016.0,267081351259.0,0.0,0.0,0.25,0.0,130.24,119752.211,113.964,68.324,Europe,58854.21101622383,0.0,0.0,56596.17633223666,,0
Norway,2003,NOR,4564666.0,277856282106.0,0.0,0.0,0.33,0.0,106.67,105140.305,118.462,62.65,Europe,60871.10910327284,0.0,0.0,58854.21101622383,,0
Norway,2004,NOR,4591739.0,297743119876.0,0.0,0.0,0.36,0.0,110.1,105950.953,113.563,63.413,Europe,64843.215147028175,0.0,0.0,60871.10910327284,,0
Norway,2005,NOR,4623120.0,314940774381.0,0.0,0.0,0.33,0.0,137.25,120792.133,115.055,68.685,Europe,68122.99364520064,0.0,0.0,64843.215147028175,,0
Norway,2006,NOR,4660487.0,332457531096.0,4.411,0.021,0.39,0.004,121.22,109687.391,117.824,65.662,Europe,71335.36282710369,0.0,0.0,68122.99364520064,,0
Norway,2007,NOR,4709017.0,352692911227.0,67.66,0.319,0.39,0.06,136.11,117374.898,121.141,67.798,Europe,74897.35357230606,0.021,0.004,71335.36282710369,,0
Norway,2008,NOR,4768097.0,364943654963.0,191.248,0.912,0.4,0.17,141.19,117427.766,114.245,69.317,Europe,76538.63899224365,0.319,0.06,74897.35357230606,,0
Norway,2009,NOR,4828625.0,370113292846.0,225.035,1.087,0.23,0.221,130.97,106436.703,113.28,67.628,Europe,76649.83154541925,0.912,0.17,76538.63899224365,,0
Norway,2010,NOR,4889160.0,383760934305.0,277.409,1.356,0.35,0.284,123.14,101844.125,119.778,64.629,Europe,78492.2019948212,1.087,0.221,76649.83154541925,,0
Norway,2011,NOR,4952969.0,399420041611.0,271.426,1.344,0.34,0.278,125.93,101764.828,116.164,65.624,Europe,80642.54825963982,1.356,0.284,78492.2019948212,1.3014846303586571,0
Norway,2012,NOR,5018453.0,410276121127.0,308.401,1.548,0.33,0.288,146.18,111775.836,116.09,69.202,Europe,81753.50474080359,1.344,0.278,80642.54825963982,0.33328108263431977,0
Norway,2013,NOR,5080126.0,414445317738.0,295.027,1.499,0.4,0.299,133.14,102996.664,117.565,66.873,Europe,81581.70048105106,1.548,0.288,81753.50474080359,0.11161711202302738,0
Norway,2014,NOR,5137397.0,422933730082.0,290.834,1.494,0.25,0.288,140.88,105489.086,114.271,67.914,Europe,82324.5176656583,1.499,0.299,81581.70048105106,0.06638595807200987,0
Norway,2015,NOR,5189777.0,430788988142.0,318.374,1.652,0.25,0.314,143.0,105836.883,116.294,67.676,Europe,83007.22519329829,1.494,0.288,82324.5176656583,0.019572660729207048,0
Norway,2016,NOR,5235974.0,435806553454.0,694.714,3.638,0.23,0.681,148.03,106500.5,112.659,69.046,Europe,83233.13932689505,1.652,0.314,83007.22519329829,0.0421306158714021,0
Norway,2017,NOR,5276807.0,446543702505.0,1100.026,5.805,0.26,1.082,148.27,106154.727,111.996,68.894,Europe,84623.84591761646,3.638,0.681,83233.13932689505,0.1863650600190616,0
Norway,2018,NOR,5311751.0,450245217440.0,807.908,4.291,0.2,0.811,145.94,103850.727,115.443,68.132,Europe,84763.99165548234,5.805,1.082,84623.84591761646,0.3109922315932945,0
Norway,2019,NOR,5347733.0,455304831150.0,1018.149,5.445,0.25,1.1,133.83,96479.188,110.243,66.741,Europe,85139.78374574796,4.291,0.811,84763.99165548234,0.23492784572593894,0
Norway,2020,NOR,5379275.0,449485260525.0,830.195,4.466,0.24,0.838,154.32,103430.57,102.117,70.963,Europe,83558.70642884032,5.445,1.1,85139.78374574796,0.2693972941079472,0
Norway,2021,NOR,5408082.0,467007972731.0,788.826,4.266,0.22,0.782,157.13,105249.945,104.959,71.305,Europe,86353.71518608631,4.466,0.838,83558.70642884032,0.041864414751182855,0
Norway,2022,NOR,5456796.0,482328451592.0,731.541,3.992,0.24,0.78,145.42,97780.367,107.24,69.648,Europe,88390.41290750103,4.266,0.782,86353.71518608631,-0.05974917012412195,0
Norway,2023,NOR,5519167.0,,743.158,4.102,0.25,0.778,153.63,99923.812,108.044,70.758,Europe,,3.992,0.78,88390.41290750103,-0.014341654014572991,0
Norway,2024,NOR,5576656.0,,862.762,4.811,0.24,0.903,157.11,99634.312,107.619,71.812,Europe,,4.102,0.778,,-0.0550701805202215,0
Oman,2000,OMN,2282139.0,58124187550.0,0.0,0.0,0.0,0.0,9.11,48620.898,34.205,0.0,Asia,25469.170611430767,,,,,0
Oman,2001,OMN,2310223.0,64949142360.0,0.0,0.0,0.0,0.0,9.74,53324.789,38.914,0.0,Asia,28113.79782817503,0.0,0.0,25469.170611430767,,0
Oman,2002,OMN,2337144.0,68131998222.0,0.0,0.0,0.0,0.0,10.33,56120.254,44.76,0.0,Asia,29151.818724905268,0.0,0.0,28113.79782817503,,0
Oman,2003,OMN,2363801.0,69978417960.0,0.0,0.0,0.0,0.0,10.71,57588.852,42.768,0.0,Asia,29604.19170649306,0.0,0.0,29151.818724905268,,0
Oman,2004,OMN,2404822.0,74745449481.0,0.0,0.0,0.0,0.0,11.5,58819.918,41.772,0.0,Asia,31081.48939131462,0.0,0.0,29604.19170649306,,0
Oman,2005,OMN,2459808.0,80936605625.0,0.0,0.0,0.0,0.0,12.65,63469.539,47.497,0.0,Asia,32903.6272851377,0.0,0.0,31081.48939131462,,0
Oman,2006,OMN,2514794.0,90553430362.0,0.0,0.0,0.0,0.0,13.29,67833.375,50.022,0.0,Asia,36008.2894909086,0.0,0.0,32903.6272851377,,0
Oman,2007,OMN,2570175.0,100681198254.0,0.0,0.0,0.0,0.0,14.17,66942.758,51.098,0.0,Asia,39172.896107852575,0.0,0.0,36008.2894909086,,0
Oman,2008,OMN,2626536.0,115217924982.0,0.0,0.0,0.0,0.0,16.05,76528.727,67.187,0.0,Asia,43866.874462029074,0.0,0.0,39172.896107852575,,0
Oman,2009,OMN,2684665.0,127016653137.0,0.0,0.0,0.0,0.0,18.45,74281.891,63.932,0.0,Asia,47311.9190427856,0.0,0.0,43866.874462029074,,0
Oman,2010,OMN,2757450.0,135198273857.0,0.0,0.0,0.0,0.0,19.81,85979.016,72.93,0.0,Asia,49030.18145641807,0.0,0.0,47311.9190427856,,0
Oman,2011,OMN,3076762.0,132756531310.0,0.0,0.0,0.0,0.0,21.87,84460.266,78.922,0.0,Asia,43148.131480433,0.0,0.0,49030.18145641807,,0
Oman,2012,OMN,3547104.0,144522749866.0,0.0,0.0,0.0,0.0,25.02,79910.391,85.935,0.0,Asia,40743.87158256426,0.0,0.0,43148.131480433,,0
Oman,2013,OMN,3833915.0,152076951430.0,0.0,0.0,0.0,0.0,26.24,82844.789,99.819,0.001,Asia,39666.229279991865,0.0,0.0,40743.87158256426,,0
Oman,2014,OMN,4002444.0,154041791696.0,0.0,0.0,0.0,0.0,29.13,78943.883,102.407,0.001,Asia,38486.93240829853,0.0,0.0,39666.229279991865,,0
Oman,2015,OMN,4184898.0,161770059399.0,0.0,0.0,0.0,0.0,32.75,80629.07,105.916,0.003,Asia,38655.6755741717,0.0,0.0,38486.93240829853,,0
Oman,2016,OMN,4390880.0,169932976616.0,0.0,0.0,0.0,0.0,34.23,77124.477,108.666,0.003,Asia,38701.34838938891,0.0,0.0,38655.6755741717,,0
Oman,2017,OMN,4537397.0,170449577065.0,0.0,0.0,0.0,0.0,36.15,77558.961,117.482,0.011,Asia,37565.49780964725,0.0,0.0,38701.34838938891,,0
Oman,2018,OMN,4597878.0,172643265345.0,0.0,0.0,0.0,0.0,37.76,81778.438,125.134,0.01,Asia,37548.46591079624,0.0,0.0,37565.49780964725,,0
Oman,2019,OMN,4591248.0,170692383655.0,0.0,0.0,0.0,0.0,38.89,81330.617,122.402,0.017,Asia,37177.77468239572,0.0,0.0,37548.46591079624,,0
Oman,2020,OMN,4522502.0,165230251016.0,0.0,0.0,0.0,0.0,38.2,79945.422,100.009,0.109,Asia,36535.141613204374,0.0,0.0,37177.77468239572,,0
Oman,2021,OMN,4500429.0,170025212745.0,0.0,0.0,0.0,0.0,41.0,88512.25,110.717,0.496,Asia,37779.77893774127,0.0,0.0,36535.141613204374,,0
Oman,2022,OMN,4730229.0,177355008173.0,0.0,0.0,0.0,0.0,42.4,89754.836,126.393,1.136,Asia,37493.95815149753,0.0,0.0,37779.77893774127,,0
Oman,2023,OMN,5049267.0,,0.0,0.0,0.0,0.0,45.0,86222.508,126.781,1.142,Asia,,0.0,0.0,37493.95815149753,,0
Oman,2024,OMN,5281542.0,,0.0,0.0,0.0,0.0,49.1,84610.641,123.506,1.115,Asia,,0.0,0.0,,,0
Pakistan,2000,PAK,154879124.0,459798536606.0,0.0,0.0,0.0,0.0,66.49,3123.431,223.082,10.753,Asia,2968.757342700363,,,,,0
Pakistan,2001,PAK,159270910.0,477964444881.0,0.0,0.0,0.0,0.0,72.11,3108.855,218.722,10.829,Asia,3000.9525586373557,0.0,0.0,2968.757342700363,,0
Pakistan,2002,PAK,163222552.0,504824722487.0,0.0,0.0,0.0,0.0,75.77,3149.744,213.196,11.551,Asia,3092.8613497416704,0.0,0.0,3000.9525586373557,,0
Pakistan,2003,PAK,167110250.0,543920300431.0,0.0,0.0,1.2,0.0,82.08,3316.559,189.239,12.784,Asia,3254.8589953698233,0.0,0.0,3092.8613497416704,,0
Pakistan,2004,PAK,171285999.0,592025705114.0,0.0,0.0,1.2,0.0,85.96,3613.283,191.357,12.115,Asia,3456.3578375953543,0.0,0.0,3254.8589953698233,,0
Pakistan,2005,PAK,175453212.0,641139042718.0,0.0,0.0,1.0,0.0,94.56,3655.326,181.895,12.98,Asia,3654.188118927113,0.0,0.0,3456.3578375953543,,0
Pakistan,2006,PAK,179682690.0,685965623310.0,0.0,0.0,1.06,0.0,99.53,3782.373,208.938,11.995,Asia,3817.6500101929687,0.0,0.0,3654.188118927113,,0
Pakistan,2007,PAK,184493231.0,719253757580.0,0.0,0.0,1.25,0.0,96.15,3886.621,227.316,11.84,Asia,3898.5373809188695,0.0,0.0,3817.6500101929687,,0
Pakistan,2008,PAK,189499112.0,746912719652.0,0.0,0.0,1.28,0.0,93.01,3792.511,230.71,10.105,Asia,3941.5103942650667,0.0,0.0,3898.5373809188695,,0
Pakistan,2009,PAK,194376535.0,774880575078.0,0.0,0.0,1.0,0.0,96.11,3834.629,246.171,10.194,Asia,3986.49237716888,0.0,0.0,3941.5103942650667,,0
Pakistan,2010,PAK,199239048.0,805491514683.0,0.0,0.0,0.99,0.0,94.54,3761.661,243.88,10.436,Asia,4042.8396078413302,0.0,0.0,3986.49237716888,,0
Pakistan,2011,PAK,203746069.0,845096928750.0,0.0,0.0,1.11,0.0,94.83,3697.388,245.532,10.606,Asia,4147.7950121825415,0.0,0.0,4042.8396078413302,,0
Pakistan,2012,PAK,207667129.0,878485024934.0,0.0,0.0,1.17,0.0,98.1,3379.42,237.932,3.989,Asia,4230.255549658993,0.0,0.0,4147.7950121825415,,0
Pakistan,2013,PAK,211073979.0,918328534363.0,0.0,0.0,1.35,0.0,104.88,3673.495,260.812,10.559,Asia,4350.742515556595,0.0,0.0,4230.255549658993,,0
Pakistan,2014,PAK,214264649.0,961516822345.0,0.0,0.0,1.92,0.0,107.91,3669.797,269.726,10.733,Asia,4487.5196483998625,0.0,0.0,4350.742515556595,,0
Pakistan,2015,PAK,217290884.0,1010825281718.0,0.0,0.0,2.15,0.0,112.79,3816.599,293.961,10.407,Asia,4651.945185689428,0.0,0.0,4487.5196483998625,,0
Pakistan,2016,PAK,220138863.0,1061146810870.0,0.0,0.0,1.66,0.0,122.9,4090.315,328.849,10.286,Asia,4820.352010585246,0.0,0.0,4651.945185689428,,0
Pakistan,2017,PAK,223273974.0,1117267177186.0,0.0,0.0,1.7,0.0,130.36,4263.787,339.493,8.975,Asia,5004.018861535559,0.0,0.0,4820.352010585246,,0
Pakistan,2018,PAK,226928893.0,1165406508457.0,0.0,0.0,1.71,0.0,129.02,4263.363,284.837,8.879,Asia,5135.558073061238,0.0,0.0,5004.018861535559,,0
Pakistan,2019,PAK,230800908.0,1172330212219.0,0.0,0.0,1.71,0.0,134.97,4218.508,255.642,10.438,Asia,5079.40034715548,0.0,0.0,5135.558073061238,,0
Pakistan,2020,PAK,235001745.0,1202026422230.0,0.0,0.0,1.75,0.0,146.16,4083.671,250.032,11.468,Asia,5114.968070683901,0.0,0.0,5079.40034715548,,0
Pakistan,2021,PAK,239477805.0,1278204948031.0,0.0,0.0,1.85,0.0,163.21,4451.399,289.222,9.927,Asia,5337.467278151309,0.0,0.0,5114.968070683901,,0
Pakistan,2022,PAK,243700667.0,1318834969356.0,0.0,0.0,1.91,0.0,175.97,4017.639,281.948,10.571,Asia,5411.70028622039,0.0,0.0,5337.467278151309,,0
Pakistan,2023,PAK,247504505.0,,0.0,0.0,1.77,0.0,171.97,3653.434,223.842,12.266,Asia,,0.0,0.0,5411.70028622039,,0
Pakistan,2024,PAK,251269160.0,,0.0,0.0,1.82,0.0,174.96,3535.542,229.708,12.507,Asia,,0.0,0.0,,,0
Papua New Guinea,2008,PNG,7183002.0,,0.0,0.0,0.0,,3.41,2705.356,,,Oceania,,,,,,0
Papua New Guinea,2009,PNG,7406442.0,,0.0,0.0,0.0,,3.37,2919.873,,,Oceania,,0.0,,,,0
Papua New Guinea,2010,PNG,7633524.0,,0.0,0.0,0.0,,3.51,2536.645,,,Oceania,,0.0,,,,0
Papua New Guinea,2012,PNG,8081396.0,,0.0,0.0,0.0,,3.73,2409.851,,,Oceania,,0.0,,,,0
Papua New Guinea,2013,PNG,8302700.0,,0.0,0.0,0.02,,4.01,2406.368,,,Oceania,,0.0,,,,0
Papua New Guinea,2014,PNG,8523440.0,,0.0,0.0,0.02,,4.28,2494.864,,,Oceania,,0.0,,,,0
Papua New Guinea,2015,PNG,8743247.0,,0.0,0.0,0.02,,4.53,2863.973,,,Oceania,,0.0,,,,0
Papua New Guinea,2016,PNG,8961717.0,,0.0,0.0,0.02,,4.77,2987.719,,,Oceania,,0.0,,,,0
Papua New Guinea,2017,PNG,9178717.0,,0.0,0.0,0.02,,4.35,2848.771,,,Oceania,,0.0,,,,0
Papua New Guinea,2018,PNG,9394518.0,,0.0,0.0,0.02,,4.36,2157.172,,,Oceania,,0.0,,,,0
Papua New Guinea,2019,PNG,9609014.0,,0.0,0.0,0.02,,4.28,2194.275,,,Oceania,,0.0,,,,0
Papua New Guinea,2020,PNG,9815743.0,,0.0,0.0,0.01,,4.1,2062.187,,,Oceania,,0.0,,,,0
Papua New Guinea,2021,PNG,10012898.0,,0.0,0.0,0.01,,4.53,1941.511,,,Oceania,,0.0,,,,0
Papua New Guinea,2022,PNG,10203177.0,,0.0,0.0,0.01,,4.59,2572.07,,,Oceania,,0.0,,,,0
Papua New Guinea,2023,PNG,10389638.0,,0.0,0.0,0.01,,4.73,2573.497,,,Oceania,,0.0,,,,0
Papua New Guinea,2024,PNG,10576509.0,,0.0,0.0,0.01,,4.73,,,,Oceania,,0.0,,,,0
Peru,2000,PER,26598328.0,128561599053.0,0.0,0.0,0.16,0.0,19.92,5540.167,88.371,31.45,South America,4833.4466381871825,,,,,0
Peru,2001,PER,26964610.0,130005019162.0,0.0,0.0,0.16,0.0,20.77,5417.318,83.597,34.392,South America,4821.3202105278,0.0,0.0,4833.4466381871825,,0
Peru,2002,PER,27288211.0,137911092694.0,6.334,0.173,0.19,0.118,21.99,5481.374,82.796,34.293,South America,5053.870797686224,0.0,0.0,4821.3202105278,,0
Peru,2003,PER,27580485.0,144583674826.0,6.385,0.176,0.2,0.122,22.93,5354.208,78.317,35.519,South America,5242.245552462185,0.173,0.118,5053.870797686224,,0
Peru,2004,PER,27852190.0,152840586065.0,4.162,0.116,0.15,0.075,24.25,5651.12,87.45,31.152,South America,5487.560800963945,0.176,0.122,5242.245552462185,,0
Peru,2005,PER,28101175.0,163489485317.0,2.778,0.078,0.35,0.049,25.5,5826.442,85.746,30.827,South America,5817.887875400228,0.116,0.075,5487.560800963945,,0
Peru,2006,PER,28324488.0,176775277493.0,32.104,0.909,0.35,0.561,27.36,5846.282,81.611,33.532,South America,6241.075831379547,0.078,0.049,5817.887875400228,,0
Peru,2007,PER,28530704.0,192942634714.0,32.801,0.936,0.42,0.529,29.93,6318.965,84.947,30.645,South America,6762.631399281279,0.909,0.561,6241.075831379547,0.3934890359796619,0
Peru,2008,PER,28719038.0,211009673563.0,38.053,1.093,0.46,0.571,32.43,6777.529,95.092,27.606,South America,7347.37958712266,0.936,0.529,6762.631399281279,0.3968592118649634,0
Peru,2009,PER,28896819.0,212830474173.0,64.09,1.852,0.46,0.949,32.92,6867.194,96.45,28.469,South America,7365.186949227872,1.093,0.571,7347.37958712266,0.5661466813190474,0
Peru,2010,PER,29086021.0,230353256282.0,77.847,2.264,0.67,1.021,35.89,7745.521,101.518,25.513,South America,7919.723921054722,1.852,0.949,7365.186949227872,0.8841231075005445,0
Peru,2011,PER,29304083.0,244711917914.0,82.565,2.419,0.68,0.988,39.23,8481.961,112.069,24.656,South America,8350.778897056769,2.264,1.021,7919.723921054722,0.20022455569010056,0
Peru,2012,PER,29550367.0,259737230567.0,128.465,3.796,0.67,1.5,39.96,8687.723,111.45,24.827,South America,8789.644831382297,2.419,0.988,8350.778897056769,0.20912723604407968,0
Peru,2013,PER,29817908.0,274939626306.0,136.511,4.07,0.96,1.573,43.51,8806.167,116.811,24.991,South America,9220.620920354306,3.796,1.5,8789.644831382297,0.28274759288432305,0
Peru,2014,PER,30115825.0,281488723310.0,130.679,3.936,1.29,1.485,45.73,8926.504,114.936,24.772,South America,9346.870733576117,4.07,1.573,9220.620920354306,0.17055193003008173,0
Peru,2015,PER,30457598.0,290642734598.0,138.526,4.219,0.91,1.52,48.27,9247.921,122.69,24.89,South America,9542.536302370265,3.936,1.485,9346.870733576117,0.11695514629421822,0
Peru,2016,PER,30866497.0,302131843581.0,146.871,4.533,0.56,1.538,51.63,9684.865,130.314,23.56,South America,9788.342473102795,4.219,1.52,9542.536302370265,0.11767292727937106,0
Peru,2017,PER,31324639.0,309742529723.0,157.81,4.943,0.47,1.655,52.71,9691.741,132.514,27.624,South America,9888.143634249065,4.533,1.538,9788.342473102795,0.03612440455224353,0
Peru,2018,PER,31897590.0,322061010919.0,148.7,4.743,0.42,1.515,54.62,9982.715,136.588,28.247,South America,10096.719248037234,4.943,1.655,9888.143634249065,0.03963104623471203,0
Peru,2019,PER,32449302.0,329252610797.0,142.25,4.616,0.55,1.438,56.87,10064.474,140.729,28.051,South America,10146.677755872839,4.743,1.515,10096.719248037234,0.03800538598566483,0
Peru,2020,PER,32838577.0,292988745490.0,142.277,4.672,0.54,1.653,52.99,8766.572,107.056,31.113,South America,8922.090183444916,4.616,1.438,10146.677755872839,0.018148802858235946,0
Peru,2021,PER,33155883.0,332691638600.0,160.653,5.327,0.58,1.654,56.99,9877.367,132.771,28.608,South America,10034.166141797521,4.672,1.653,8922.090183444916,0.006058936260426195,0
Peru,2022,PER,33475436.0,341677633395.0,161.912,5.42,0.59,1.627,59.9,10099.025,139.368,26.155,South America,10206.81652645241,5.327,1.654,10034.166141797521,0.015075667241999824,0
Peru,2023,PER,33845616.0,,161.26,5.458,0.6,1.614,60.87,10143.117,143.333,25.562,South America,,5.42,1.627,10206.81652645241,0.02704443182056515,0
Peru,2024,PER,34217850.0,,162.438,5.558,0.6,1.507,59.29,10941.455,150.317,26.656,South America,,5.458,1.614,,0.034078589602313025,0
Philippines,2000,PHL,79625401.0,327247671365.0,0.0,0.0,0.0,0.0,45.3,3864.514,197.784,18.729,Asia,4109.840167272752,,,,,0
Philippines,2001,PHL,81401488.0,339580401272.0,0.0,0.0,0.0,0.0,47.05,3695.904,196.751,17.257,Asia,4171.673142780879,0.0,0.0,4109.840167272752,,0
Philippines,2002,PHL,83068889.0,354896572700.0,0.0,0.0,0.0,0.0,48.46,3638.974,187.043,16.848,Asia,4272.316350589449,0.0,0.0,4171.673142780879,,0
Philippines,2003,PHL,84731836.0,375676507230.0,0.0,0.0,0.0,0.0,52.94,3680.832,185.976,16.612,Asia,4433.711400163688,0.0,0.0,4272.316350589449,,0
Philippines,2004,PHL,86394510.0,404092179609.0,0.017,0.001,0.0,0.0,55.94,3695.391,189.621,17.238,Asia,4677.290022352115,0.0,0.0,4433.711400163688,,0
Philippines,2005,PHL,88015959.0,426864086040.0,0.187,0.016,0.0,0.005,56.57,3628.22,174.768,16.653,Asia,4849.848719366905,0.001,0.0,4677.290022352115,,0
Philippines,2006,PHL,89508992.0,452834616353.0,0.233,0.021,0.0,0.007,56.78,3410.94,160.227,19.318,Asia,5059.096368250913,0.016,0.005,4849.848719366905,,0
Philippines,2007,PHL,91075180.0,486739179739.0,6.164,0.561,0.0,0.176,59.62,3478.436,166.138,17.341,Asia,5344.366925643189,0.021,0.007,5059.096368250913,,0
Philippines,2008,PHL,92699091.0,511142140299.0,10.792,1.0,0.0,0.303,60.82,3533.459,158.714,18.352,Asia,5513.993015303678,0.561,0.176,5344.366925643189,,0
Philippines,2009,PHL,94384256.0,521163648845.0,18.418,1.738,0.0,0.52,61.92,3511.202,166.452,17.917,Asia,5521.7222758528715,1.0,0.303,5513.993015303678,2.9810717055349727,0
Philippines,2010,PHL,96337127.0,565514808274.0,24.243,2.336,0.02,0.678,67.73,3539.975,173.309,15.667,Asia,5870.164762895618,1.738,0.52,5521.7222758528715,1.5537945622215847,0
Philippines,2011,PHL,98248614.0,590943092007.0,24.758,2.432,0.09,0.693,69.15,3540.375,163.807,16.874,Asia,6014.772808978252,2.336,0.678,5870.164762895618,1.5659648846624106,0
Philippines,2012,PHL,100175511.0,631700459807.0,31.638,3.169,0.16,0.873,72.89,3592.559,170.33,17.177,Asia,6305.936985008242,2.432,0.693,6014.772808978252,0.34091158168385016,0
Philippines,2013,PHL,102076334.0,674346563689.0,37.04,3.781,0.18,0.972,75.23,3778.861,178.726,15.493,Asia,6606.2968492677255,3.169,0.873,6305.936985008242,0.259460199586546,0
Philippines,2014,PHL,103767127.0,717154029846.0,39.742,4.124,0.16,1.007,77.23,3909.477,189.81,14.804,Asia,6911.187103079379,3.781,0.972,6606.2968492677255,0.16818434270753269,0
Philippines,2015,PHL,105312988.0,762678999551.0,44.44,4.68,0.35,1.043,82.4,4220.296,216.029,14.375,Asia,7242.022223802063,4.124,1.007,6911.187103079379,0.12038984455436075,0
Philippines,2016,PHL,106735721.0,817202925336.0,48.176,5.142,0.72,1.05,90.79,4547.887,231.975,13.798,Asia,7656.320842541551,4.68,1.043,7242.022223802063,0.13987297318258052,0
Philippines,2017,PHL,108119691.0,873843247356.0,51.532,5.572,1.0,1.039,94.36,4925.253,248.081,13.161,Asia,8082.184098694844,5.142,1.05,7656.320842541551,0.10164575832398337,0
Philippines,2018,PHL,109465284.0,929253628653.0,52.39,5.735,1.09,1.034,99.74,5028.468,252.431,12.831,Asia,8489.025878314078,5.572,1.039,8082.184098694844,0.08063961960040023,0
Philippines,2019,PHL,110804685.0,986114678778.0,55.126,6.108,1.03,1.07,106.03,5109.184,256.946,11.974,Asia,8899.57567027062,5.735,1.034,8489.025878314078,0.06817633745487317,0
Philippines,2020,PHL,112081270.0,892256290776.0,46.168,5.175,1.25,0.998,101.75,4583.8,209.646,12.827,Asia,7960.797471120733,6.108,1.07,8899.57567027062,0.05470410193132724,0
Philippines,2021,PHL,113100947.0,943141651518.0,51.303,5.802,1.45,1.055,105.76,4823.633,225.79,12.948,Asia,8338.936821793366,5.175,0.998,7960.797471120733,0.0012802649018426315,0
Philippines,2022,PHL,113964343.0,1014811024029.0,55.44,6.318,1.32,1.098,111.55,5010.157,247.794,13.032,Asia,8904.636286360199,5.802,1.055,8338.936821793366,0.008122536204984376,0
Philippines,2023,PHL,114891199.0,,57.79,6.64,1.32,1.083,116.73,5298.678,254.298,12.922,Asia,,6.318,1.098,8904.636286360199,0.019551668883483142,0
Philippines,2024,PHL,115843663.0,,60.017,6.953,1.32,1.059,124.17,5633.132,267.585,12.818,Asia,,6.64,1.083,,0.016842782082090668,0
Poland,2000,POL,38258077.0,488207682001.0,0.0,0.0,0.22,0.0,143.18,26596.332,240.631,0.644,Europe,12760.904893390225,,,,,0
Poland,2001,POL,38247359.0,499086644170.0,0.0,0.0,0.44,0.0,143.72,26418.986,235.08,0.777,Europe,13048.917813384187,0.0,0.0,12760.904893390225,,0
Poland,2002,POL,38229407.0,514089670231.0,0.0,0.0,0.43,0.0,142.49,26146.867,239.598,0.775,Europe,13447.492665292977,0.0,0.0,13048.917813384187,,0
Poland,2003,POL,38203527.0,537330337680.0,8.574,0.328,0.46,0.032,150.01,27070.973,243.364,0.642,Europe,14064.940592526968,0.0,0.0,13447.492665292977,,0
Poland,2004,POL,38167568.0,570430122148.0,4.096,0.156,0.98,0.015,152.54,27280.193,260.058,0.849,Europe,14945.41444579335,0.328,0.032,14064.940592526968,,0
Poland,2005,POL,38124377.0,595958527688.0,14.393,0.549,1.51,0.052,155.29,27854.531,266.566,1.088,Europe,15631.954528411048,0.156,0.015,14945.41444579335,,0
Poland,2006,POL,38071169.0,638713864539.0,25.725,0.979,1.99,0.088,160.7,29165.352,284.992,1.203,Europe,16776.838781572482,0.549,0.052,15631.954528411048,,0
Poland,2007,POL,38020420.0,690249985288.0,28.688,1.091,2.56,0.099,158.52,29053.967,292.657,1.515,Europe,18154.71752516148,0.979,0.088,16776.838781572482,,0
Poland,2008,POL,37995902.0,726319216200.0,131.845,5.01,3.62,0.446,154.5,29593.398,300.851,2.154,Europe,19115.725064245085,1.091,0.099,18154.71752516148,0.27171613472644207,0
Poland,2009,POL,38002153.0,760579624624.0,165.847,6.303,5.23,0.581,150.86,28556.041,298.742,2.923,Europe,20014.119321713166,5.01,0.446,19115.725064245085,1.0014402319300442,0
Poland,2010,POL,38095356.0,795619859853.0,194.97,7.427,6.3,0.642,156.77,30377.729,314.125,3.379,Europe,20884.956682200318,6.303,0.581,20014.119321713166,0.6292772467789927,0
Poland,2011,POL,38208644.0,843236863910.0,206.19,7.878,7.6,0.678,162.87,30429.385,311.506,3.959,Europe,22069.269558741733,7.427,0.642,20884.956682200318,0.4997060601833576,0
Poland,2012,POL,38247867.0,856266755052.0,228.456,8.738,10.09,0.776,161.48,29489.93,298.371,5.13,Europe,22387.307377219233,7.878,0.678,22069.269558741733,0.48497193270331307,0
Poland,2013,POL,38259267.0,863601156195.0,222.348,8.507,8.62,0.753,163.78,29569.779,277.346,5.052,Europe,22572.339302658358,8.738,0.776,22387.307377219233,0.11767326569249059,0
Poland,2014,POL,38265113.0,896737189458.0,211.44,8.091,9.98,0.744,158.35,28468.607,277.497,5.922,Europe,23434.850158628826,8.507,0.753,22572.339302658358,0.061807589269295526,0
Poland,2015,POL,38266314.0,936043804062.0,197.783,7.568,9.94,0.688,164.3,28824.648,292.993,6.387,Europe,24461.300455068653,8.091,0.744,23434.850158628826,0.017273556657803946,0
Poland,2016,POL,38263260.0,963689941627.0,137.345,5.255,7.96,0.458,166.0,30061.346,321.587,5.878,Europe,25185.77720839782,7.568,0.688,24461.300455068653,-0.007996899858818463,0
Poland,2017,POL,38254964.0,1013223736654.0,183.483,7.019,6.49,0.582,169.91,31585.154,362.947,5.924,Europe,26486.072151420663,5.255,0.458,25185.77720839782,-0.09669973841668145,0
Poland,2018,POL,38241070.0,1073462064151.0,276.847,10.587,6.55,0.868,169.43,31957.33,372.289,5.621,Europe,28070.921241246648,7.019,0.582,26486.072151420663,-0.03772376142381839,0
Poland,2019,POL,38225884.0,1121231497071.0,299.138,11.435,7.68,0.966,163.22,31059.262,379.485,6.71,Europe,29331.734933088796,10.587,0.868,28070.921241246648,0.05524703942286169,0
Poland,2020,POL,38171005.0,1098581305284.0,310.407,11.849,8.35,1.043,157.15,29845.539,359.475,7.663,Europe,28780.518230630816,11.435,0.966,29331.734933088796,0.08605297380171062,0
Poland,2021,POL,38040303.0,1173809548862.0,318.983,12.134,8.06,0.994,178.79,32196.334,375.108,7.599,Europe,30856.99787570041,11.849,1.043,28780.518230630816,0.1765809049404934,0
Poland,2022,POL,38385734.0,1231021338216.0,339.679,13.039,7.63,1.103,178.6,30919.512,389.426,9.37,Europe,32069.76159986937,12.134,0.994,30856.99787570041,0.11569567526216273,0
Poland,2023,POL,38762847.0,,385.192,14.931,8.16,1.326,165.52,29225.926,388.327,11.752,Europe,,13.039,1.103,32069.76159986937,0.04254371494853948,0
Poland,2024,POL,38539209.0,,425.354,16.393,7.95,1.465,172.12,29205.824,393.973,13.045,Europe,,14.931,1.326,,0.05480103024155447,0
Portugal,2000,PRT,10283196.0,238756377443.0,0.0,0.0,1.3,0.0,43.21,28593.107,189.418,12.409,Europe,23218.110152038334,,,,,0
Portugal,2001,PRT,10354329.0,244348167969.0,0.0,0.0,1.35,0.0,46.06,28855.318,189.534,14.858,Europe,23598.648253208874,0.0,0.0,23218.110152038334,,0
Portugal,2002,PRT,10413045.0,247190712485.0,0.0,0.0,1.47,0.0,45.55,28511.492,196.066,9.233,Europe,23738.56182173418,0.0,0.0,23598.648253208874,,0
Portugal,2003,PRT,10454246.0,245847246169.0,0.0,0.0,1.39,0.0,46.39,29191.654,184.262,16.157,Europe,23516.497140874628,0.0,0.0,23738.56182173418,,0
Portugal,2004,PRT,10481386.0,251279602163.0,0.0,0.0,1.54,0.0,44.68,28503.047,186.395,11.475,Europe,23973.890682300986,0.0,0.0,23516.497140874628,,0
Portugal,2005,PRT,10502993.0,254196923131.0,0.0,0.0,1.68,0.0,46.01,28397.916,192.489,7.701,Europe,24202.33195728113,0.0,0.0,23973.890682300986,,0
Portugal,2006,PRT,10524123.0,259159946424.0,78.711,0.828,1.7,0.282,48.4,28113.924,170.369,14.808,Europe,24625.32473480213,0.0,0.0,24202.33195728113,,0
Portugal,2007,PRT,10546822.0,266663287450.0,148.774,1.569,1.86,0.532,46.71,28206.701,172.202,15.435,Europe,25283.757273043957,0.828,0.282,24625.32473480213,,0
Portugal,2008,PRT,10564086.0,268239264717.0,151.943,1.605,1.85,0.567,45.34,27025.984,164.787,14.553,Europe,25391.62069648051,1.569,0.532,25283.757273043957,,0
Portugal,2009,PRT,10576265.0,261270596745.0,247.475,2.617,2.09,0.917,49.38,27252.889,152.806,18.133,Europe,24703.484334498047,1.605,0.567,25391.62069648051,,0
Portugal,2010,PRT,10578659.0,267277408809.0,359.409,3.802,2.61,1.269,53.48,28746.99,149.482,26.402,Europe,25265.717404162475,2.617,0.917,24703.484334498047,,0
Portugal,2011,PRT,10557050.0,263425010810.0,338.473,3.573,2.92,1.248,51.78,27453.758,140.129,23.66,Europe,24952.52090404043,3.802,1.269,25265.717404162475,0.3564267789415285,0
Portugal,2012,PRT,10513155.0,252737143203.0,307.598,3.234,2.95,1.236,45.44,25155.795,127.397,20.965,Europe,24040.085321960916,3.573,1.248,24952.52090404043,0.1789136997724985,0
Portugal,2013,PRT,10458287.0,250405237435.0,306.199,3.202,3.05,1.123,50.35,27696.83,130.736,28.202,Europe,23943.23634788374,3.234,1.236,24040.085321960916,0.1504109207184401,0
Portugal,2014,PRT,10406203.0,252388910611.0,309.364,3.219,3.05,1.122,51.8,28038.432,129.182,29.761,Europe,24253.69854989375,3.202,1.123,23943.23634788374,0.04117449514697502,0
Portugal,2015,PRT,10370264.0,256911888409.0,393.579,4.082,3.1,1.427,51.14,27918.504,132.168,23.685,Europe,24773.9004917329,3.219,1.122,24253.69854989375,-0.0327432417507284,0
Portugal,2016,PRT,10346377.0,262100101273.0,306.244,3.169,3.07,1.039,59.05,29949.295,134.934,28.268,Europe,25332.548898324505,4.082,1.427,24773.9004917329,0.026994214024470775,0
Portugal,2017,PRT,10330838.0,271290329012.0,287.09,2.966,3.22,0.993,57.59,29221.047,135.992,20.606,Europe,26260.244233042857,3.169,1.039,25332.548898324505,-0.004052502449083395,0
Portugal,2018,PRT,10325355.0,279020275961.0,317.614,3.279,3.16,1.094,58.35,29450.785,131.661,26.2,Europe,27022.826426887987,2.966,0.993,26260.244233042857,-0.015195637385290284,0
Portugal,2019,PRT,10343218.0,286505655767.0,307.733,3.183,3.36,1.101,51.6,28333.217,139.919,25.366,Europe,27699.856637170367,3.279,1.094,27022.826426887987,0.0037003786675267047,0
Portugal,2020,PRT,10370519.0,262724232089.0,289.343,3.001,3.79,1.15,51.39,25577.088,114.113,30.635,Europe,25333.75929295342,3.183,1.101,27699.856637170367,-0.04853519625850777,0
Portugal,2021,PRT,10390957.0,277181288542.0,377.873,3.926,4.0,1.498,49.22,25646.334,117.346,32.197,Europe,26675.24161075828,3.001,1.15,25333.75929295342,-0.010834977014081537,0
Portugal,2022,PRT,10417074.0,295712910456.0,356.297,3.712,4.11,1.433,46.33,25206.664,128.506,28.753,Europe,28387.32934564927,3.926,1.498,26675.24161075828,0.057683744413827176,0
Portugal,2023,PRT,10430735.0,,380.036,3.964,3.8,1.519,46.14,25498.699,125.772,34.67,Europe,,3.712,1.433,28387.32934564927,0.025116703735747148,0
Portugal,2024,PRT,10425291.0,,422.121,4.401,3.75,1.663,47.27,25921.791,122.725,39.741,Europe,,3.964,1.519,,0.04486312255164426,0
Qatar,2000,QAT,644993.0,30159719266.0,0.0,0.0,0.0,0.0,9.13,209063.484,21.872,0.0,Asia,46759.76214625585,,,,,0
Qatar,2001,QAT,677934.0,34920337897.0,0.0,0.0,0.0,0.0,9.95,191210.297,24.909,0.0,Asia,51509.937393610584,0.0,0.0,46759.76214625585,,0
Qatar,2002,QAT,711215.0,41661485450.0,0.0,0.0,0.0,0.0,10.94,227637.844,28.16,0.0,Asia,58577.906048100784,0.0,0.0,51509.937393610584,,0
Qatar,2003,QAT,744690.0,47126236240.0,0.0,0.0,0.0,0.0,12.01,219715.359,32.888,0.0,Asia,63283.02547368704,0.0,0.0,58577.906048100784,,0
Qatar,2004,QAT,773341.0,63193934807.0,0.0,0.0,0.0,0.0,13.23,255475.859,40.446,0.0,Asia,81715.4848986411,0.0,0.0,63283.02547368704,,0
Qatar,2005,QAT,825419.0,76893678098.0,0.0,0.0,0.0,0.0,14.4,270980.625,44.747,0.0,Asia,93157.14576233404,0.0,0.0,81715.4848986411,,0
Qatar,2006,QAT,972841.0,103895902583.0,0.0,0.0,0.0,0.0,17.08,252214.672,57.566,0.0,Asia,106796.38562005508,0.0,0.0,93157.14576233404,,0
Qatar,2007,QAT,1208601.0,127834802409.0,0.0,0.0,0.0,0.0,19.46,231557.078,63.685,0.0,Asia,105770.88915944964,0.0,0.0,106796.38562005508,,0
Qatar,2008,QAT,1426942.0,156781224399.0,0.0,0.0,0.0,0.0,21.62,202220.734,77.162,0.0,Asia,109872.17728471094,0.0,0.0,105770.88915944964,,0
Qatar,2009,QAT,1586052.0,186164264424.0,0.0,0.0,0.0,0.0,24.16,181811.375,75.474,0.0,Asia,117375.88958243487,0.0,0.0,109872.17728471094,,0
Qatar,2010,QAT,1709238.0,238648100494.0,0.0,0.0,0.0,0.0,28.14,196225.344,81.083,0.0,Asia,139622.51043681454,0.0,0.0,117375.88958243487,,0
Qatar,2011,QAT,1810960.0,296148824653.0,0.0,0.0,0.0,0.0,30.73,217097.234,102.545,0.008,Asia,163531.4002810664,0.0,0.0,139622.51043681454,,0
Qatar,2012,QAT,1907122.0,310156648715.0,0.0,0.0,0.01,0.0,34.8,235144.422,108.157,0.007,Asia,162630.73296569387,0.0,0.0,163531.4002810664,,0
Qatar,2013,QAT,2032650.0,327388964338.0,0.0,0.0,0.08,0.0,34.75,237978.625,129.22,0.051,Asia,161065.0945012668,0.0,0.0,162630.73296569387,,0
Qatar,2014,QAT,2218378.0,344851898869.0,0.0,0.0,0.1,0.0,38.8,233130.469,136.325,0.065,Asia,155452.27137530214,0.0,0.0,161065.0945012668,,0
Qatar,2015,QAT,2427340.0,361242719905.0,0.0,0.0,0.12,0.0,41.63,245295.047,159.367,0.065,Asia,148822.4640573632,0.0,0.0,155452.27137530214,,0
Qatar,2016,QAT,2599382.0,372311173588.0,0.0,0.0,0.12,0.0,42.44,225636.406,168.922,0.069,Asia,143230.65004989647,0.0,0.0,148822.4640573632,,0
Qatar,2017,QAT,2706716.0,366733973367.0,0.0,0.0,0.13,0.0,45.7,208396.75,151.884,0.075,Asia,135490.37777402578,0.0,0.0,143230.65004989647,,0
Qatar,2018,QAT,2761144.0,371263146890.0,0.0,0.0,0.14,0.0,48.06,207650.469,154.985,0.077,Asia,134459.90027684177,0.0,0.0,135490.37777402578,,0
Qatar,2019,QAT,2797927.0,373817411294.0,0.0,0.0,0.12,0.0,50.0,209158.016,169.019,0.066,Asia,133605.13383444241,0.0,0.0,134459.90027684177,,0
Qatar,2020,QAT,2803375.0,360517012801.0,0.0,0.0,0.13,0.0,49.4,183122.625,126.878,0.086,Asia,128601.06578713158,0.0,0.0,133605.13383444241,,0
Qatar,2021,QAT,2814988.0,366245595916.0,0.0,0.0,0.14,0.0,51.79,192920.656,139.333,0.081,Asia,130105.56205426098,0.0,0.0,128601.06578713158,,0
Qatar,2022,QAT,2892466.0,381778107010.0,0.0,0.0,0.13,0.0,54.75,195336.344,163.168,0.192,Asia,131990.52538906247,0.0,0.0,130105.56205426098,,0
Qatar,2023,QAT,2979086.0,,0.0,0.0,0.13,0.0,56.38,208038.812,176.407,0.816,Asia,,0.0,0.0,131990.52538906247,,0
Qatar,2024,QAT,3048429.0,,0.0,0.0,0.13,0.0,56.68,214520.297,183.432,0.811,Asia,,0.0,0.0,,,0
Romania,2000,ROU,22046264.0,157839292272.0,0.0,0.0,0.0,0.0,51.56,19065.902,116.519,9.836,Europe,7159.457596624989,,,,,0
Romania,2001,ROU,21919916.0,173763436827.0,0.0,0.0,0.0,0.0,53.55,19393.555,124.172,9.765,Europe,7927.194466757993,0.0,0.0,7159.457596624989,,0
Romania,2002,ROU,21770020.0,190219311781.0,0.0,0.0,0.0,0.0,54.42,20271.309,125.248,10.037,Europe,8737.672807879828,0.0,0.0,7927.194466757993,,0
Romania,2003,ROU,21593448.0,204513401651.0,0.0,0.0,0.0,0.0,54.84,20434.184,111.209,8.239,Europe,9471.085935465238,0.0,0.0,8737.672807879828,,0
Romania,2004,ROU,21403215.0,228570981481.0,0.0,0.0,0.0,0.0,56.47,21456.91,129.375,9.814,Europe,10679.282597544341,0.0,0.0,9471.085935465238,,0
Romania,2005,ROU,21213395.0,244044803180.0,0.0,0.0,0.01,0.0,59.33,21705.584,125.396,11.901,Europe,11504.278460849855,0.0,0.0,10679.282597544341,,0
Romania,2006,ROU,21035732.0,274969703969.0,0.0,0.0,0.0,0.0,62.56,22229.311,121.602,10.578,Europe,13071.553866963128,0.0,0.0,11504.278460849855,,0
Romania,2007,ROU,20870714.0,304650701380.0,22.653,0.473,0.04,0.106,61.56,21609.418,121.717,9.612,Europe,14597.04260141747,0.0,0.0,13071.553866963128,,0
Romania,2008,ROU,20718745.0,339689310169.0,27.779,0.576,0.02,0.129,64.86,21709.68,119.239,10.317,Europe,16395.264779261484,0.473,0.106,14597.04260141747,,0
Romania,2009,ROU,20576922.0,326954238767.0,22.925,0.472,0.01,0.121,57.59,19056.42,106.054,10.621,Europe,15889.365706250916,0.576,0.129,16395.264779261484,,0
Romania,2010,ROU,20432575.0,335489566640.0,64.826,1.325,0.11,0.338,60.42,19401.561,100.382,13.83,Europe,16419.34835134583,0.472,0.121,15889.365706250916,,0
Romania,2011,ROU,20282009.0,350086824382.0,106.72,2.164,0.2,0.535,61.8,20133.164,105.372,10.997,Europe,17260.954000266935,1.325,0.338,16419.34835134583,,0
Romania,2012,ROU,20158451.0,356825919340.0,100.256,2.021,0.21,0.518,58.54,19512.025,106.774,10.404,Europe,17701.05844640543,2.164,0.535,17260.954000266935,0.3554366458691589,0
Romania,2013,ROU,20062913.0,357789262640.0,88.632,1.778,0.25,0.486,58.19,18420.879,100.044,14.507,Europe,17833.36560548311,2.021,0.518,17701.05844640543,0.2853717952740473,0
Romania,2014,ROU,19968179.0,372532510801.0,77.248,1.543,0.5,0.412,64.92,18986.027,102.803,17.513,Europe,18656.308659943403,1.778,0.486,17833.36560548311,0.303760897785172,0
Romania,2015,ROU,19871018.0,384306463712.0,92.343,1.835,0.52,0.488,65.66,19180.48,104.6,18.196,Europe,19340.049096226474,1.543,0.412,18656.308659943403,0.0309319745483716,0
Romania,2016,ROU,19777049.0,395288226514.0,144.986,2.867,0.53,0.762,64.22,19269.059,109.43,18.867,Europe,19987.219858432873,1.835,0.488,19340.049096226474,-0.03244477528222833,0
Romania,2017,ROU,19689405.0,456012361225.0,161.898,3.188,0.53,0.831,63.54,19702.773,115.043,16.748,Europe,23160.291599720764,2.867,0.762,19987.219858432873,0.07243820205240015,0
Romania,2018,ROU,19597874.0,473122658487.0,174.005,3.41,0.44,0.88,64.07,20004.775,114.964,17.773,Europe,24141.529764248917,3.188,0.831,23160.291599720764,0.12387318993834029,0
Romania,2019,ROU,19501542.0,456564507688.0,220.487,4.3,0.5,1.134,58.76,19681.396,120.234,17.297,Europe,23411.713170579023,3.41,0.88,24141.529764248917,0.17186528918817445,0
Romania,2020,ROU,19392467.0,483499378450.0,259.393,5.03,0.55,1.378,55.21,19053.199,116.285,18.117,Europe,24932.32957158055,4.3,1.134,23411.713170579023,0.185677223818987,0
Romania,2021,ROU,19248159.0,505119539256.0,241.952,4.657,0.65,1.208,58.56,20261.834,124.887,18.153,Europe,26242.485801161554,5.03,1.378,24932.32957158055,0.11899477440785944,0
Romania,2022,ROU,19166776.0,504741667296.0,255.646,4.9,0.65,1.376,54.74,18791.148,126.443,17.783,Europe,26334.19763949868,4.657,1.208,26242.485801161554,0.07874199268308968,0
Romania,2023,ROU,19118482.0,,241.319,4.614,0.44,1.302,56.95,18796.941,131.037,20.908,Europe,,4.9,1.376,26334.19763949868,0.07519773345657876,0
Romania,2024,ROU,19015096.0,,274.086,5.212,0.48,1.484,52.72,18694.158,137.637,19.112,Europe,,4.614,1.302,,0.014195844863188256,0
Russia,2000,RUS,146717784.0,1547057523527.0,0.0,0.0,0.08,0.0,877.76,49169.844,1465.806,6.354,Europe,10544.444452125857,,,,,0
Russia,2001,RUS,146117290.0,1662886727147.0,0.0,0.0,0.11,0.0,891.27,50153.324,1509.422,6.595,Europe,11380.492528618619,0.0,0.0,10544.444452125857,,0
Russia,2002,RUS,145939502.0,1781424730851.0,0.0,0.0,0.17,0.0,891.28,50010.18,1456.214,6.127,Europe,12206.597298454533,0.0,0.0,11380.492528618619,,0
Russia,2003,RUS,145794230.0,1955875991276.0,0.0,0.0,0.37,0.0,916.29,51088.902,1509.185,5.738,Europe,13415.31822813564,0.0,0.0,12206.597298454533,,0
Russia,2004,RUS,145180091.0,2143914665541.0,0.0,0.0,0.45,0.0,931.91,51757.012,1488.477,6.387,Europe,14767.277322763215,0.0,0.0,13415.31822813564,,0
Russia,2005,RUS,144597886.0,2331247104465.0,0.0,0.0,0.45,0.0,954.11,51894.969,1493.819,6.235,Europe,16122.276534976452,0.0,0.0,14767.277322763215,,0
Russia,2006,RUS,144102948.0,2576148450528.0,0.0,0.0,0.51,0.0,992.12,54384.289,1569.592,5.962,Europe,17877.139130616535,0.0,0.0,16122.276534976452,,0
Russia,2007,RUS,143859767.0,2858759376272.0,0.0,0.0,0.48,0.0,1018.7,54763.992,1561.667,6.025,Europe,19871.84767421457,0.0,0.0,17877.139130616535,,0
Russia,2008,RUS,143811837.0,3078094367564.0,0.0,0.0,0.49,0.0,1040.0,55034.594,1611.649,5.539,Europe,21403.623177165868,0.0,0.0,19871.84767421457,,0
Russia,2009,RUS,143869128.0,2903690263125.0,0.0,0.0,0.5,0.0,993.1,52284.949,1546.319,6.13,Europe,20182.85857077691,0.0,0.0,21403.623177165868,,0
Russia,2010,RUS,143934468.0,3105249267337.0,0.0,0.0,0.54,0.0,1038.02,54290.234,1604.92,5.597,Europe,21574.049013312087,0.0,0.0,20182.85857077691,,0
Russia,2011,RUS,144043751.0,3306765993750.0,0.0,0.0,0.56,0.0,1054.86,56097.879,1721.716,5.274,Europe,22956.677889830848,0.0,0.0,21574.049013312087,,0
Russia,2012,RUS,144291025.0,3439833075673.0,0.0,0.0,0.5,0.0,1069.27,56333.117,1780.806,5.226,Europe,23839.54979648249,0.0,0.0,22956.677889830848,,0
Russia,2013,RUS,144604105.0,3500216789791.0,0.0,0.0,0.48,0.0,1059.08,55548.391,1785.025,5.816,Europe,24205.514703687008,0.0,0.0,23839.54979648249,,0
Russia,2014,RUS,144925639.0,3525987597216.0,0.0,0.0,0.55,0.0,1064.2,55599.285,1875.539,5.531,Europe,24329.63291758196,0.0,0.0,24205.514703687008,,0
Russia,2015,RUS,145307612.0,3456429719677.0,0.0,0.0,0.48,0.0,1067.55,54577.699,1812.358,5.423,Europe,23786.983160090746,0.0,0.0,24329.63291758196,,0
Russia,2016,RUS,145778668.0,3463123938280.0,2.704,0.394,0.45,0.005,1090.97,55468.086,1839.121,5.807,Europe,23756.04048103938,0.0,0.0,23786.983160090746,,0
Russia,2017,RUS,146186798.0,3526353842599.0,5.24,0.766,0.52,0.009,1091.17,55653.059,1833.12,5.769,Europe,24122.245584714154,0.394,0.005,23756.04048103938,,0
Russia,2018,RUS,146430146.0,3625347362801.0,7.725,1.131,0.5,0.013,1109.19,57585.199,1850.849,5.709,Europe,24758.203565548585,0.766,0.009,24122.245584714154,,0
Russia,2019,RUS,146533063.0,3705035583500.0,10.678,1.565,0.54,0.019,1118.16,57120.422,1888.725,5.855,Europe,25284.63889067821,1.131,0.013,24758.203565548585,,0
Russia,2020,RUS,146371295.0,3606716578675.0,12.874,1.884,0.81,0.023,1085.42,55172.793,1815.754,6.679,Europe,24640.87359939666,1.565,0.019,25284.63889067821,,0
Russia,2021,RUS,145836172.0,3809571453737.0,19.153,2.793,0.82,0.034,1157.07,57127.566,1930.496,6.586,Europe,26122.267209105023,1.884,0.023,24640.87359939666,0.367467254036973,0
Russia,2022,RUS,145579889.0,3731440829579.0,26.36,3.837,0.84,0.045,1166.94,59257.91,1982.087,5.92,Europe,25631.56803601492,2.793,0.034,26122.267209105023,0.29529423681749,0
Russia,2023,RUS,145440502.0,,33.389,4.856,0.85,0.056,1178.25,60237.031,2077.033,5.913,Europe,,3.837,0.045,25631.56803601492,0.276749918646195,0
Russia,2024,RUS,144820421.0,,41.533,6.015,0.83,0.067,1209.31,62485.312,2129.103,5.999,Europe,,4.856,0.056,,0.25415977447054483,0
Saudi Arabia,2000,SAU,16177733.0,488272422255.0,0.0,0.0,0.0,0.0,138.69,82513.391,861.685,0.0,Asia,30181.75799136999,,,,,0
Saudi Arabia,2001,SAU,17041405.0,506978101388.0,0.0,0.0,0.0,0.0,146.09,83463.328,912.186,0.0,Asia,29749.78303655127,0.0,0.0,30181.75799136999,,0
Saudi Arabia,2002,SAU,17910909.0,518347038548.0,0.0,0.0,0.0,0.0,154.91,82708.406,942.589,0.0,Asia,28940.297700580133,0.0,0.0,29749.78303655127,,0
Saudi Arabia,2003,SAU,18786771.0,607244594721.0,0.0,0.0,0.0,0.0,166.58,83526.383,998.438,0.0,Asia,32322.989124687792,0.0,0.0,28940.297700580133,,0
Saudi Arabia,2004,SAU,19669486.0,690846607941.0,0.0,0.0,0.0,0.0,173.41,86552.734,1078.324,0.0,Asia,35122.758568322526,0.0,0.0,32322.989124687792,,0
Saudi Arabia,2005,SAU,20559886.0,768984265306.0,0.0,0.0,0.0,0.0,191.05,88089.297,1134.001,0.0,Asia,37402.16581482991,0.0,0.0,35122.758568322526,,0
Saudi Arabia,2006,SAU,21459141.0,833723402383.0,0.0,0.0,0.0,0.0,196.31,88548.273,1202.06,0.0,Asia,38851.667099955215,0.0,0.0,37402.16581482991,,0
Saudi Arabia,2007,SAU,22368313.0,896025266041.0,0.0,0.0,0.0,0.0,204.43,86911.211,1236.422,0.0,Asia,40057.79363159841,0.0,0.0,38851.667099955215,,0
Saudi Arabia,2008,SAU,23287884.0,1005243539213.0,0.0,0.0,0.0,0.0,204.2,91397.906,1363.536,0.0,Asia,43165.94582886964,0.0,0.0,40057.79363159841,,0
Saudi Arabia,2009,SAU,24217656.0,1040467027041.0,0.0,0.0,0.0,0.0,217.31,91054.977,1459.588,0.0,Asia,42963.159896275676,0.0,0.0,43165.94582886964,,0
Saudi Arabia,2010,SAU,25157134.0,1156842077931.0,0.0,0.0,0.0,0.0,248.77,97431.875,1617.539,0.0,Asia,45984.653018543366,0.0,0.0,42963.159896275676,,0
Saudi Arabia,2011,SAU,26105636.0,1347950226660.0,0.0,0.0,0.0,0.0,259.15,97959.344,1680.041,0.001,Asia,51634.452677575064,0.0,0.0,45984.653018543366,,0
Saudi Arabia,2012,SAU,27062447.0,1421109142119.0,0.0,0.0,0.0,0.0,281.63,100294.359,1769.607,0.002,Asia,52512.21894749577,0.0,0.0,51634.452677575064,,0
Saudi Arabia,2013,SAU,28026825.0,1461615692896.0,0.0,0.0,0.0,0.0,294.72,97450.227,1779.671,0.004,Asia,52150.59832485485,0.0,0.0,52512.21894749577,,0
Saudi Arabia,2014,SAU,28998127.0,1520484201383.0,0.0,0.0,0.0,0.0,328.2,101100.227,1957.39,0.004,Asia,52433.876208039226,0.0,0.0,52150.59832485485,,0
Saudi Arabia,2015,SAU,29974944.0,1591797027903.0,0.0,0.0,0.0,0.0,350.64,101972.688,2063.19,0.004,Asia,53104.25360270898,0.0,0.0,52433.876208039226,,0
Saudi Arabia,2016,SAU,30717804.0,1629412617614.0,0.0,0.0,0.0,0.0,357.66,103517.945,2125.696,0.004,Asia,53044.56717068707,0.0,0.0,53104.25360270898,,0
Saudi Arabia,2017,SAU,30782400.0,1628276592787.0,0.0,0.0,0.0,0.0,394.99,103364.891,2087.792,0.005,Asia,52896.34962793675,0.0,0.0,53044.56717068707,,0
Saudi Arabia,2018,SAU,30365119.0,1673253984473.0,0.0,0.0,0.0,0.0,374.77,102146.078,1979.128,0.013,Asia,55104.47643801429,0.0,0.0,52896.34962793675,,0
Saudi Arabia,2019,SAU,30472809.0,1687180073621.0,0.0,0.0,0.0,0.0,378.55,97377.938,1854.147,0.018,Asia,55366.739364953195,0.0,0.0,55104.47643801429,,0
Saudi Arabia,2020,SAU,30991206.0,1613932868835.0,0.0,0.0,0.0,0.0,380.9,93195.883,1754.317,0.078,Asia,52077.123711642584,0.0,0.0,55366.739364953195,,0
Saudi Arabia,2021,SAU,31328374.0,1677226744197.0,0.0,0.0,0.0,0.0,392.95,95196.312,1833.843,0.083,Asia,53536.98676468175,0.0,0.0,52077.123711642584,,0
Saudi Arabia,2022,SAU,32175351.0,1823886192336.0,0.0,0.0,0.0,0.0,409.84,97902.695,1976.064,0.157,Asia,56685.821153466204,0.0,0.0,53536.98676468175,,0
Saudi Arabia,2023,SAU,33264289.0,,0.0,0.0,0.0,0.0,429.25,96221.539,2013.4,0.359,Asia,,0.0,0.0,56685.821153466204,,0
Saudi Arabia,2024,SAU,33962751.0,,0.0,0.0,0.0,0.0,454.64,96883.312,2048.456,0.728,Asia,,0.0,0.0,,,0
Serbia,2007,SRB,7482996.0,80235729936.0,0.0,0.0,0.0,,35.97,24744.312,,,Europe,10722.407166327497,,,,,0
Serbia,2008,SRB,7454285.0,86433151884.0,0.0,0.0,0.0,,36.82,24936.412,,,Europe,11595.096227740152,0.0,,10722.407166327497,,0
Serbia,2009,SRB,7425346.0,85543117613.0,0.0,0.0,0.0,,37.71,23584.721,,,Europe,11520.421757181417,0.0,,11595.096227740152,,0
Serbia,2010,SRB,7395872.0,88047936265.0,0.0,0.0,0.0,,37.42,24182.895,,,Europe,11905.010831041966,0.0,,11520.421757181417,,0
Serbia,2011,SRB,7364858.0,91032746041.0,0.0,0.0,0.0,,38.02,25392.164,,,Europe,12360.421075464048,0.0,,11905.010831041966,,0
Serbia,2012,SRB,7324624.0,90412315334.0,0.0,0.0,0.01,,36.19,23840.121,,,Europe,12343.611813248024,0.0,,12360.421075464048,,0
Serbia,2013,SRB,7276183.0,93027618312.0,0.0,0.0,0.02,,39.23,23679.709,,,Europe,12785.222459633025,0.0,,12343.611813248024,,0
Serbia,2014,SRB,7227203.0,91548933459.0,0.0,0.0,0.02,,33.44,20779.764,,,Europe,12667.270237047444,0.0,,12785.222459633025,,0
Serbia,2015,SRB,7177257.0,93202353035.0,0.0,0.0,0.02,,37.59,23759.521,,,Europe,12985.790119400768,0.0,,12667.270237047444,,0
Serbia,2016,SRB,7126083.0,96313997829.0,0.0,0.0,0.03,,38.61,24436.857,,,Europe,13515.699694909532,0.0,,12985.790119400768,,0
Serbia,2017,SRB,7073507.0,98337716405.0,0.0,0.0,0.08,,36.44,25638.635,,,Europe,13902.257593722605,0.0,,13515.699694909532,,0
Serbia,2018,SRB,7020014.0,102758122729.0,0.0,0.0,0.1,,36.67,25794.066,,,Europe,14637.880028301937,0.0,,13902.257593722605,,0
Serbia,2019,SRB,6966155.0,107209329080.0,0.0,0.0,0.14,,36.86,25990.816,,,Europe,15390.029231333498,0.0,,14637.880028301937,,0
Serbia,2020,SRB,6907814.0,106240984752.0,0.0,0.0,0.19,,37.18,25773.5,,,Europe,15379.827070039813,0.0,,15390.029231333498,,0
Serbia,2021,SRB,6835429.0,114262090563.0,0.0,0.0,0.25,,37.46,27246.262,,,Europe,16716.154986468297,0.0,,15379.827070039813,,0
Serbia,2022,SRB,6791215.0,116834638171.0,0.0,0.0,0.25,,34.84,26257.111,,,Europe,17203.790215889203,0.0,,16716.154986468297,,0
Serbia,2023,SRB,6773204.0,,0.0,0.0,0.25,,39.33,26332.174,,,Europe,,0.0,,17203.790215889203,,0
Serbia,2024,SRB,6736217.0,,0.0,0.0,0.34,,36.96,,,,Europe,,0.0,,,,0
Singapore,2000,SGP,4035251.0,152153574500.0,0.0,0.0,0.49,0.0,31.67,109786.094,425.658,0.173,Asia,37706.09919928153,,,,,0
Singapore,2001,SGP,4116169.0,152550774197.0,0.0,0.0,0.69,0.0,33.06,121647.219,455.654,0.295,Asia,37061.34859793172,0.0,0.0,37706.09919928153,,0
Singapore,2002,SGP,4146898.0,157982989858.0,0.0,0.0,0.77,0.0,34.66,116289.367,433.575,0.307,Asia,38096.666437901295,0.0,0.0,37061.34859793172,,0
Singapore,2003,SGP,4138241.0,160287778605.0,0.0,0.0,0.99,0.0,35.32,109774.617,401.48,0.341,Asia,38733.311715049946,0.0,0.0,38096.666437901295,,0
Singapore,2004,SGP,4172767.0,175483138246.0,0.0,0.0,0.96,0.0,36.82,123064.773,450.039,0.292,Asia,42054.38219914987,0.0,0.0,38733.311715049946,,0
Singapore,2005,SGP,4268363.0,190691514722.0,0.0,0.0,0.96,0.0,38.22,127051.617,478.821,0.275,Asia,44675.56173690007,0.0,0.0,42054.38219914987,,0
Singapore,2006,SGP,4407064.0,211578605777.0,0.0,0.0,0.95,0.0,39.49,135878.344,515.757,0.247,Asia,48008.970547511904,0.0,0.0,44675.56173690007,,0
Singapore,2007,SGP,4596516.0,237920174358.0,0.0,0.0,0.99,0.0,41.13,141082.234,565.32,0.238,Asia,51760.98035077002,0.0,0.0,48008.970547511904,,0
Singapore,2008,SGP,4806742.0,252508208683.0,0.0,0.0,1.04,0.0,41.67,143673.141,601.737,0.236,Asia,52532.09110932103,0.0,0.0,51760.98035077002,,0
Singapore,2009,SGP,4968574.0,256114472232.0,0.0,0.0,1.05,0.0,41.8,149339.188,648.463,0.223,Asia,51546.87687694699,0.0,0.0,52532.09110932103,,0
Singapore,2010,SGP,5077020.0,297586792174.0,0.0,0.0,1.18,0.0,45.36,156003.531,706.699,0.233,Asia,58614.46127334539,0.0,0.0,51546.87687694699,,0
Singapore,2011,SGP,5182242.0,319718127421.0,0.0,0.0,1.2,0.0,46.0,159035.375,739.269,0.231,Asia,61694.943505339965,0.0,0.0,58614.46127334539,,0
Singapore,2012,SGP,5293345.0,333899221028.0,0.0,0.0,1.27,0.0,46.94,157040.891,739.63,0.242,Asia,63079.058899051546,0.0,0.0,61694.943505339965,,0
Singapore,2013,SGP,5385589.0,349985256634.0,0.0,0.0,1.69,0.0,47.97,156552.797,737.625,0.265,Asia,64985.51163744579,0.0,0.0,63079.058899051546,,0
Singapore,2014,SGP,5457899.0,363759075569.0,0.0,0.0,1.38,0.0,49.3,157654.781,749.61,0.277,Asia,66648.18743787674,0.0,0.0,64985.51163744579,,0
Singapore,2015,SGP,5525343.0,374587437267.0,0.0,0.0,1.46,0.0,50.28,164988.625,788.382,0.292,Asia,67794.42240364083,0.0,0.0,66648.18743787674,,0
Singapore,2016,SGP,5577936.0,388078809982.0,0.0,0.0,1.41,0.0,51.59,172266.609,834.121,0.284,Asia,69573.9086970521,0.0,0.0,67794.42240364083,,0
Singapore,2017,SGP,5604087.0,405715948493.0,0.0,0.0,1.39,0.0,52.28,175960.0,849.972,0.277,Asia,72396.44004331125,0.0,0.0,69573.9086970521,,0
Singapore,2018,SGP,5634366.0,420221993120.0,0.0,0.0,1.35,0.0,52.97,176342.375,862.371,0.274,Asia,74581.94819434875,0.0,0.0,72396.44004331125,,0
Singapore,2019,SGP,5669562.0,425816263950.0,0.0,0.0,1.32,0.0,54.14,171884.062,840.754,0.293,Asia,75105.67199900099,0.0,0.0,74581.94819434875,,0
Singapore,2020,SGP,5620151.0,409204971045.0,0.0,0.0,1.19,0.0,53.07,162517.109,779.389,0.314,Asia,72810.31613652373,0.0,0.0,75105.67199900099,,0
Singapore,2021,SGP,5546291.0,445551993008.0,0.0,0.0,1.22,0.0,55.79,164442.578,769.945,0.338,Asia,80333.32419954165,0.0,0.0,72810.31613652373,,0
Singapore,2022,SGP,5649888.0,461801118473.0,0.0,0.0,1.66,0.0,56.92,158521.719,755.38,0.521,Asia,81736.33149418182,0.0,0.0,80333.32419954165,,0
Singapore,2023,SGP,5789092.0,,0.0,0.0,1.66,0.0,57.32,171241.078,859.013,0.493,Asia,,0.0,0.0,81736.33149418182,,0
Singapore,2024,SGP,5832387.0,,0.0,0.0,1.66,0.0,59.61,180701.453,914.605,0.545,Asia,,0.0,0.0,,,0
Slovakia,2000,SVK,5380001.0,74595099937.0,0.0,0.0,0.0,0.0,30.78,40566.387,40.865,5.923,Europe,13865.257634152857,,,,,0
Slovakia,2001,SVK,5379439.0,76744257548.0,63.049,0.339,0.15,0.152,31.82,41743.789,37.862,6.48,Europe,14266.219497609323,0.0,0.0,13865.257634152857,,0
Slovakia,2002,SVK,5377685.0,80059373942.0,5.733,0.031,0.15,0.014,32.18,42104.883,42.189,6.658,Europe,14887.330504110969,0.339,0.152,14266.219497609323,,0
Slovakia,2003,SVK,5376197.0,84281952821.0,3.823,0.021,0.1,0.009,30.98,40899.352,39.816,4.499,Europe,15676.872112573255,0.031,0.014,14887.330504110969,,0
Slovakia,2004,SVK,5376038.0,88594621302.0,1.911,0.01,0.02,0.005,30.46,40000.277,39.153,5.248,Europe,16479.537775216617,0.021,0.009,15676.872112573255,,0
Slovakia,2005,SVK,5376697.0,94444699022.0,21.027,0.113,0.03,0.05,31.34,42082.98,46.303,5.658,Europe,17565.560979538182,0.01,0.005,16479.537775216617,,0
Slovakia,2006,SVK,5376847.0,102275719553.0,86.874,0.467,0.4,0.214,31.25,40949.367,42.982,6.177,Europe,19021.504527281508,0.113,0.05,17565.560979538182,-0.1972584382397693,0
Slovakia,2007,SVK,5376993.0,113160253049.0,128.47,0.691,0.47,0.337,27.85,38428.328,45.141,6.844,Europe,21045.266945484214,0.467,0.214,19021.504527281508,0.7202479039390937,0
Slovakia,2008,SVK,5379127.0,119380219073.0,156.027,0.839,0.52,0.399,28.7,39450.379,47.469,6.238,Europe,22193.233041904383,0.691,0.337,21045.266945484214,1.0111837462612616,0
Slovakia,2009,SVK,5385074.0,112760232233.0,181.921,0.98,0.54,0.514,25.93,35713.121,43.663,7.41,Europe,20939.402547300186,0.839,0.399,22193.233041904383,1.4252269865126856,0
Slovakia,2010,SVK,5391857.0,118344324253.0,207.857,1.121,0.66,0.55,27.46,38113.008,45.788,8.314,Europe,21948.71344937375,0.98,0.514,20939.402547300186,0.5403858709488829,0
Slovakia,2011,SVK,5398105.0,120554965758.0,247.34,1.335,0.82,0.681,28.28,36622.363,45.027,7.51,Europe,22332.83082822583,1.121,0.55,21948.71344937375,0.19140041325884805,0
Slovakia,2012,SVK,5404877.0,122144694992.0,202.235,1.093,0.94,0.581,28.3,35133.703,41.787,8.349,Europe,22598.97773658864,1.335,0.681,22332.83082822583,0.14077670365926287,0
Slovakia,2013,SVK,5410422.0,122917618179.0,219.124,1.186,0.91,0.615,28.5,35965.223,41.738,9.315,Europe,22718.67484255387,1.093,0.581,22598.97773658864,0.05431804633458803,0
Slovakia,2014,SVK,5415238.0,126232947119.0,291.841,1.58,1.42,0.881,27.13,33446.344,38.726,10.176,Europe,23310.692368276334,1.186,0.615,22718.67484255387,0.03889515924037723,0
Slovakia,2015,SVK,5420278.0,132755573802.0,320.012,1.735,1.66,0.956,26.62,33760.246,42.22,9.931,Europe,24492.392051108818,1.58,0.881,23310.692368276334,0.0710513547431717,0
Slovakia,2016,SVK,5427262.0,135336424966.0,301.963,1.639,1.73,0.896,26.8,34039.949,44.019,10.577,Europe,24936.40899702281,1.735,0.956,24492.392051108818,0.05381322054797821,0
Slovakia,2017,SVK,5435702.0,139312659832.0,312.451,1.698,1.7,0.88,27.42,35799.367,49.124,9.896,Europe,25629.19376963638,1.639,0.896,24936.40899702281,0.08440561663299007,0
Slovakia,2018,SVK,5443229.0,144927513498.0,310.324,1.689,1.63,0.89,26.66,35143.781,49.683,9.047,Europe,26625.283172543357,1.698,0.88,25629.19376963638,0.07441137928403996,0
Slovakia,2019,SVK,5450627.0,148579167627.0,324.794,1.77,1.69,0.967,28.21,33913.332,47.018,10.549,Europe,27259.096545590077,1.689,0.89,26625.283172543357,0.013431764606407937,0
Slovakia,2020,SVK,5455028.0,143565091421.0,325.836,1.777,1.67,0.991,28.51,33203.387,46.985,11.039,Europe,26317.938500224012,1.77,0.967,27259.096545590077,0.004002414992221315,0
Slovakia,2021,SVK,5442766.0,147892579134.0,341.156,1.857,1.84,0.959,29.7,35868.371,49.438,10.213,Europe,27172.31994430773,1.777,0.991,26317.938500224012,0.016299460060869464,0
Slovakia,2022,SVK,5473195.0,150360426456.0,357.845,1.959,1.49,1.098,26.54,32867.98,50.027,9.672,Europe,27472.1486181289,1.857,0.959,27172.31994430773,0.01806344451870978,0
Slovakia,2023,SVK,5518057.0,,347.294,1.916,1.41,1.051,29.53,33405.191,49.066,10.553,Europe,,1.959,1.098,27472.1486181289,0.030103724147696465,0
Slovakia,2024,SVK,5506759.0,,358.485,1.974,1.58,1.101,29.52,32882.68,48.97,11.295,Europe,,1.916,1.051,,0.015978336506238255,0
Slovenia,2000,SVN,1986817.0,43078787444.0,0.0,0.0,0.07,0.0,13.61,39492.625,28.009,14.026,Europe,21682.312686070232,,,,,0
Slovenia,2001,SVN,1989684.0,44148368411.0,0.0,0.0,0.07,0.0,14.48,41328.18,29.408,13.181,Europe,22188.63317541881,0.0,0.0,21682.312686070232,,0
Slovenia,2002,SVN,1991571.0,45659924240.0,0.0,0.0,0.1,0.0,14.6,41073.066,28.556,11.619,Europe,22926.586217614135,0.0,0.0,22188.63317541881,,0
Slovenia,2003,SVN,1992499.0,46758348275.0,0.0,0.0,0.12,0.0,13.83,40269.707,28.936,10.627,Europe,23467.18782543931,0.0,0.0,22926.586217614135,,0
Slovenia,2004,SVN,1993548.0,48578174459.0,0.0,0.0,0.12,0.0,15.27,42709.363,29.821,13.64,Europe,24367.697421381377,0.0,0.0,23467.18782543931,,0
Slovenia,2005,SVN,1996915.0,50309132737.0,0.0,0.0,0.11,0.0,15.11,42720.215,30.444,11.438,Europe,25193.42723000228,0.0,0.0,24367.697421381377,,0
Slovenia,2006,SVN,2003116.0,52944721543.0,25.654,0.051,0.11,0.061,15.11,42848.508,31.641,11.735,Europe,26431.18099151522,0.0,0.0,25193.42723000228,,0
Slovenia,2007,SVN,2014159.0,56590130937.0,80.238,0.162,0.11,0.191,15.04,42389.488,31.267,10.853,Europe,28096.15871289208,0.051,0.061,26431.18099151522,,0
Slovenia,2008,SVN,2025090.0,57981920900.0,141.585,0.287,0.29,0.31,16.41,46247.805,36.39,12.746,Europe,28631.774834698706,0.162,0.191,28096.15871289208,,0
Slovenia,2009,SVN,2035610.0,53266134006.0,172.539,0.351,0.19,0.412,16.39,42449.91,30.854,15.641,Europe,26167.160706618655,0.287,0.31,28631.774834698706,,0
Slovenia,2010,SVN,2044611.0,53649775101.0,254.463,0.52,0.22,0.609,16.26,42338.941,30.972,15.228,Europe,26239.600149368267,0.351,0.412,26167.160706618655,,0
Slovenia,2011,SVN,2048805.0,53761447942.0,202.394,0.415,0.25,0.499,15.92,41018.535,30.851,12.763,Europe,26240.39278603869,0.52,0.609,26239.600149368267,0.5910602784274559,0
Slovenia,2012,SVN,2053322.0,52342432631.0,289.287,0.594,0.27,0.736,15.55,39769.223,30.204,14.747,Europe,25491.58516345707,0.415,0.499,26240.39278603869,0.20699818332667919,0
Slovenia,2013,SVN,2056452.0,51803647300.0,332.45,0.684,0.26,0.858,15.8,39280.562,28.556,17.451,Europe,25190.78845506727,0.594,0.736,25491.58516345707,0.15659393246759157,0
Slovenia,2014,SVN,2058395.0,53237651266.0,237.267,0.488,0.25,0.6,17.15,40255.164,28.241,21.441,Europe,25863.67109616959,0.684,0.858,25190.78845506727,0.14274622961872163,0
Slovenia,2015,SVN,2059946.0,54414237086.0,162.248,0.334,0.26,0.453,14.8,36270.613,27.818,15.619,Europe,26415.37063884199,0.488,0.6,25863.67109616959,-0.012622342621668059,0
Slovenia,2016,SVN,2061379.0,56151179265.0,101.442,0.209,0.28,0.266,16.23,38740.152,29.853,16.631,Europe,27239.619334920942,0.334,0.453,26415.37063884199,-0.042498034751699554,0
Slovenia,2017,SVN,2062410.0,58855036945.0,136.609,0.282,0.28,0.354,16.05,39139.125,30.568,14.55,Europe,28537.02074029897,0.209,0.266,27239.619334920942,-0.18853093496871265,0
Slovenia,2018,SVN,2069484.0,61476689663.0,406.612,0.841,0.26,1.035,16.12,39812.316,31.447,17.278,Europe,29706.288941108025,0.282,0.354,28537.02074029897,-0.1623962725972249,0
Slovenia,2019,SVN,2083438.0,63598215879.0,527.459,1.099,0.25,1.393,15.89,38399.168,29.977,17.43,Europe,30525.610015272832,0.841,1.035,29706.288941108025,0.11500094319214305,0
Slovenia,2020,SVN,2102421.0,60849951865.0,514.037,1.081,0.27,1.42,16.89,36764.934,25.082,19.778,Europe,28942.800640309433,1.099,1.393,30525.610015272832,0.2689667571443508,0
Slovenia,2021,SVN,2113495.0,65846342756.0,563.741,1.191,0.27,1.578,15.59,36234.727,26.842,19.61,Europe,31155.192113537058,1.081,1.42,28942.800640309433,0.3891075813307514,0
Slovenia,2022,SVN,2115231.0,69385349463.0,431.75,0.913,0.26,1.309,13.36,33377.797,28.228,15.912,Europe,32802.729093418166,1.191,1.578,31155.192113537058,0.3339284357411172,0
Slovenia,2023,SVN,2118394.0,,515.858,1.093,0.29,1.508,15.55,34819.645,26.136,23.026,Europe,,0.913,1.309,32802.729093418166,0.016564539672560663,0
Slovenia,2024,SVN,2118692.0,,444.361,0.941,0.25,1.21,16.71,37360.676,25.94,24.736,Europe,,1.093,1.508,,-0.0010942940685053637,0
South Africa,2000,ZAF,47159715.0,356072104365.0,0.0,0.0,0.48,0.0,210.66,25135.504,264.298,0.386,Africa,7550.344703419009,,,,,0
South Africa,2001,ZAF,47566805.0,374889022813.0,0.0,0.0,0.42,0.0,210.09,25049.746,269.982,0.513,Africa,7881.316031484562,0.0,0.0,7550.344703419009,,0
South Africa,2002,ZAF,48019414.0,396137571619.0,10.227,0.491,0.46,0.042,220.58,24180.324,276.942,0.661,Africa,8249.52948444977,0.0,0.0,7881.316031484562,,0
South Africa,2003,ZAF,48500351.0,413710071358.0,11.174,0.542,0.41,0.043,234.24,25937.09,286.923,0.328,Africa,8530.04283119518,0.491,0.042,8249.52948444977,,0
South Africa,2004,ZAF,48991420.0,439265862379.0,13.007,0.637,0.38,0.046,244.61,28020.674,297.692,0.327,Africa,8966.1794326231,0.542,0.043,8530.04283119518,,0
South Africa,2005,ZAF,49490041.0,470188845104.0,0.0,0.0,0.43,0.0,244.93,26254.201,298.219,0.384,Africa,9500.676006794984,0.637,0.046,8966.1794326231,,0
South Africa,2006,ZAF,49998271.0,505574497707.0,1.444,0.072,0.41,0.005,253.81,26522.131,304.012,0.692,Africa,10111.839621554112,0.0,0.0,9500.676006794984,,0
South Africa,2007,ZAF,50528575.0,542976204451.0,15.527,0.785,0.43,0.058,263.49,26958.873,310.248,0.723,Africa,10745.923558125278,0.072,0.005,10111.839621554112,-0.31883833110960935,0
South Africa,2008,ZAF,51114595.0,571660802378.0,11.367,0.581,0.46,0.04,258.29,28557.336,294.213,0.373,Africa,11183.90554357322,0.785,0.058,10745.923558125278,0.07689676921422972,0
South Africa,2009,ZAF,51728518.0,574768021657.0,5.868,0.304,0.45,0.021,249.56,28093.094,288.546,0.39,Africa,11111.240837346239,0.581,0.04,11183.90554357322,-0.01823546431791101,0
South Africa,2010,ZAF,52344047.0,607601612432.0,3.03,0.159,0.4,0.011,259.59,27968.58,302.437,0.31,Africa,11607.845538423882,0.304,0.021,11111.240837346239,,0
South Africa,2011,ZAF,52995212.0,645388107070.0,8.831,0.468,0.41,0.032,262.48,27289.521,306.035,0.692,Africa,12178.234272749018,0.159,0.011,11607.845538423882,0.17169054553092655,0
South Africa,2012,ZAF,53782570.0,660853021773.0,15.379,0.827,0.42,0.058,257.87,26478.908,313.721,0.358,Africa,12287.494289934453,0.468,0.032,12178.234272749018,-0.09827265634144922,0
South Africa,2013,ZAF,54678789.0,677278303675.0,11.784,0.644,0.48,0.045,255.95,26163.137,319.58,0.397,Africa,12386.490558066309,0.827,0.058,12287.494289934453,0.07316345608558272,0
South Africa,2014,ZAF,55594840.0,686853872664.0,10.195,0.567,0.36,0.039,254.77,26046.393,316.091,0.81,Africa,12354.633499511825,0.644,0.045,12386.490558066309,0.1619901770860308,0
South Africa,2015,ZAF,56723536.0,695933197143.0,11.808,0.67,0.32,0.047,250.05,24952.885,344.8,1.29,Africa,12268.861326681044,0.567,0.039,12354.633499511825,0.28954703403206405,0
South Africa,2016,ZAF,57259550.0,700558003750.0,8.752,0.501,0.33,0.034,252.81,25848.275,331.598,1.482,Africa,12234.78011528208,0.67,0.047,12268.861326681044,0.07439948113646122,0
South Africa,2017,ZAF,57635158.0,708670169977.0,8.767,0.505,0.39,0.034,255.14,25594.477,332.07,2.16,Africa,12295.796429967279,0.501,0.034,12234.78011528208,-0.09537946249680895,0
South Africa,2018,ZAF,58613001.0,719458334697.0,13.9,0.815,0.43,0.058,256.3,24053.697,321.924,2.29,Africa,12274.722713771302,0.505,0.034,12295.796429967279,-0.047464649577783846,0
South Africa,2019,ZAF,59587880.0,721641639539.0,19.714,1.175,0.43,0.08,253.07,24698.113,315.921,2.24,Africa,12110.54394851772,0.815,0.058,12274.722713771302,0.07526351513972451,0
South Africa,2020,ZAF,60562374.0,675871755463.0,20.995,1.271,0.41,0.091,240.74,23110.006,274.014,2.582,Africa,11159.928365143018,1.175,0.08,12110.54394851772,0.11890344958197407,0
South Africa,2021,ZAF,61502602.0,709077881289.0,20.597,1.267,0.41,0.09,245.46,22855.135,288.233,3.247,Africa,11529.233857276478,1.271,0.091,11159.928365143018,0.20465188612255258,0
South Africa,2022,ZAF,62378417.0,723559323969.0,18.847,1.176,0.36,0.088,239.17,21580.689,287.8,3.648,Africa,11599.514042958159,1.267,0.09,11529.233857276478,0.20197946291900815,0
South Africa,2023,ZAF,63212386.0,,16.052,1.015,0.47,0.074,232.95,21641.15,290.035,3.757,Africa,,1.176,0.088,11599.514042958159,0.07609333769110727,0
South Africa,2024,ZAF,64007187.0,,15.991,1.024,0.47,0.075,247.52,21286.549,267.992,3.557,Africa,,1.015,0.074,,-0.028851519184760477,0
South Korea,2000,KOR,46766660.0,1086261690312.0,0.0,0.0,0.08,0.0,290.45,48342.094,1227.263,0.508,Asia,23227.266824528415,,,,,0
South Korea,2001,KOR,47043467.0,1127616204375.0,0.0,0.0,0.09,0.0,309.88,49219.945,1227.476,0.293,Asia,23969.666274277788,0.0,0.0,23227.266824528415,,0
South Korea,2002,KOR,47299118.0,1203066586464.0,0.0,0.0,0.18,0.0,332.01,51178.883,1249.257,0.393,Asia,25435.285843258218,0.0,0.0,23969.666274277788,,0
South Korea,2003,KOR,47514158.0,1229830453921.0,0.0,0.0,0.19,0.0,347.77,52558.207,1259.75,0.562,Asia,25883.452547364934,0.0,0.0,25435.285843258218,,0
South Korea,2004,KOR,47697076.0,1281243847324.0,0.0,0.0,0.29,0.0,368.02,53768.141,1250.866,0.499,Asia,26862.104656562176,0.0,0.0,25883.452547364934,,0
South Korea,2005,KOR,47851646.0,1322354601142.0,0.0,0.0,0.26,0.0,389.47,55225.629,1257.252,0.421,Asia,27634.464259432163,0.0,0.0,26862.104656562176,,0
South Korea,2006,KOR,48006518.0,1381281470156.0,10.417,0.5,0.24,0.019,402.99,55951.609,1258.554,0.42,Asia,28772.790189782147,0.0,0.0,27634.464259432163,,0
South Korea,2007,KOR,48178122.0,1446721509093.0,22.933,1.105,0.38,0.04,425.41,57405.418,1292.233,0.477,Asia,30028.599061893696,0.5,0.019,28772.790189782147,,0
South Korea,2008,KOR,48356485.0,1477425172333.0,42.569,2.059,0.65,0.073,442.61,58236.988,1232.243,0.502,Asia,30552.782575760004,1.105,0.04,30028.599061893696,,0
South Korea,2009,KOR,48546690.0,1477640571750.0,62.526,3.035,0.54,0.107,452.45,58354.625,1246.881,0.545,Asia,30437.51431354022,2.059,0.073,30552.782575760004,,0
South Korea,2010,KOR,48769329.0,1562822824921.0,85.134,4.152,0.42,0.136,495.03,62667.0,1273.998,0.63,Asia,32045.1984262691,3.035,0.107,30437.51431354022,,0
South Korea,2011,KOR,49127640.0,1609219825000.0,82.145,4.036,1.02,0.126,518.16,65306.441,1286.905,0.743,Asia,32755.89515392964,4.152,0.136,32045.1984262691,0.5270648058017571,0
South Korea,2012,KOR,49599580.0,1647889319531.0,83.709,4.152,2.16,0.128,531.21,65380.469,1332.985,0.816,Asia,33223.85632158579,4.036,0.126,32755.89515392964,0.29573973176181045,0
South Korea,2013,KOR,50071168.0,1700045113031.0,87.101,4.361,3.12,0.135,537.16,64755.305,1335.017,0.999,Asia,33952.57552272398,4.152,0.128,33223.85632158579,0.15058895212592094,0
South Korea,2014,KOR,50539055.0,1754480590300.0,90.667,4.582,6.3,0.141,540.38,64689.973,1329.791,1.259,Asia,34715.342229885384,4.361,0.135,33952.57552272398,0.07519064804040476,0
South Korea,2015,KOR,50983909.0,1803763858886.0,100.597,5.129,7.48,0.155,547.8,65128.559,1393.777,1.451,Asia,35379.08124867397,4.582,0.141,34715.342229885384,0.019904594006302512,0
South Korea,2016,KOR,51297836.0,1856920794289.0,118.572,6.082,8.08,0.177,560.98,67038.734,1519.516,1.65,Asia,36198.813421466744,5.129,0.155,35379.08124867397,0.0490986019994899,0
South Korea,2017,KOR,51486268.0,1915599559593.0,127.399,6.559,9.61,0.189,576.41,67581.461,1504.567,1.971,Asia,37206.02859762529,6.082,0.177,36198.813421466744,0.07933886179102667,0
South Korea,2018,KOR,51640894.0,1971285914824.0,154.493,7.978,11.81,0.225,592.91,68987.422,1499.699,2.384,Asia,38172.96259092649,6.559,0.189,37206.02859762529,0.0850513929992045,0
South Korea,2019,KOR,51767844.0,2015521635585.0,153.89,7.967,13.35,0.227,586.8,67917.344,1486.994,2.807,Asia,38933.85313834975,7.978,0.225,38172.96259092649,0.1172948306215309,0
South Korea,2020,KOR,51858481.0,2001231642062.0,155.864,8.083,14.03,0.239,577.11,65364.605,1405.675,3.466,Asia,38590.24798782672,7.967,0.227,38933.85313834975,0.09207489528669788,0
South Korea,2021,KOR,51848401.0,2084182684453.0,157.913,8.188,17.15,0.23,607.76,68918.578,1499.434,3.877,Asia,40197.62700980885,8.083,0.239,38590.24798782672,0.05853502497531804,0
South Korea,2022,KOR,51782515.0,2137558645699.0,153.173,7.932,17.85,0.22,622.59,69899.453,1518.494,4.333,Asia,41279.54475944245,8.188,0.23,40197.62700980885,0.04536520527722154,0
South Korea,2023,KOR,51748744.0,,156.419,8.094,18.72,0.229,617.49,68753.328,1489.596,4.66,Asia,,7.932,0.22,41279.54475944245,-0.0011558400668353341,0
South Korea,2024,KOR,51717587.0,,171.805,8.885,20.34,0.247,625.38,69922.406,1540.167,4.748,Asia,,8.094,0.229,,0.0031680147966821615,0
South Sudan,2012,SSD,10756245.0,,0.0,0.0,0.0,,0.44,554.572,,,Africa,,,,,,0
South Sudan,2013,SSD,11166280.0,,0.0,0.0,0.0,,0.47,565.055,,,Africa,,0.0,,,,0
South Sudan,2014,SSD,11235071.0,,0.0,0.0,0.0,,0.48,581.014,,,Africa,,0.0,,,,0
South Sudan,2015,SSD,11107569.0,,0.0,0.0,0.0,,0.58,720.263,,,Africa,,0.0,,,,0
South Sudan,2016,SSD,10830108.0,,0.0,0.0,0.0,,0.52,713.289,,,Africa,,0.0,,,,0
South Sudan,2017,SSD,10259150.0,,0.0,0.0,0.0,,0.54,659.664,,,Africa,,0.0,,,,0
South Sudan,2018,SSD,10122983.0,,0.0,0.0,0.0,,0.54,777.475,,,Africa,,0.0,,,,0
South Sudan,2019,SSD,10423382.0,,0.0,0.0,0.0,,0.55,712.495,,,Africa,,0.0,,,,0
South Sudan,2020,SSD,10698471.0,,0.0,0.0,0.0,,0.56,628.456,,,Africa,,0.0,,,,0
South Sudan,2021,SSD,10865786.0,,0.0,0.0,0.0,,0.57,669.329,,,Africa,,0.0,,,,0
South Sudan,2022,SSD,11021175.0,,0.0,0.0,0.0,,0.51,620.749,,,Africa,,0.0,,,,0
South Sudan,2023,SSD,11483370.0,,0.0,0.0,0.0,,0.56,613.112,,,Africa,,0.0,,,,0
South Sudan,2024,SSD,11943410.0,,0.0,0.0,0.0,,0.56,,,,Africa,,0.0,,,,0
Spain,2000,ESP,41019772.0,1094998702299.0,0.0,0.0,1.49,0.0,220.92,37185.68,822.153,6.598,Europe,26694.412204412056,,,,,0
Spain,2001,ESP,41245602.0,1147959133197.0,0.0,0.0,1.63,0.0,233.07,38478.723,848.199,8.709,Europe,27832.279746989752,0.0,0.0,26694.412204412056,,0
Spain,2002,ESP,41755703.0,1191323484900.0,0.0,0.0,2.59,0.0,239.91,38668.391,866.395,6.016,Europe,28530.79697640344,0.0,0.0,27832.279746989752,,0
Spain,2003,ESP,42506540.0,1239651963472.0,0.0,0.0,3.18,0.0,257.3,39871.066,875.835,9.207,Europe,29163.793700263537,0.0,0.0,28530.79697640344,,0
Spain,2004,ESP,43234562.0,1289831715789.0,0.0,0.0,3.33,0.0,276.61,40348.723,883.771,8.02,Europe,29833.34758402317,0.0,0.0,29163.793700263537,,0
Spain,2005,ESP,43958883.0,1348839731490.0,0.0,0.0,2.65,0.0,289.46,40272.402,906.246,6.442,Europe,30684.12205765101,0.0,0.0,29833.34758402317,,0
Spain,2006,ESP,44695446.0,1415738502534.0,0.0,0.0,2.77,0.0,295.59,39893.699,898.302,7.933,Europe,31675.22934068048,0.0,0.0,30684.12205765101,,0
Spain,2007,ESP,45516501.0,1481143208580.0,107.812,4.907,2.9,0.27,301.86,40170.227,905.739,8.869,Europe,32540.79676686923,0.0,0.0,31675.22934068048,,0
Spain,2008,ESP,46235055.0,1510615290401.0,207.598,9.598,3.26,0.545,309.79,38382.004,866.659,9.972,Europe,32672.509860775554,4.907,0.27,32540.79676686923,,0
Spain,2009,ESP,46635182.0,1468765814163.0,347.782,16.219,3.49,0.991,290.72,35426.023,814.511,12.913,Europe,31494.8018035611,9.598,0.545,32672.509860775554,,0
Spain,2010,ESP,46840469.0,1480376411582.0,475.169,22.257,4.01,1.331,297.8,36130.031,794.101,16.49,Europe,31604.645367278452,16.219,0.991,31494.8018035611,,0
Spain,2011,ESP,46998040.0,1477187548437.0,558.013,26.225,4.61,1.595,291.54,35349.469,757.266,15.329,Europe,31430.833039782083,22.257,1.331,31604.645367278452,,0
Spain,2012,ESP,47018323.0,1433478645419.0,694.615,32.66,4.98,2.003,293.95,35039.766,700.007,15.917,Europe,30487.660000527878,26.225,1.595,31430.833039782083,0.3982340945987146,0
Spain,2013,ESP,46860394.0,1413362053623.0,290.752,13.625,5.8,0.875,281.46,33685.816,675.858,19.29,Europe,30161.121855334804,32.66,2.003,30487.660000527878,0.2775181734936305,0
Spain,2014,ESP,46720187.0,1433089409797.0,309.487,14.459,5.41,0.943,274.44,33266.539,678.841,19.445,Europe,30673.880003883547,13.625,0.875,30161.121855334804,-0.034254957525352236,0
Spain,2015,ESP,46683683.0,1488098863146.0,316.776,14.788,5.76,0.951,277.17,33697.949,701.328,16.977,Europe,31876.209577252077,14.459,0.943,30673.880003883547,-0.08265156078575375,0
Spain,2016,ESP,46732768.0,1533303930046.0,360.979,16.87,5.69,1.079,270.7,33871.598,719.221,18.117,Europe,32810.03877292267,14.788,0.951,31876.209577252077,-0.10825888882914925,0
Spain,2017,ESP,46868594.0,1578931492849.0,414.751,19.439,6.08,1.226,272.38,34181.582,723.653,15.319,Europe,33688.47575946059,16.87,1.079,32810.03877292267,-0.12376664645694024,0
Spain,2018,ESP,47092817.0,1615001473949.0,542.022,25.525,5.91,1.586,271.4,34584.289,733.645,17.923,Europe,34294.008658454215,19.439,1.226,33688.47575946059,0.07366175109390904,0
Spain,2019,ESP,47435121.0,1647042667976.0,528.959,25.091,5.57,1.602,270.52,33390.262,735.607,17.063,Europe,34722.008361188746,25.525,1.586,34294.008658454215,0.12038038958312924,0
Spain,2020,ESP,47679482.0,1460507935923.0,475.906,22.691,6.14,1.618,259.47,29844.283,591.83,21.929,Europe,30631.791174304286,25.091,1.602,34722.008361188746,0.11153132315950276,0
Spain,2021,ESP,47735670.0,1541121952313.0,467.162,22.3,6.94,1.476,270.75,32091.293,654.146,22.272,Europe,32284.494012821022,22.691,1.618,30631.791174304286,0.06107897855541666,0
Spain,2022,ESP,47828386.0,1625139888517.0,455.019,21.763,6.8,1.385,287.15,33289.133,726.369,20.877,Europe,33978.56428851686,22.3,1.476,32284.494012821022,0.027841594511084367,0
Spain,2023,ESP,47911583.0,,601.207,28.805,5.9,1.865,279.11,32760.994,697.134,24.822,Europe,,21.763,1.385,33978.56428851686,-0.031386311426025104,0
Spain,2024,ESP,47910533.0,,427.73,20.493,6.17,1.282,280.94,33901.656,740.844,25.863,Europe,,28.805,1.865,,0.02799258442926389,0
Sri Lanka,2000,LKA,19293056.0,114541758869.0,0.0,0.0,0.0,0.0,6.78,2775.435,44.057,16.823,Asia,5936.942227763191,,,,,0
Sri Lanka,2001,LKA,19600361.0,111509565283.0,0.0,0.0,0.0,0.0,6.67,2654.694,42.859,16.752,Asia,5689.158749831189,0.0,0.0,5936.942227763191,,0
Sri Lanka,2002,LKA,19805750.0,114770992462.0,0.0,0.0,,0.0,6.94,2701.697,45.486,13.979,Asia,5794.831928202669,0.0,0.0,5689.158749831189,,0
Sri Lanka,2003,LKA,19951521.0,121043287225.0,0.0,0.0,,0.0,7.63,2759.773,44.725,16.628,Asia,6066.870151152887,0.0,0.0,5794.831928202669,,0
Sri Lanka,2004,LKA,20087608.0,127113013921.0,0.0,0.0,0.0,0.0,8.09,2663.676,44.749,15.216,Asia,6327.931823490383,0.0,0.0,6066.870151152887,,0
Sri Lanka,2005,LKA,20216531.0,134388316813.0,0.0,0.0,0.0,0.0,8.82,3056.231,51.173,15.244,Asia,6647.446924153308,0.0,0.0,6327.931823490383,,0
Sri Lanka,2006,LKA,20352416.0,144414690368.0,0.0,0.0,0.0,0.0,9.44,3259.271,52.585,18.984,Asia,7095.7025626834675,0.0,0.0,6647.446924153308,,0
Sri Lanka,2007,LKA,20492546.0,153829219297.0,0.0,0.0,0.0,0.0,9.88,3290.961,55.729,15.797,Asia,7506.59382670167,0.0,0.0,7095.7025626834675,,0
Sri Lanka,2008,LKA,20629377.0,162474916511.0,0.0,0.0,0.01,0.0,9.92,3081.809,51.229,17.442,Asia,7875.900300382314,0.0,0.0,7506.59382670167,,0
Sri Lanka,2009,LKA,20756438.0,167647716585.0,0.0,0.0,0.02,0.0,9.89,3105.535,52.809,16.162,Asia,8076.902047692383,0.0,0.0,7875.900300382314,,0
Sri Lanka,2010,LKA,20879092.0,180642805306.0,0.0,0.0,0.03,0.0,10.72,3334.24,52.981,21.793,Asia,8651.851589427357,0.0,0.0,8076.902047692383,,0
Sri Lanka,2011,LKA,21009054.0,195461606183.0,0.0,0.0,0.03,0.0,11.55,3597.448,59.077,16.358,Asia,9303.684315486076,0.0,0.0,8651.851589427357,,0
Sri Lanka,2012,LKA,21169461.0,212333854625.0,0.0,0.0,0.02,0.0,11.8,3682.307,63.094,11.61,Asia,10030.196547044821,0.0,0.0,9303.684315486076,,0
Sri Lanka,2013,LKA,21358829.0,220937614421.0,0.0,0.0,0.03,0.0,11.98,3708.73,53.987,23.64,Asia,10344.088359010693,0.0,0.0,10030.196547044821,,0
Sri Lanka,2014,LKA,21547454.0,235029015924.0,0.0,0.0,0.04,0.0,12.45,3986.135,61.877,14.695,Asia,10907.507491325889,0.0,0.0,10344.088359010693,,0
Sri Lanka,2015,LKA,21729975.0,244914328998.0,0.0,0.0,0.06,0.0,13.21,4201.579,59.549,18.069,Asia,11270.805833784898,0.0,0.0,10907.507491325889,,0
Sri Lanka,2016,LKA,21910763.0,257292293131.0,0.0,0.0,0.07,0.0,14.31,4603.753,72.915,11.92,Asia,11742.735436963103,0.0,0.0,11270.805833784898,,0
Sri Lanka,2017,LKA,22087525.0,273915973018.0,0.0,0.0,0.07,0.0,14.89,4832.206,78.414,11.102,Asia,12401.388250516977,0.0,0.0,11742.735436963103,,0
Sri Lanka,2018,LKA,22253116.0,280243422762.0,0.0,0.0,0.09,0.0,16.07,5049.593,78.145,16.029,Asia,12593.446363286832,0.0,0.0,12401.388250516977,,0
Sri Lanka,2019,LKA,22410552.0,279626891521.0,0.0,0.0,0.12,0.0,16.67,5043.847,81.442,12.824,Asia,12477.46559393093,0.0,0.0,12593.446363286832,,0
Sri Lanka,2020,LKA,22561808.0,269918239631.0,0.0,0.0,0.1,0.0,16.5,4653.029,68.938,14.89,Asia,11963.502199424798,0.0,0.0,12477.46559393093,,0
Sri Lanka,2021,LKA,22700377.0,278898406287.0,0.0,0.0,0.09,0.0,17.51,4795.043,65.323,21.005,Asia,12286.069358539728,0.0,0.0,11963.502199424798,,0
Sri Lanka,2022,LKA,22834965.0,254748598293.0,0.0,0.0,0.05,0.0,16.75,4265.696,55.179,23.449,Asia,11156.07570640025,0.0,0.0,12286.069358539728,,0
Sri Lanka,2023,LKA,22971615.0,,0.0,0.0,0.12,0.0,16.39,4356.593,61.569,20.969,Asia,,0.0,0.0,11156.07570640025,,0
Sri Lanka,2024,LKA,23103561.0,,0.0,0.0,0.2,0.0,17.07,4819.195,64.83,23.25,Asia,,0.0,0.0,,,0
Sudan,2000,SDN,27816748.0,,0.0,0.0,0.1,,2.54,1034.255,,,Africa,,,,,,0
Sudan,2001,SDN,28516774.0,,0.0,0.0,0.11,,2.68,1082.417,,,Africa,,0.0,,,,0
Sudan,2002,SDN,29228728.0,,0.0,0.0,0.12,,3.0,1266.991,,,Africa,,0.0,,,,0
Sudan,2003,SDN,29896038.0,,0.0,0.0,0.13,,3.47,1296.326,,,Africa,,0.0,,,,0
Sudan,2004,SDN,30556641.0,,0.0,0.0,0.14,,3.6,1402.636,,,Africa,,0.0,,,,0
Sudan,2005,SDN,31262447.0,,0.0,0.0,0.14,,3.96,1593.215,,,Africa,,0.0,,,,0
Sudan,2006,SDN,31992438.0,,0.0,0.0,0.14,,4.65,1865.157,,,Africa,,0.0,,,,0
Sudan,2007,SDN,32764139.0,,0.0,0.0,0.15,,5.16,1933.786,,,Africa,,0.0,,,,0
Sudan,2008,SDN,33623980.0,,0.0,0.0,0.15,,5.64,2060.739,,,Africa,,0.0,,,,0
Sudan,2009,SDN,34569114.0,,0.0,0.0,0.15,,6.61,2072.491,,,Africa,,0.0,,,,0
Sudan,2010,SDN,35414403.0,,0.0,0.0,0.14,,7.58,2158.833,,,Africa,,0.0,,,,0
Sudan,2011,SDN,36140808.0,,0.0,0.0,0.12,,8.51,2017.89,,,Africa,,0.0,,,,0
Sudan,2012,SDN,36923175.0,,0.0,0.0,0.12,,9.5,1899.232,,,Africa,,0.0,,,,0
Sudan,2013,SDN,37785852.0,,0.0,0.0,0.14,,10.35,1888.242,,,Africa,,0.0,,,,0
Sudan,2014,SDN,38823324.0,,0.0,0.0,0.12,,11.41,1871.96,,,Africa,,0.0,,,,0
Sudan,2015,SDN,40024433.0,,0.0,0.0,0.11,,13.09,1915.481,,,Africa,,0.0,,,,0
Sudan,2016,SDN,41259892.0,,0.0,0.0,0.12,,14.57,2243.968,,,Africa,,0.0,,,,0
Sudan,2017,SDN,42714311.0,,0.0,0.0,0.13,,15.7,2182.005,,,Africa,,0.0,,,,0
Sudan,2018,SDN,44230597.0,,0.0,0.0,0.12,,16.4,2225.562,,,Africa,,0.0,,,,0
Sudan,2019,SDN,45548179.0,,0.0,0.0,0.11,,16.22,2052.874,,,Africa,,0.0,,,,0
Sudan,2020,SDN,46789237.0,,0.0,0.0,0.11,,17.2,1732.914,,,Africa,,0.0,,,,0
Sudan,2021,SDN,48066930.0,,0.0,0.0,0.11,,17.7,1592.538,,,Africa,,0.0,,,,0
Sudan,2022,SDN,49383344.0,,0.0,0.0,0.11,,16.78,1790.4,,,Africa,,0.0,,,,0
Sudan,2023,SDN,50042800.0,,0.0,0.0,0.11,,14.51,1800.977,,,Africa,,0.0,,,,0
Sudan,2024,SDN,50448960.0,,0.0,0.0,0.11,,14.77,,,,Africa,,0.0,,,,0
Sweden,2000,SWE,8872099.0,303452362920.0,0.0,0.0,4.1,0.0,145.23,73464.344,204.42,36.656,Europe,34202.995584246746,,,,,0
Sweden,2001,SWE,8896018.0,308398096624.0,19.366,0.172,3.78,0.025,161.6,78209.859,205.107,34.203,Europe,34666.98208389417,0.0,0.0,34202.995584246746,,0
Sweden,2002,SWE,8925045.0,317463771012.0,41.824,0.373,4.18,0.059,146.7,72769.648,205.53,31.103,Europe,35569.99107701978,0.172,0.025,34666.98208389417,,0
Sweden,2003,SWE,8958434.0,326402407102.0,86.027,0.771,4.51,0.129,135.39,68007.117,205.914,27.305,Europe,36435.20810690797,0.373,0.059,35569.99107701978,,0
Sweden,2004,SWE,8993805.0,341901244849.0,163.1,1.467,7.2,0.226,151.56,73894.945,204.079,29.336,Europe,38015.19433087553,0.771,0.129,36435.20810690797,,0
Sweden,2005,SWE,9029771.0,354496929423.0,183.957,1.661,7.49,0.253,158.36,74532.344,196.897,33.911,Europe,39258.684347919785,1.467,0.226,38015.19433087553,,0
Sweden,2006,SWE,9080628.0,372234670461.0,249.945,2.27,8.36,0.369,143.28,69394.227,195.634,31.833,Europe,40992.17261856779,1.661,0.253,39258.684347919785,0.5738677526689426,0
Sweden,2007,SWE,9148280.0,387881844813.0,341.663,3.126,9.84,0.5,148.82,70079.531,191.29,34.16,Europe,42399.42861532441,2.27,0.369,40992.17261856779,0.4350380121535038,0
Sweden,2008,SWE,9219903.0,388980516356.0,413.074,3.809,10.34,0.612,149.9,69259.43,187.61,36.048,Europe,42189.22003365979,3.126,0.5,42399.42861532441,0.32308248150112684,0
Sweden,2009,SWE,9298738.0,373026350439.0,421.17,3.916,11.46,0.693,136.6,62353.945,174.766,38.656,Europe,40115.8039337166,3.809,0.612,42189.22003365979,0.21025301089934656,0
Sweden,2010,SWE,9378234.0,399838964466.0,436.717,4.096,12.19,0.677,148.45,66295.578,182.269,37.37,Europe,42634.78224855554,3.916,0.693,40115.8039337166,0.18711996805660425,0
Sweden,2011,SWE,9449263.0,397617949429.0,494.365,4.671,11.54,0.784,150.28,64768.621,168.609,38.676,Europe,42079.25522117439,4.096,0.677,42634.78224855554,0.12529611150439623,0
Sweden,2012,SWE,9519477.0,395278763366.0,562.241,5.352,12.19,0.854,166.44,67781.508,161.835,42.346,Europe,41523.15966160746,4.671,0.784,42079.25522117439,0.08363788188273857,0
Sweden,2013,SWE,9600620.0,399973749048.0,663.192,6.367,11.45,1.085,153.03,62865.043,158.019,38.22,Europe,41661.24157064856,5.352,0.854,41523.15966160746,0.0703874942409739,0
Sweden,2014,SWE,9696438.0,410604225974.0,777.849,7.542,10.7,1.291,153.56,61958.484,155.696,39.703,Europe,42345.88268124851,6.367,1.085,41661.24157064856,0.10209348061061663,0
Sweden,2015,SWE,9799483.0,429037422635.0,915.023,8.967,10.77,1.486,162.0,63479.047,153.648,45.535,Europe,43781.638545115085,7.542,1.291,42345.88268124851,0.1298617749847033,0
Sweden,2016,SWE,9923281.0,437921057919.0,1109.904,11.014,11.49,1.86,155.89,61411.199,158.838,40.906,Europe,44130.67189360051,8.967,1.486,43781.638545115085,0.1393245628528037,0
Sweden,2017,SWE,10057864.0,449166531542.0,1037.454,10.435,12.08,1.7,164.23,62771.066,161.745,41.625,Europe,44658.24269864854,11.014,1.86,44130.67189360051,0.15527611221981452,0
Sweden,2018,SWE,10175400.0,457925387676.0,1211.797,12.331,11.91,2.082,163.36,59869.379,142.698,41.607,Europe,45003.18293885253,10.435,1.7,44658.24269864854,0.10385370766206381,0
Sweden,2019,SWE,10279120.0,467020665386.0,1231.471,12.658,13.04,2.083,168.42,60882.551,145.296,43.747,Europe,45433.91510031987,12.331,2.082,45003.18293885253,0.10332219291108391,0
Sweden,2020,SWE,10353682.0,456885314424.0,1235.003,12.787,11.18,2.2,163.78,57977.379,134.45,51.056,Europe,44127.810224806984,12.658,2.083,45433.91510031987,0.07138012187013443,0
Sweden,2021,SWE,10416134.0,481492421258.0,1363.802,14.206,13.08,2.312,171.78,60836.348,147.195,50.01,Europe,46225.63623490251,12.787,2.2,44127.810224806984,0.030302416910312324,0
Sweden,2022,SWE,10487335.0,494214521158.0,1661.683,17.427,13.13,2.891,173.05,59279.207,132.629,52.434,Europe,47124.891229087276,14.206,2.312,46225.63623490251,0.06364296352467846,0
Sweden,2023,SWE,10551493.0,,1480.362,15.62,11.7,2.695,166.05,56802.957,129.901,52.459,Europe,,17.427,2.891,47124.891229087276,0.07163000893831195,0
Sweden,2024,SWE,10606993.0,,399.246,4.235,10.18,0.717,172.15,57509.574,135.909,51.318,Europe,,15.62,2.695,,0.04294927763293632,0
Switzerland,2000,CHE,7184003.0,315545366882.0,0.0,0.0,0.21,0.0,66.12,50714.938,148.286,29.476,Europe,43923.33450890819,,,,,0
Switzerland,2001,CHE,7226391.0,325520166982.0,0.0,0.0,0.2,0.0,71.05,53847.977,158.696,30.748,Europe,45046.02186374914,0.0,0.0,43923.33450890819,,0
Switzerland,2002,CHE,7278744.0,331802188855.0,0.0,0.0,0.21,0.0,65.41,49767.43,150.42,28.021,Europe,45585.0884239094,0.0,0.0,45046.02186374914,,0
Switzerland,2003,CHE,7333451.0,337991874208.0,0.0,0.0,0.22,0.0,65.34,48866.387,146.388,27.866,Europe,46089.06150842216,0.0,0.0,45585.0884239094,,0
Switzerland,2004,CHE,7384196.0,353894703206.0,4.194,0.031,0.22,0.009,63.87,48367.953,149.644,27.041,Europe,47925.96285445294,0.0,0.0,46089.06150842216,,0
Switzerland,2005,CHE,7431824.0,371135459405.0,8.692,0.065,0.22,0.019,57.8,45854.402,150.236,26.14,Europe,49938.67715449128,0.031,0.009,47925.96285445294,,0
Switzerland,2006,CHE,7478514.0,393075108386.0,11.992,0.09,0.23,0.026,62.13,46813.234,149.461,25.217,Europe,52560.59002978399,0.065,0.019,49938.67715449128,,0
Switzerland,2007,CHE,7545386.0,416832821635.0,15.851,0.12,0.29,0.034,66.43,47034.438,143.287,28.119,Europe,55243.405921844154,0.09,0.026,52560.59002978399,,0
Switzerland,2008,CHE,7641730.0,433739216893.0,17.044,0.13,0.32,0.037,67.04,47442.336,148.414,27.972,Europe,56759.29624482938,0.12,0.034,55243.405921844154,,0
Switzerland,2009,CHE,7737644.0,431737407420.0,12.057,0.093,0.36,0.027,66.67,45880.383,144.264,28.184,Europe,55797.011004900196,0.13,0.037,56759.29624482938,0.33203713278265967,0
Switzerland,2010,CHE,7825750.0,451139715920.0,14.227,0.111,0.36,0.032,66.05,45935.188,147.45,27.969,Europe,57648.11243906335,0.093,0.027,55797.011004900196,0.07427116398468914,0
Switzerland,2011,CHE,7914379.0,467103594697.0,15.016,0.119,0.44,0.036,62.88,42318.344,136.5,27.144,Europe,59019.61413485505,0.111,0.032,57648.11243906335,0.042836189040638795,0
Switzerland,2012,CHE,7998927.0,472611933649.0,17.138,0.137,0.53,0.04,68.13,44264.0,139.246,30.448,Europe,59084.416403475116,0.119,0.036,59019.61413485505,-0.0016722501630701547,0
Switzerland,2013,CHE,8091199.0,481081829913.0,15.581,0.126,0.58,0.036,68.69,44387.238,141.592,29.926,Europe,59457.42156545649,0.137,0.04,59084.416403475116,0.010544500583539618,0
Switzerland,2014,CHE,8190238.0,492386642888.0,30.54,0.25,0.59,0.074,70.08,42054.887,128.455,31.115,Europe,60118.72217730425,0.126,0.036,59457.42156545649,0.06261885889987062,0
Switzerland,2015,CHE,8283940.0,500484653705.0,70.09,0.581,0.52,0.177,66.07,40599.23,129.561,32.122,Europe,60416.25768716336,0.25,0.074,60118.72217730425,0.17631437956223905,0
Switzerland,2016,CHE,8374903.0,510838097521.0,111.191,0.931,0.58,0.301,61.1,37761.055,122.349,31.376,Europe,60996.300198462,0.581,0.177,60416.25768716336,0.3731748296761008,0
Switzerland,2017,CHE,8453630.0,517799793781.0,174.803,1.478,0.69,0.477,60.15,37498.082,125.385,31.293,Europe,61251.76921405361,0.931,0.301,60996.300198462,0.46705306400584723,0
Switzerland,2018,CHE,8516341.0,532611137213.0,222.896,1.898,0.67,0.604,66.29,37746.012,120.372,31.434,Europe,62539.902666297654,1.478,0.477,61251.76921405361,0.6362918896314413,0
Switzerland,2019,CHE,8577525.0,538693495449.0,242.56,2.081,0.71,0.634,70.57,39166.934,123.533,32.559,Europe,62802.90590222704,1.898,0.604,62539.902666297654,0.4999308578236372,0
Switzerland,2020,CHE,8640582.0,525896489462.0,239.774,2.072,0.81,0.686,68.5,35831.172,102.538,35.598,Europe,60863.549406972816,2.081,0.634,62802.90590222704,0.2906818103567559,0
Switzerland,2021,CHE,8707019.0,548098275898.0,210.009,1.829,0.96,0.646,63.09,33316.562,102.788,37.276,Europe,62949.015719157156,2.072,0.686,60863.549406972816,0.17351329455297515,0
Switzerland,2022,CHE,8792180.0,559384947989.0,206.937,1.819,0.99,0.625,61.72,33835.207,105.803,31.096,Europe,63623.00908182043,1.829,0.646,62949.015719157156,0.04353700508765779,0
Switzerland,2023,CHE,8870564.0,,231.687,2.055,1.04,0.665,70.07,35766.453,107.323,35.636,Europe,,1.819,0.625,63623.00908182043,-0.008466713901926437,0
Switzerland,2024,CHE,8921979.0,,274.483,2.449,1.04,0.741,78.37,38025.828,107.36,39.868,Europe,,2.055,0.665,,-0.0025113810854275886,0
Syria,2000,SYR,16637884.0,125214242976.0,0.0,0.0,0.03,,25.25,12708.573,,,Asia,7525.851422933349,,,,,0
Syria,2001,SYR,17051337.0,125631935247.0,0.0,0.0,0.03,,26.74,12221.478,,,Asia,7367.864188421119,0.0,,7525.851422933349,,0
Syria,2002,SYR,17468335.0,128996142855.0,0.0,0.0,0.03,,28.07,13060.471,,,Asia,7384.570015115923,0.0,,7367.864188421119,,0
Syria,2003,SYR,17889297.0,122501642286.0,0.0,0.0,0.03,,30.4,12345.578,,,Asia,6847.761669226018,0.0,,7384.570015115923,,0
Syria,2004,SYR,18336879.0,126515329154.0,0.0,0.0,0.03,,32.17,13289.391,,,Asia,6899.501772030017,0.0,,6847.761669226018,,0
Syria,2005,SYR,18814092.0,129657010670.0,0.0,0.0,0.03,,36.08,14674.131,,,Asia,6891.483823402161,0.0,,6899.501772030017,,0
Syria,2006,SYR,19637016.0,132870748696.0,0.0,0.0,0.03,,37.48,14710.876,,,Asia,6766.34111292673,0.0,,6891.483823402161,,0
Syria,2007,SYR,20884136.0,138933398255.0,0.0,0.0,0.03,,38.67,14325.909,,,Asia,6652.580612145027,0.0,,6766.34111292673,,0
Syria,2008,SYR,21636566.0,140064268758.0,0.0,0.0,0.03,,41.06,14093.719,,,Asia,6473.498093828753,0.0,,6652.580612145027,,0
Syria,2009,SYR,21976971.0,141886525419.0,0.0,0.0,0.03,,43.34,13056.144,,,Asia,6456.145636220751,0.0,,6473.498093828753,,0
Syria,2010,SYR,22482417.0,143781004115.0,0.0,0.0,0.03,,46.44,13154.189,,,Asia,6395.264535614654,0.0,,6456.145636220751,,0
Syria,2011,SYR,22878104.0,134274046453.0,0.0,0.0,0.03,,41.84,11615.845,,,Asia,5869.10726749909,0.0,,6395.264535614654,,0
Syria,2012,SYR,22759763.0,98907693956.0,0.0,0.0,0.03,,32.27,8972.617,,,Asia,4345.72600584637,0.0,,5869.10726749909,,0
Syria,2013,SYR,21666921.0,72894799336.0,0.0,0.0,0.03,,25.17,6875.813,,,Asia,3364.335861842114,0.0,,4345.72600584637,,0
Syria,2014,SYR,20273661.0,65379097607.0,0.0,0.0,0.03,,21.25,6556.045,,,Asia,3224.829378719512,0.0,,3364.335861842114,,0
Syria,2015,SYR,19424615.0,63295273863.0,0.0,0.0,0.03,,18.01,6244.624,,,Asia,3258.5085399633404,0.0,,3224.829378719512,,0
Syria,2016,SYR,19193835.0,59731474595.0,0.0,0.0,0.03,,18.17,6111.273,,,Asia,3112.0135499237126,0.0,,3258.5085399633404,,0
Syria,2017,SYR,19224671.0,59296820428.0,0.0,0.0,0.03,,18.44,6155.312,,,Asia,3084.412754215664,0.0,,3112.0135499237126,,0
Syria,2018,SYR,19577849.0,60171975441.0,0.0,0.0,0.03,,22.32,6743.14,,,Asia,3073.4722410516088,0.0,,3084.412754215664,,0
Syria,2019,SYR,20353536.0,62427096792.0,0.0,0.0,0.03,,22.32,5840.697,,,Asia,3067.1376606010867,0.0,,3073.4722410516088,,0
Syria,2020,SYR,21049431.0,55872251610.0,0.0,0.0,0.03,,21.03,5342.43,,,Asia,2654.335483462712,0.0,,3067.1376606010867,,0
Syria,2021,SYR,21628837.0,54251957890.0,0.0,0.0,0.03,,21.71,5139.623,,,Asia,2508.31599914503,0.0,,2654.335483462712,,0
Syria,2022,SYR,22462170.0,52353139385.0,0.0,0.0,0.03,,20.08,4111.719,,,Asia,2330.7249203883684,0.0,,2508.31599914503,,0
Syria,2023,SYR,23594623.0,,0.0,0.0,0.03,,25.02,3976.759,,,Asia,,0.0,,2330.7249203883684,,0
Syria,2024,SYR,24672758.0,,0.0,0.0,0.03,,24.88,,,,Asia,,0.0,,,,0
Taiwan,2000,TWN,22332873.0,591153923509.0,0.0,0.0,1.05,0.0,184.84,45722.125,500.493,1.566,Asia,26470.12426520314,,,,,0
Taiwan,2001,TWN,22446254.0,582366336280.0,0.0,0.0,1.32,0.0,188.53,46945.289,518.609,1.734,Asia,25944.923205448893,0.0,0.0,26470.12426520314,,0
Taiwan,2002,TWN,22566898.0,612808812199.0,0.0,0.0,1.6,0.0,198.84,48563.367,518.463,1.158,Asia,27155.20813711304,0.0,0.0,25944.923205448893,,0
Taiwan,2003,TWN,22664130.0,636240085985.0,0.0,0.0,1.77,0.0,209.06,50539.492,542.076,1.214,Asia,28072.557207578673,0.0,0.0,27155.20813711304,,0
Taiwan,2004,TWN,22745432.0,675272430215.0,0.0,0.0,1.85,0.0,218.41,52462.762,554.119,1.222,Asia,29688.265767605557,0.0,0.0,28072.557207578673,,0
Taiwan,2005,TWN,22824932.0,709313986797.0,0.272,0.006,1.85,0.001,227.5,52957.516,557.941,1.409,Asia,31076.28039360643,0.0,0.0,29688.265767605557,,0
Taiwan,2006,TWN,22914644.0,745965982529.0,0.749,0.017,1.85,0.001,235.54,54161.758,562.38,1.411,Asia,32554.116159474266,0.006,0.001,31076.28039360643,,0
Taiwan,2007,TWN,23006921.0,791900583149.0,40.693,0.936,1.88,0.073,243.11,56193.273,583.015,1.531,Asia,34420.102679059055,0.017,0.001,32554.116159474266,,0
Taiwan,2008,TWN,23086238.0,794389614968.0,8.102,0.187,1.82,0.015,238.31,53926.07,545.445,1.513,Asia,34409.66063712936,0.936,0.073,34420.102679059055,,0
Taiwan,2009,TWN,23164353.0,779014502319.0,13.262,0.307,1.75,0.025,230.05,52161.855,532.042,1.468,Asia,33629.88391339918,0.187,0.015,34409.66063712936,,0
Taiwan,2010,TWN,23224049.0,859487483344.0,17.289,0.402,1.83,0.031,247.05,55741.184,555.737,1.532,Asia,37008.51145052269,0.307,0.025,33629.88391339918,1.1968349286073963,0
Taiwan,2011,TWN,23273078.0,888546864638.0,22.398,0.521,1.83,0.041,252.15,55435.527,517.709,1.604,Asia,38179.17271785021,0.402,0.031,37008.51145052269,0.8825886080106669,0
Taiwan,2012,TWN,23345963.0,908290377366.0,32.517,0.759,1.83,0.059,250.37,54801.141,509.284,1.971,Asia,38905.67192991782,0.521,0.041,38179.17271785021,-0.11056876909503988,0
Taiwan,2013,TWN,23416870.0,930852328389.0,37.619,0.881,1.85,0.068,252.33,55716.605,521.891,1.964,Asia,39751.35568455562,0.759,0.059,38905.67192991782,0.32336618691666463,0
Taiwan,2014,TWN,23472811.0,974779255338.0,13.449,0.316,1.92,0.024,259.97,56826.914,538.76,1.688,Asia,41528.01534243172,0.881,0.068,39751.35568455562,0.23471722428173725,0
Taiwan,2015,TWN,23529260.0,989069527295.0,0.103,0.002,1.94,0.0,258.14,56650.766,553.814,1.76,Asia,42035.72604047046,0.316,0.024,41528.01534243172,-0.0470015244923786,0
Taiwan,2016,TWN,23586140.0,1010482869589.0,0.088,0.002,1.91,0.0,264.12,56802.785,554.212,2.162,Asia,42842.231479546885,0.002,0.0,42035.72604047046,-0.6712706700812359,0
Taiwan,2017,TWN,23632950.0,1043939947916.0,1.755,0.041,1.86,0.003,270.26,56732.984,550.433,2.089,Asia,44173.06971478381,0.002,0.0,42842.231479546885,-0.6950998458361819,0
Taiwan,2018,TWN,23659308.0,1073034529603.0,0.053,0.001,1.97,0.0,275.53,57252.355,544.257,2.094,Asia,45353.588938569126,0.041,0.003,44173.06971478381,-0.45854597102232897,0
Taiwan,2019,TWN,23674137.0,1105912366266.0,0.037,0.001,1.99,0.0,274.18,56101.125,513.068,2.611,Asia,46713.94637388472,0.001,0.0,45353.588938569126,-0.6837266610833171,0
Taiwan,2020,TWN,23663461.0,1143369531447.0,0.034,0.001,2.0,0.0,279.99,54479.203,490.926,2.676,Asia,48317.93335078922,0.001,0.0,46713.94637388472,-0.12944943670387588,0
Taiwan,2021,TWN,23558330.0,1218008773904.0,0.02,0.0,2.01,0.0,291.03,58168.164,519.623,2.932,Asia,51701.83004924373,0.001,0.0,48317.93335078922,-0.12944943670387588,0
Taiwan,2022,TWN,23420107.0,1247874288934.0,0.021,0.0,1.99,0.0,288.19,56225.938,478.727,4.235,Asia,53282.17710252135,0.0,0.0,51701.83004924373,-1.0,0
Taiwan,2023,TWN,23317145.0,,0.028,0.001,2.01,0.0,282.28,53882.113,452.228,5.005,Asia,,0.0,0.0,53282.17710252135,-1.0,0
Taiwan,2024,TWN,23213964.0,,0.018,0.0,2.07,0.0,288.56,54012.633,447.921,6.268,Asia,,0.001,0.0,,0.0,0
Thailand,2000,THA,63007815.0,579217712636.0,0.0,0.0,0.53,0.0,95.52,11771.415,418.939,2.432,Asia,9192.79160269246,,,,,0
Thailand,2001,THA,63651137.0,596448007832.0,0.0,0.0,0.62,0.0,100.99,12288.995,414.405,2.432,Asia,9370.57900210015,0.0,0.0,9192.79160269246,,0
Thailand,2002,THA,64266433.0,630177413705.0,0.0,0.0,0.75,0.0,108.44,13194.149,448.202,2.662,Asia,9805.700803481655,0.0,0.0,9370.57900210015,,0
Thailand,2003,THA,64868164.0,672602585235.0,0.027,0.002,1.23,0.0,115.94,14054.511,491.361,2.58,Asia,10368.762483165085,0.0,0.0,9805.700803481655,,0
Thailand,2004,THA,65452049.0,712165919937.0,0.859,0.056,1.84,0.006,124.13,15121.47,544.581,2.204,Asia,10880.727659679531,0.002,0.0,10368.762483165085,,0
Thailand,2005,THA,66017415.0,739238460898.0,6.833,0.451,1.86,0.044,130.43,15467.393,543.148,2.108,Asia,11197.628094011254,0.056,0.006,10880.727659679531,,0
Thailand,2006,THA,66567685.0,773067090714.0,12.14,0.808,1.99,0.078,136.78,15668.239,539.189,2.724,Asia,11613.24884159634,0.451,0.044,11197.628094011254,,0
Thailand,2007,THA,67102388.0,811667437725.0,24.869,1.669,2.42,0.155,142.53,16074.729,533.296,2.832,Asia,12095.954583985893,0.808,0.078,11613.24884159634,,0
Thailand,2008,THA,67619835.0,822020817321.0,84.404,5.707,2.14,0.53,145.44,15950.123,502.643,2.862,Asia,12156.504335170295,1.669,0.155,12095.954583985893,2.8395936804579867,0
Thailand,2009,THA,68121077.0,812859746470.0,111.047,7.565,2.25,0.683,145.9,16278.564,518.445,2.98,Asia,11932.573327782236,5.707,0.53,12156.504335170295,1.5214128923174686,0
Thailand,2010,THA,68579443.0,870109340511.0,113.866,7.809,3.36,0.663,157.57,17198.229,534.345,2.75,Asia,12687.611658073689,7.565,0.683,11932.573327782236,0.757626039486295,0
Thailand,2011,THA,69007212.0,873642799890.0,122.178,8.431,3.98,0.696,153.3,17570.367,543.492,3.442,Asia,12660.166590848505,7.809,0.663,12687.611658073689,0.5741162867455134,0
Thailand,2012,THA,69436091.0,936920832597.0,159.678,11.087,4.7,0.859,168.96,18619.578,564.366,3.781,Asia,13493.283091022506,8.431,0.696,12660.166590848505,0.38256179144113633,0
Thailand,2013,THA,69845112.0,962095812070.0,204.745,14.3,5.63,1.091,168.64,18796.785,584.294,3.8,Asia,13774.704979641238,11.087,0.859,13493.283091022506,0.14203978867352718,0
Thailand,2014,THA,70216362.0,971562808709.0,247.984,17.413,6.72,1.285,173.76,19328.395,590.702,4.24,Asia,13836.701034283149,14.3,1.091,13774.704979641238,0.13580930172206518,0
Thailand,2015,THA,70540787.0,1002011619070.0,262.478,18.515,7.34,1.346,177.83,19526.947,604.417,4.202,Asia,14204.712786518812,17.413,1.285,13836.701034283149,0.17396631419387676,0
Thailand,2016,THA,70859835.0,1036430730493.0,270.155,19.143,8.6,1.364,179.82,19835.943,625.278,4.617,Asia,14626.490881512778,18.515,1.346,14204.712786518812,0.17038548053044544,0
Thailand,2017,THA,71160183.0,1079732734924.0,297.602,21.177,9.29,1.481,176.73,20133.205,644.634,5.318,Asia,15173.270913651248,19.143,1.364,14626.490881512778,0.11542195974234604,0
Thailand,2018,THA,71376081.0,1125329902301.0,324.307,23.148,11.74,1.569,177.76,20712.488,658.427,6.379,Asia,15766.20467998236,21.177,1.481,15173.270913651248,0.08169713599644735,0
Thailand,2019,THA,71522264.0,1149130685920.0,361.428,25.85,12.59,1.751,186.51,20689.293,665.997,6.951,Asia,16066.754904738475,23.148,1.569,15766.20467998236,0.058590457358011605,0
Thailand,2020,THA,71641484.0,1078332670656.0,362.582,25.976,12.29,1.887,176.48,19257.477,600.125,6.97,Asia,15051.791370709183,25.85,1.751,16066.754904738475,0.06902378046333046,0
Thailand,2021,THA,71727338.0,1095187026392.0,324.663,23.287,13.41,1.683,176.36,19334.578,599.15,7.034,Asia,15268.75326659969,25.976,1.887,15051.791370709183,0.06294906745769735,0
Thailand,2022,THA,71735321.0,1124143758569.0,294.744,21.144,13.86,1.527,180.37,19347.238,643.53,7.248,Asia,15670.714829156477,23.287,1.683,15268.75326659969,0.01917748585381429,0
Thailand,2023,THA,71702436.0,,320.518,22.982,14.29,1.66,190.48,19360.342,639.625,7.608,Asia,,21.144,1.527,15670.714829156477,-0.017947432775541228,0
Thailand,2024,THA,71668010.0,,318.542,22.829,14.39,1.61,199.52,19825.014,659.746,7.403,Asia,,22.982,1.66,,-0.023245423892911066,0
Trinidad and Tobago,2000,TTO,1319781.0,24996996038.0,0.0,0.0,0.02,0.0,5.46,90199.227,17.416,0.054,North America,18940.260572019146,,,,,0
Trinidad and Tobago,2001,TTO,1325573.0,25814786793.0,0.0,0.0,0.03,0.0,5.64,95792.359,17.94,0.074,North America,19474.436181937923,0.0,0.0,18940.260572019146,,0
Trinidad and Tobago,2002,TTO,1332017.0,27665233734.0,0.0,0.0,0.03,0.0,5.64,106069.664,19.452,0.06,North America,20769.429920188708,0.0,0.0,19474.436181937923,,0
Trinidad and Tobago,2003,TTO,1338718.0,31435997895.0,0.0,0.0,0.01,0.0,6.44,115621.211,19.539,0.028,North America,23482.165695090378,0.0,0.0,20769.429920188708,,0
Trinidad and Tobago,2004,TTO,1345386.0,33689560531.0,0.0,0.0,0.02,0.0,6.43,126194.438,20.994,0.046,North America,25040.81396045447,0.0,0.0,23482.165695090378,,0
Trinidad and Tobago,2005,TTO,1352040.0,35495977662.0,0.0,0.0,0.02,0.0,7.05,138480.672,23.4,0.041,North America,26253.644612585427,0.0,0.0,25040.81396045447,,0
Trinidad and Tobago,2006,TTO,1358706.0,39852731106.0,0.0,0.0,0.03,0.0,7.17,159670.766,24.092,0.041,North America,29331.386706174846,0.0,0.0,26253.644612585427,,0
Trinidad and Tobago,2007,TTO,1365381.0,41413662308.0,0.0,0.0,0.02,0.0,7.68,162135.047,24.856,0.031,North America,30331.213271606972,0.0,0.0,29331.386706174846,,0
Trinidad and Tobago,2008,TTO,1372090.0,42494149374.0,0.0,0.0,0.02,0.0,7.73,158945.203,26.432,0.033,North America,30970.38049544855,0.0,0.0,30331.213271606972,,0
Trinidad and Tobago,2009,TTO,1379056.0,40299152132.0,0.0,0.0,0.02,0.0,7.84,156985.703,25.536,0.032,North America,29222.273883004025,0.0,0.0,30970.38049544855,,0
Trinidad and Tobago,2010,TTO,1386657.0,41285434067.0,0.0,0.0,0.0,0.0,8.48,168405.953,26.108,0.005,North America,29773.35712220109,0.0,0.0,29222.273883004025,,0
Trinidad and Tobago,2011,TTO,1394990.0,40819362692.0,0.0,0.0,0.0,0.0,8.76,165262.562,25.714,0.005,North America,29261.401653058445,0.0,0.0,29773.35712220109,,0
Trinidad and Tobago,2012,TTO,1403814.0,42669299120.0,0.0,0.0,0.0,0.0,9.12,160933.156,23.543,0.007,North America,30395.265412654382,0.0,0.0,29261.401653058445,,0
Trinidad and Tobago,2013,TTO,1412658.0,44309506041.0,0.0,0.0,0.0,0.0,9.5,161807.719,25.006,0.007,North America,31366.053242186008,0.0,0.0,30395.265412654382,,0
Trinidad and Tobago,2014,TTO,1421135.0,45781910542.0,0.0,0.0,0.0,0.0,9.41,161022.281,23.717,0.007,North America,32215.032732287924,0.0,0.0,31366.053242186008,,0
Trinidad and Tobago,2015,TTO,1429190.0,45435797433.0,0.0,0.0,0.0,0.0,9.57,155078.094,25.572,0.007,North America,31791.29257341571,0.0,0.0,32215.032732287924,,0
Trinidad and Tobago,2016,TTO,1437031.0,42362516644.0,0.0,0.0,0.0,0.0,9.42,136234.078,26.311,0.008,North America,29479.194703524143,0.0,0.0,31791.29257341571,,0
Trinidad and Tobago,2017,TTO,1445265.0,40368511597.0,0.0,0.0,0.0,0.0,9.32,143272.672,23.557,0.008,North America,27931.563828778806,0.0,0.0,29479.194703524143,,0
Trinidad and Tobago,2018,TTO,1470522.0,40016907555.0,0.0,0.0,0.0,0.0,9.23,131952.172,20.275,0.008,North America,27212.722798434843,0.0,0.0,27931.563828778806,,0
Trinidad and Tobago,2019,TTO,1484898.0,40060922958.0,0.0,0.0,0.0,0.0,9.2,131459.0,20.454,0.008,North America,26978.905593515516,0.0,0.0,27212.722798434843,,0
Trinidad and Tobago,2020,TTO,1481026.0,36985045051.0,0.0,0.0,0.0,0.0,9.23,114341.891,17.47,0.009,North America,24972.583230139106,0.0,0.0,26978.905593515516,,0
Trinidad and Tobago,2021,TTO,1487715.0,36605213818.0,0.0,0.0,0.0,0.0,9.27,116369.273,17.052,0.009,North America,24604.99075293319,0.0,0.0,24972.583230139106,,0
Trinidad and Tobago,2022,TTO,1495923.0,37513383973.0,0.0,0.0,0.0,0.0,9.5,115685.422,18.34,0.009,North America,25077.082157972036,0.0,0.0,24604.99075293319,,0
Trinidad and Tobago,2023,TTO,1502938.0,,0.0,0.0,0.0,0.0,9.52,109068.18,18.708,0.009,North America,,0.0,0.0,25077.082157972036,,0
Trinidad and Tobago,2024,TTO,1507778.0,,0.0,0.0,0.0,0.0,9.55,105988.438,19.086,0.011,North America,,0.0,0.0,,,0
Tunisia,2000,TUN,9764940.0,71818861344.0,0.0,0.0,0.0,,10.59,9104.677,,,Africa,7354.7672944227,,,,,0
Tunisia,2001,TUN,9869679.0,75444595962.0,0.0,0.0,0.0,,11.38,10003.666,,,Africa,7644.077984907108,0.0,,7354.7672944227,,0
Tunisia,2002,TUN,9971521.0,76877531228.0,0.0,0.0,0.0,,11.84,9796.658,,,Africa,7709.709604783463,0.0,,7644.077984907108,,0
Tunisia,2003,TUN,10071638.0,81240064067.0,0.0,0.0,0.0,,11.28,9540.336,,,Africa,8066.221608342158,0.0,,7709.709604783463,,0
Tunisia,2004,TUN,10166170.0,86232298416.0,0.0,0.0,0.0,,11.93,9638.208,,,Africa,8482.27979819342,0.0,,8066.221608342158,,0
Tunisia,2005,TUN,10255474.0,89804282207.0,0.0,0.0,0.0,,12.66,10374.793,,,Africa,8756.716872082168,0.0,,8482.27979819342,,0
Tunisia,2006,TUN,10346408.0,95016289901.0,0.0,0.0,0.0,,13.07,9707.503,,,Africa,9183.505029088356,0.0,,8756.716872082168,,0
Tunisia,2007,TUN,10441705.0,101101822575.0,0.0,0.0,0.0,,13.74,8575.337,,,Africa,9682.501332397344,0.0,,9183.505029088356,,0
Tunisia,2008,TUN,10542637.0,105766317552.0,0.0,0.0,0.0,,14.37,9829.796,,,Africa,10032.245021051185,0.0,,9682.501332397344,,0
Tunisia,2009,TUN,10650682.0,109299724050.0,0.0,0.0,0.0,,15.26,8095.156,,,Africa,10262.227719314125,0.0,,10032.245021051185,,0
Tunisia,2010,TUN,10765984.0,112484995734.0,0.0,0.0,0.0,,15.89,8215.607,,,Africa,10448.185296764328,0.0,,10262.227719314125,,0
Tunisia,2011,TUN,10886041.0,110760053250.0,0.0,0.0,0.0,,16.3,7754.171,,,Africa,10174.502672734743,0.0,,10448.185296764328,,0
Tunisia,2012,TUN,11009649.0,115430801370.0,0.0,0.0,0.0,,17.84,8405.116,,,Africa,10484.512391811946,0.0,,10174.502672734743,,0
Tunisia,2013,TUN,11141365.0,118235775346.0,0.0,0.0,0.0,,18.14,8780.315,,,Africa,10612.324014696584,0.0,,10484.512391811946,,0
Tunisia,2014,TUN,11274295.0,121889250523.0,0.0,0.0,0.0,,18.97,9543.288,,,Africa,10811.252545990681,0.0,,10612.324014696584,,0
Tunisia,2015,TUN,11402270.0,123069138453.0,0.0,0.0,0.0,,19.48,9753.874,,,Africa,10793.389250824617,0.0,,10811.252545990681,,0
Tunisia,2016,TUN,11528676.0,124443824545.0,0.0,0.0,0.0,,19.63,9623.396,,,Africa,10794.285878534534,0.0,,10793.389250824617,,0
Tunisia,2017,TUN,11650504.0,127228891219.0,0.0,0.0,0.0,,20.58,10090.97,,,Africa,10920.46242969403,0.0,,10794.285878534534,,0
Tunisia,2018,TUN,11765515.0,130568635947.0,0.0,0.0,0.0,,20.92,10194.451,,,Africa,11097.57082006185,0.0,,10920.46242969403,,0
Tunisia,2019,TUN,11875084.0,132642060864.0,0.0,0.0,0.0,,22.02,10254.706,,,Africa,11169.778745480875,0.0,,11097.57082006185,,0
Tunisia,2020,TUN,11974058.0,120945694784.0,0.0,0.0,0.0,,21.38,9381.091,,,Africa,10100.643807137063,0.0,,11169.778745480875,,0
Tunisia,2021,TUN,12048625.0,126273349199.0,0.0,0.0,0.0,,21.9,10189.536,,,Africa,10480.312002323917,0.0,,10100.643807137063,,0
Tunisia,2022,TUN,12119338.0,129457959410.0,0.0,0.0,0.0,,21.41,10087.191,,,Africa,10681.93323843266,0.0,,10480.312002323917,,0
Tunisia,2023,TUN,12200434.0,,0.0,0.0,0.0,,21.28,9892.207,,,Africa,,0.0,,10681.93323843266,,0
Tunisia,2024,TUN,12277103.0,,0.0,0.0,0.0,,21.37,,,,Africa,,0.0,,,,0
Turkey,2000,TUR,65425957.0,785054993224.0,0.0,0.0,0.17,0.0,124.38,13198.735,370.699,10.096,Asia,11999.136569358856,,,,,0
Turkey,2001,TUR,66245125.0,732284634333.0,0.0,0.0,0.18,0.0,122.24,11841.918,344.843,8.632,Asia,11054.166390855176,0.0,0.0,11999.136569358856,,0
Turkey,2002,TUR,67048792.0,796073298321.0,0.0,0.0,0.13,0.0,128.46,12814.346,369.482,10.918,Asia,11873.04460788794,0.0,0.0,11054.166390855176,,0
Turkey,2003,TUR,67831735.0,848549642280.0,0.0,0.0,0.08,0.0,139.54,13406.965,363.709,10.734,Asia,12509.62609580899,0.0,0.0,11873.04460788794,,0
Turkey,2004,TUR,68592621.0,931152861082.0,0.0,0.0,0.08,0.0,149.75,14197.467,371.833,13.0,Asia,13575.117082666953,0.0,0.0,12509.62609580899,,0
Turkey,2005,TUR,69329557.0,1017383777200.0,0.0,0.0,0.03,0.0,161.63,14367.83,367.382,10.807,Asia,14674.60375089372,0.0,0.0,13575.117082666953,,0
Turkey,2006,TUR,70045351.0,1096826103018.0,3.228,0.226,0.06,0.021,176.25,15776.228,381.827,10.874,Asia,15658.799440065623,0.0,0.0,14674.60375089372,,0
Turkey,2007,TUR,70750593.0,1158406990670.0,2.034,0.144,0.09,0.012,191.52,16589.539,388.9,8.326,Asia,16373.106451136035,0.226,0.021,15658.799440065623,,0
Turkey,2008,TUR,71562343.0,1179868355277.0,2.476,0.177,0.14,0.015,198.37,16442.74,382.559,7.784,Asia,16487.279563736476,0.144,0.012,16373.106451136035,,0
Turkey,2009,TUR,72464846.0,1122756788420.0,1.066,0.077,0.25,0.007,194.81,16459.547,389.527,8.472,Asia,15493.813212823223,0.177,0.015,16487.279563736476,,0
Turkey,2010,TUR,73346766.0,1240496805446.0,0.981,0.072,0.33,0.006,211.18,17085.506,374.554,11.71,Asia,16912.767571047374,0.077,0.007,15493.813212823223,,0
Turkey,2011,TUR,74215203.0,1364782716000.0,2.464,0.183,0.34,0.014,229.39,18015.533,364.079,11.392,Asia,18389.53018830926,0.072,0.006,16912.767571047374,-0.20449152378059166,0
Turkey,2012,TUR,75197196.0,1430132002360.0,11.179,0.841,0.59,0.06,239.49,18897.527,383.572,12.031,Asia,19018.421941690485,0.183,0.014,18389.53018830926,0.049102011019389824,0
Turkey,2013,TUR,76403032.0,1551491738617.0,56.912,4.348,0.88,0.31,240.15,18483.398,412.151,13.033,Asia,20306.677601708267,0.841,0.06,19018.421941690485,0.3657290457127116,0
Turkey,2014,TUR,78036154.0,1628131977724.0,20.525,1.602,1.08,0.111,251.95,18636.939,423.302,9.501,Asia,20863.816247581857,4.348,0.31,20306.677601708267,1.2405764248333027,0
Turkey,2015,TUR,80014222.0,1727192876718.0,15.061,1.205,1.24,0.076,261.77,19859.234,498.664,13.673,Asia,21586.07349475947,1.602,0.111,20863.816247581857,0.859798970899464,0
Turkey,2016,TUR,81652087.0,1784590365590.0,14.62,1.194,1.63,0.072,274.4,20443.309,533.831,13.986,Asia,21856.028806587638,1.205,0.076,21586.07349475947,0.4578310349253225,0
Turkey,2017,TUR,83083667.0,1918472081554.0,15.277,1.269,2.1,0.071,297.29,21512.551,578.778,12.632,Asia,23090.845058078623,1.194,0.072,21856.028806587638,0.07260956680793851,0
Turkey,2018,TUR,84415966.0,1975637604336.0,19.243,1.624,2.5,0.091,300.15,21179.322,579.382,14.13,Asia,23403.601213732483,1.269,0.071,23090.845058078623,-0.21831024985639647,0
Turkey,2019,TUR,85357670.0,1991116616493.0,21.198,1.809,3.4,0.099,300.18,21663.299,576.531,18.384,Asia,23326.74517114865,1.624,0.091,23403.601213732483,0.002731602665021704,0
Turkey,2020,TUR,86091691.0,2029749392174.0,13.494,1.162,4.34,0.064,302.0,21161.5,547.577,18.103,Asia,23576.60035013135,1.809,0.099,23326.74517114865,0.08465170679267153,0
Turkey,2021,TUR,86686254.0,2260196231771.0,14.845,1.287,6.15,0.066,327.88,22505.564,581.605,15.696,Asia,26073.294524539037,1.162,0.064,23576.60035013135,-0.005418537785403688,0
Turkey,2022,TUR,87058469.0,2385996374127.0,17.977,1.565,7.62,0.08,320.56,22617.557,606.453,18.036,Asia,27406.826716961907,1.287,0.066,26073.294524539037,0.0028209193024293366,0
Turkey,2023,TUR,87270502.0,,18.281,1.595,8.21,0.082,319.79,22476.043,645.445,18.326,Asia,,1.565,0.08,27406.826716961907,-0.007373961498021164,0
Turkey,2024,TUR,87473800.0,,18.815,1.646,8.68,0.079,341.23,23927.826,658.292,19.786,Asia,,1.595,0.082,,-0.024865719653779483,0
Turkmenistan,2000,TKM,4582675.0,18299208667.0,0.0,0.0,0.0,0.0,9.85,28428.357,58.659,0.007,Asia,3993.1281766653756,,,,,0
Turkmenistan,2001,TKM,4675416.0,22282743473.0,0.0,0.0,0.0,0.0,10.61,32493.838,46.712,0.006,Asia,4765.938148177616,0.0,0.0,3993.1281766653756,,0
Turkmenistan,2002,TKM,4769473.0,26092440396.0,0.0,0.0,0.0,0.0,10.7,27329.037,55.357,0.007,Asia,5470.71770738612,0.0,0.0,4765.938148177616,,0
Turkmenistan,2003,TKM,4863871.0,30907677346.0,0.0,0.0,0.0,0.0,10.8,34533.0,51.781,0.005,Asia,6354.542985617834,0.0,0.0,5470.71770738612,,0
Turkmenistan,2004,TKM,4958091.0,35857575608.0,0.0,0.0,0.0,0.0,11.92,37745.398,72.599,0.005,Asia,7232.1334174786225,0.0,0.0,6354.542985617834,,0
Turkmenistan,2005,TKM,5052260.0,41000508021.0,0.0,0.0,0.0,0.0,12.82,34686.0,58.771,0.005,Asia,8115.280690423691,0.0,0.0,7232.1334174786225,,0
Turkmenistan,2006,TKM,5147103.0,46019998793.0,0.0,0.0,0.0,0.0,13.65,34979.223,60.105,0.005,Asia,8940.951598015426,0.0,0.0,8115.280690423691,,0
Turkmenistan,2007,TKM,5244047.0,51693703669.0,0.0,0.0,0.0,0.0,14.88,31647.539,54.302,0.005,Asia,9857.597323021704,0.0,0.0,8940.951598015426,,0
Turkmenistan,2008,TKM,5345033.0,60001295021.0,0.0,0.0,0.0,0.0,15.04,28982.496,75.979,0.005,Asia,11225.617320042738,0.0,0.0,9857.597323021704,,0
Turkmenistan,2009,TKM,5451597.0,64409212896.0,0.0,0.0,0.0,0.0,15.98,41572.953,55.498,0.004,Asia,11814.742156472681,0.0,0.0,11225.617320042738,,0
Turkmenistan,2010,TKM,5564356.0,71115148352.0,0.0,0.0,0.0,0.0,16.66,44347.527,64.037,0.003,Asia,12780.481398386444,0.0,0.0,11814.742156472681,,0
Turkmenistan,2011,TKM,5683413.0,82520290491.0,0.0,0.0,0.0,0.0,17.22,46974.797,59.615,0.004,Asia,14519.495678213074,0.0,0.0,12780.481398386444,,0
Turkmenistan,2012,TKM,5808548.0,87581261691.0,0.0,0.0,0.0,0.0,17.75,54328.891,86.176,0.003,Asia,15077.995686873897,0.0,0.0,14519.495678213074,,0
Turkmenistan,2013,TKM,5939348.0,87286119372.0,0.0,0.0,0.0,0.0,18.87,45064.047,74.325,0.005,Asia,14696.246014208968,0.0,0.0,15077.995686873897,,0
Turkmenistan,2014,TKM,6075286.0,90639646545.0,0.0,0.0,0.0,0.0,20.4,46697.828,84.056,0.006,Asia,14919.404048632443,0.0,0.0,14696.246014208968,,0
Turkmenistan,2015,TKM,6215773.0,93346148579.0,0.0,0.0,0.0,0.0,22.53,51843.594,68.362,0.007,Asia,15017.625093290892,0.0,0.0,14919.404048632443,,0
Turkmenistan,2016,TKM,6360041.0,92434154525.0,0.0,0.0,0.0,0.0,22.53,54821.168,97.488,0.007,Asia,14533.578403818467,0.0,0.0,15017.625093290892,,0
Turkmenistan,2017,TKM,6507065.0,96785037864.0,0.0,0.0,0.0,0.0,23.89,49726.68,75.959,0.008,Asia,14873.839106263731,0.0,0.0,14533.578403818467,,0
Turkmenistan,2018,TKM,6655523.0,97638670425.0,0.0,0.0,0.0,0.0,25.36,54902.934,81.458,0.007,Asia,14670.322741728936,0.0,0.0,14873.839106263731,,0
Turkmenistan,2019,TKM,6803943.0,94329707021.0,0.0,0.0,0.0,0.0,22.5,51540.266,73.18,0.007,Asia,13863.976670733426,0.0,0.0,14670.322741728936,,0
Turkmenistan,2020,TKM,6949915.0,91559235694.0,0.0,0.0,0.0,0.0,25.76,63923.27,101.702,0.006,Asia,13174.151870058842,0.0,0.0,13863.976670733426,,0
Turkmenistan,2021,TKM,7092042.0,95789282239.0,0.0,0.0,0.0,0.0,28.4,62717.742,86.914,0.006,Asia,13506.586994126656,0.0,0.0,13174.151870058842,,0
Turkmenistan,2022,TKM,7230197.0,97502944727.0,0.0,0.0,0.0,0.0,32.6,65250.055,96.38,0.005,Asia,13485.517023533384,0.0,0.0,13506.586994126656,,0
Turkmenistan,2023,TKM,7364437.0,,0.0,0.0,0.0,0.0,32.6,59537.512,85.467,0.006,Asia,,0.0,0.0,13485.517023533384,,0
Turkmenistan,2024,TKM,7494494.0,,0.0,0.0,0.0,0.0,33.01,49524.949,85.907,0.007,Asia,,0.0,0.0,,,0
Ukraine,2000,UKR,49556654.0,253196030608.0,0.0,0.0,0.0,0.0,171.84,31992.809,142.378,1.985,Europe,5109.223689880273,,,,,0
Ukraine,2001,UKR,49106854.0,281110336028.0,0.0,0.0,0.0,0.0,173.3,31826.52,157.055,2.138,Europe,5724.462333262074,0.0,0.0,5109.223689880273,,0
Ukraine,2002,UKR,48677280.0,301087057315.0,0.0,0.0,0.0,0.0,174.03,31908.885,159.518,1.709,Europe,6185.371436427837,0.0,0.0,5724.462333262074,,0
Ukraine,2003,UKR,48315133.0,335257370240.0,0.0,0.0,0.0,0.0,180.58,32948.844,165.028,1.593,Europe,6938.972314119471,0.0,0.0,6185.371436427837,,0
Ukraine,2004,UKR,47979502.0,381078098070.0,0.0,0.0,0.0,0.0,182.44,33053.113,165.99,2.023,Europe,7942.518829603525,0.0,0.0,6938.972314119471,,0
Ukraine,2005,UKR,47585558.0,399366244154.0,0.0,0.0,0.0,0.0,186.39,33739.07,170.23,2.086,Europe,8392.593487166841,0.0,0.0,7942.518829603525,,0
Ukraine,2006,UKR,47278691.0,436786761547.0,0.0,0.0,0.0,0.0,193.61,34358.633,174.579,2.136,Europe,9238.554458857585,0.0,0.0,8392.593487166841,,0
Ukraine,2007,UKR,47062802.0,480580682697.0,0.0,0.0,0.28,0.0,196.25,34377.082,180.38,1.736,Europe,10211.476203584309,0.0,0.0,9238.554458857585,,0
Ukraine,2008,UKR,46819168.0,499592169886.0,0.0,0.0,0.26,0.0,192.58,33363.531,172.895,2.014,Europe,10670.67594806469,0.0,0.0,10211.476203584309,,0
Ukraine,2009,UKR,46623731.0,431074416655.0,0.0,0.0,0.14,0.0,173.61,28538.205,168.18,2.408,Europe,9245.815540909844,0.0,0.0,10670.67594806469,,0
Ukraine,2010,UKR,46455997.0,439429783004.0,0.0,0.0,0.19,0.0,188.82,30715.402,161.756,2.464,Europe,9459.053973246984,0.0,0.0,9245.815540909844,,0
Ukraine,2011,UKR,46307854.0,471221167316.0,0.0,0.0,0.13,0.0,194.95,31846.529,161.096,1.981,Europe,10175.836852988265,0.0,0.0,9459.053973246984,,0
Ukraine,2012,UKR,46210051.0,472276721174.0,0.0,0.0,0.13,0.0,198.88,31226.742,159.763,2.021,Europe,10220.216402141603,0.0,0.0,10175.836852988265,,0
Ukraine,2013,UKR,46126760.0,472286166147.0,10.652,0.491,0.1,0.036,194.37,29691.408,151.433,2.878,Europe,10238.87578808917,0.0,0.0,10220.216402141603,,0
Ukraine,2014,UKR,45972379.0,441233307180.0,10.364,0.476,0.13,0.04,182.82,26284.715,133.587,2.199,Europe,9597.791473441042,0.491,0.036,10238.87578808917,,0
Ukraine,2015,UKR,45784904.0,398045419167.0,8.618,0.395,0.14,0.04,163.68,21915.693,119.474,1.85,Europe,8693.813558438389,0.476,0.04,9597.791473441042,,0
Ukraine,2016,UKR,45616831.0,407666198456.0,9.465,0.432,0.14,0.041,164.58,23017.719,125.162,2.277,Europe,8936.749649619458,0.395,0.04,8693.813558438389,,0
Ukraine,2017,UKR,45436037.0,417287091525.0,11.469,0.521,0.21,0.054,156.04,21466.02,125.789,2.87,Europe,9184.055632426745,0.432,0.041,8936.749649619458,,0
Ukraine,2018,UKR,45208903.0,431842093109.0,9.221,0.417,0.3,0.041,159.86,22384.719,130.707,3.282,Europe,9552.147131484257,0.521,0.054,9184.055632426745,0.011931805567384934,0
Ukraine,2019,UKR,44957451.0,445656664440.0,22.023,0.99,0.41,0.104,154.14,21301.547,128.969,3.22,Europe,9912.854366231752,0.417,0.041,9552.147131484257,-0.026119162727105016,0
Ukraine,2020,UKR,44680008.0,428931213784.0,12.863,0.575,0.76,0.063,147.79,20556.209,121.784,4.707,Europe,9600.070210014286,0.99,0.104,9912.854366231752,0.20173198332308218,0
Ukraine,2021,UKR,44298642.0,443313281092.0,14.054,0.623,0.91,0.067,156.44,21105.271,123.14,5.89,Europe,10007.378580408853,0.575,0.063,9600.070210014286,0.05885579931953644,0
Ukraine,2022,UKR,41048768.0,309166674673.0,13.476,0.553,0.78,0.09,111.51,15074.283,107.295,7.503,Europe,7531.691929779719,0.623,0.067,10007.378580408853,0.03640634869596093,0
Ukraine,2023,UKR,37732833.0,,14.883,0.562,,0.096,,15586.688,109.061,8.777,Europe,,0.553,0.09,7531.691929779719,0.05807831871273583,0
Ukraine,2024,UKR,37860221.0,,15.007,0.568,,0.095,,15875.597,110.54,8.299,Europe,,0.562,0.096,,-0.10706422273393179,0
United Arab Emirates,2000,ARE,3493583.0,160530689682.0,0.0,0.0,0.0,0.0,39.94,153361.734,229.339,0.0,Asia,45950.157669647466,,,,,0
United Arab Emirates,2001,ARE,3723596.0,177271829556.0,0.0,0.0,0.0,0.0,43.17,145441.672,226.621,0.0,Asia,47607.69684895998,0.0,0.0,45950.157669647466,,0
United Arab Emirates,2002,ARE,3956829.0,195394872658.0,0.0,0.0,0.0,0.0,46.85,149537.203,235.307,0.0,Asia,49381.68231631946,0.0,0.0,47607.69684895998,,0
United Arab Emirates,2003,ARE,4192465.0,224547226340.0,0.0,0.0,0.0,0.0,49.45,150545.172,260.535,0.0,Asia,53559.71399641977,0.0,0.0,49381.68231631946,,0
United Arab Emirates,2004,ARE,4428964.0,252047957126.0,0.0,0.0,0.0,0.0,52.41,152420.609,281.556,0.0,Asia,56909.01012652169,0.0,0.0,53559.71399641977,,0
United Arab Emirates,2005,ARE,4664797.0,262413275144.0,0.0,0.0,0.0,0.0,60.7,151045.812,292.919,0.0,Asia,56253.95384708059,0.0,0.0,56909.01012652169,,0
United Arab Emirates,2006,ARE,5009106.0,307378573765.0,0.0,0.0,0.0,0.0,62.44,147989.078,315.258,0.0,Asia,61363.95871139481,0.0,0.0,56253.95384708059,,0
United Arab Emirates,2007,ARE,5624640.0,367816178792.0,0.0,0.0,0.0,0.0,78.76,145495.719,337.402,0.0,Asia,65393.728094953636,0.0,0.0,61363.95871139481,,0
United Arab Emirates,2008,ARE,6302669.0,464692468324.0,0.0,0.0,0.0,0.0,80.46,148889.391,354.688,0.0,Asia,73729.47370772605,0.0,0.0,65393.728094953636,,0
United Arab Emirates,2009,ARE,6707063.0,480551549339.0,0.0,0.0,0.0,0.0,85.7,138000.094,346.492,0.002,Asia,71648.58140425995,0.0,0.0,73729.47370772605,,0
United Arab Emirates,2010,ARE,6938372.0,490048925162.0,0.0,0.0,0.0,0.0,93.95,140161.359,372.071,0.005,Asia,70628.80531081355,0.0,0.0,71648.58140425995,,0
United Arab Emirates,2011,ARE,7199436.0,551070287560.0,0.0,0.0,0.0,0.0,99.13,141807.125,399.339,0.005,Asia,76543.53584919707,0.0,0.0,70628.80531081355,,0
United Arab Emirates,2012,ARE,7497122.0,577394943300.0,0.0,0.0,0.0,0.0,106.21,143268.297,418.649,0.006,Asia,77015.545872136,0.0,0.0,76543.53584919707,,0
United Arab Emirates,2013,ARE,7831851.0,606587973942.0,0.0,0.0,0.0,0.0,109.99,144520.031,464.931,0.02,Asia,77451.41907602685,0.0,0.0,77015.545872136,,0
United Arab Emirates,2014,ARE,8236880.0,631858461256.0,0.0,0.0,0.0,0.0,116.54,137818.312,472.738,0.07,Asia,76710.8979681627,0.0,0.0,77451.41907602685,,0
United Arab Emirates,2015,ARE,8674633.0,674742705535.0,0.0,0.0,0.0,0.0,127.38,140994.875,489.717,0.062,Asia,77783.42963154752,0.0,0.0,76710.8979681627,,0
United Arab Emirates,2016,ARE,9030873.0,712265114847.0,0.0,0.0,0.0,0.0,129.61,140575.797,531.905,0.063,Asia,78870.01786505025,0.0,0.0,77783.42963154752,,0
United Arab Emirates,2017,ARE,9234330.0,717500233045.0,0.0,0.0,0.0,0.0,134.57,131237.281,528.577,0.154,Asia,77699.21943930961,0.0,0.0,78870.01786505025,,0
United Arab Emirates,2018,ARE,9346870.0,726928170282.0,0.0,0.0,0.0,0.0,136.01,121187.641,526.057,0.263,Asia,77772.36339887042,0.0,0.0,77699.21943930961,,0
United Arab Emirates,2019,ARE,9377855.0,734982504070.0,0.0,0.0,0.0,0.0,138.45,129769.297,516.472,0.744,Asia,78374.26619093599,0.0,0.0,77772.36339887042,,0
United Arab Emirates,2020,ARE,9448529.0,698549476819.0,0.0,0.0,0.0,0.0,137.31,125363.312,465.21,1.082,Asia,73932.08792807854,0.0,0.0,78374.26619093599,,0
United Arab Emirates,2021,ARE,9789055.0,725904671328.0,0.0,0.0,0.0,0.0,149.05,126734.023,514.362,1.243,Asia,74154.72395731763,0.0,0.0,73932.08792807854,,0
United Arab Emirates,2022,ARE,10242085.0,779701520404.0,0.0,0.0,0.01,0.0,155.42,132096.891,590.302,1.411,Asia,76127.22608765696,0.0,0.0,74154.72395731763,,0
United Arab Emirates,2023,ARE,10642089.0,,0.0,0.0,0.21,0.0,167.53,134679.922,610.676,2.514,Asia,,0.0,0.0,76127.22608765696,,0
United Arab Emirates,2024,ARE,11027135.0,,0.0,0.0,0.21,0.0,177.26,138026.484,636.577,2.519,Asia,,0.0,0.0,,,0
United Kingdom,2000,GBR,59057333.0,1889565292321.0,0.0,0.0,3.88,0.0,377.06,45110.676,951.954,1.087,Europe,31995.438946100054,,,,,0
United Kingdom,2001,GBR,59288095.0,1939268312671.0,0.0,0.0,4.53,0.0,384.77,45402.137,947.549,1.043,Europe,32709.236359694136,0.0,0.0,31995.438946100054,,0
United Kingdom,2002,GBR,59540764.0,1983994308619.0,0.304,0.018,5.08,0.001,387.24,44185.527,940.243,1.237,Europe,33321.61321643437,0.0,0.0,32709.236359694136,,0
United Kingdom,2003,GBR,59820385.0,2050625402735.0,3.175,0.19,6.17,0.007,398.21,44612.457,947.682,1.194,Europe,34279.70921175114,0.018,0.001,33321.61321643437,,0
United Kingdom,2004,GBR,60169964.0,2099526641365.0,2.856,0.172,7.36,0.006,393.92,44717.523,973.814,1.549,Europe,34893.26736783489,0.19,0.007,34279.70921175114,,0
United Kingdom,2005,GBR,60596107.0,2161729510824.0,13.369,0.81,9.1,0.03,398.35,44766.613,1001.766,1.86,Europe,35674.39589516864,0.172,0.006,34893.26736783489,,0
United Kingdom,2006,GBR,61051093.0,2212618867772.0,33.795,2.063,9.28,0.077,397.27,43870.426,991.901,2.047,Europe,36242.08444182973,0.81,0.03,35674.39589516864,,0
United Kingdom,2007,GBR,61535859.0,2267631534502.0,65.424,4.026,9.32,0.155,396.81,42319.914,964.176,2.337,Europe,36850.57089236375,2.063,0.077,36242.08444182973,1.5813407926975191,0
United Kingdom,2008,GBR,62027303.0,2252034759561.0,148.963,9.24,9.65,0.362,388.96,41253.062,944.148,2.81,Europe,36307.15266728589,4.026,0.155,36850.57089236375,0.8417218218587557,0
United Kingdom,2009,GBR,62506222.0,2151479208521.0,9.424,0.589,10.71,0.024,376.76,38761.125,903.338,2.989,Europe,34420.2407325306,9.24,0.362,36307.15266728589,1.2183430371997033,0
United Kingdom,2010,GBR,63006482.0,2190919919855.0,8.744,0.551,12.26,0.022,382.06,39283.996,891.579,3.043,Europe,34772.92891634547,0.589,0.024,34420.2407325306,-0.06173383553585976,0
United Kingdom,2011,GBR,63509285.0,2223011392593.0,13.267,0.843,13.31,0.036,367.97,36722.008,868.942,4.268,Europe,35002.93528092782,0.551,0.022,34772.92891634547,-0.2320543685964539,0
United Kingdom,2012,GBR,63960488.0,2255210551431.0,12.699,0.812,14.74,0.034,363.87,37134.582,849.11,4.869,Europe,35259.4331586557,0.843,0.036,35002.93528092782,-0.2685396982452939,0
United Kingdom,2013,GBR,64389386.0,2296252599482.0,184.007,11.848,18.1,0.498,358.28,37094.207,840.304,6.655,Europe,35661.97384584472,0.812,0.034,35259.4331586557,-0.3851391917834194,0
United Kingdom,2014,GBR,64865914.0,2369725553442.0,208.665,13.535,22.62,0.603,338.08,34774.93,838.975,8.506,Europe,36532.67806327373,11.848,0.498,35661.97384584472,0.8226612064496417,0
United Kingdom,2015,GBR,65382107.0,2426435869267.0,165.468,10.819,29.26,0.478,338.87,34863.777,849.985,10.562,Europe,37111.61938031456,13.535,0.603,36532.67806327373,0.8969737981078953,0
United Kingdom,2016,GBR,65893359.0,2478973016876.0,166.37,10.963,30.07,0.491,339.18,34099.367,873.856,10.659,Europe,37620.984185614216,10.819,0.478,37111.61938031456,0.6659881547696027,0
United Kingdom,2017,GBR,66354473.0,2539548543933.0,163.163,10.827,31.9,0.485,338.22,33924.512,884.0,12.44,Europe,38272.45442719438,10.963,0.491,37620.984185614216,0.6829634218969372,0
United Kingdom,2018,GBR,66752473.0,2582848171416.0,228.605,15.26,35.11,0.685,333.76,33653.051,870.514,13.98,Europe,38692.921105949135,10.827,0.485,38272.45442719438,-0.017861765816919672,0
United Kingdom,2019,GBR,67110958.0,2624285076706.0,302.004,20.268,37.54,0.932,327.19,32676.998,846.475,15.684,Europe,39103.67479340706,15.26,0.685,38692.921105949135,0.024281325232669237,0
United Kingdom,2020,GBR,67351860.0,2334804059780.0,282.458,19.024,38.58,0.969,310.3,29440.059,666.999,19.068,Europe,34665.76958349777,20.268,0.932,39103.67479340706,0.13376946159170067,0
United Kingdom,2021,GBR,67668788.0,2512190098029.0,248.873,16.841,40.01,0.853,307.9,29422.24,681.037,17.482,Europe,37124.79818655833,19.024,0.969,34665.76958349777,0.11654050998216303,0
United Kingdom,2022,GBR,68179315.0,2615230634906.0,337.588,23.016,35.85,1.156,324.58,29480.258,730.236,19.072,Europe,38358.12423322235,16.841,0.853,37124.79818655833,0.0923754916381827,0
United Kingdom,2023,GBR,68682965.0,,388.365,26.674,34.1,1.397,292.53,28094.684,741.418,19.976,Europe,,23.016,1.156,38358.12423322235,0.08566306492201425,0
United Kingdom,2024,GBR,69138185.0,,400.675,27.702,40.09,1.445,284.16,28015.771,744.16,21.293,Europe,,26.674,1.397,,0.056465818597736694,0
United States,2000,USA,281484126.0,12947417795437.0,131.458,37.003,60.73,0.14,3802.1,94308.109,10654.942,3.856,North America,45996.97318433154,,,,,1
United States,2001,USA,284279634.0,13073810008320.0,138.286,39.312,49.75,0.152,3727.57,91172.055,10642.425,3.287,North America,45989.26002669611,37.003,0.14,45996.97318433154,,1
United States,2002,USA,287084335.0,13307343638671.0,163.584,46.962,53.71,0.179,3844.23,91601.203,10641.834,3.851,North America,46353.43004232885,39.312,0.152,45989.26002669611,,1
United States,2003,USA,289908091.0,13680911930765.0,219.771,63.713,53.34,0.242,3868.94,91004.992,10806.655,4.012,North America,47190.51435775554,46.962,0.179,46353.43004232885,,1
United States,2004,USA,292786248.0,14198910513593.0,274.694,80.427,53.54,0.3,3951.95,91872.883,11199.437,3.944,North America,48495.82454976847,63.713,0.242,47190.51435775554,,1
United States,2005,USA,295716666.0,14673826218839.0,317.789,93.975,54.28,0.35,4034.99,91007.938,11216.509,4.055,North America,49621.235141474914,80.427,0.3,48495.82454976847,0.16797349329685618,1
United States,2006,USA,298730208.0,15065164240312.0,440.866,131.7,54.86,0.495,4046.94,89378.18,11072.753,4.502,North America,50430.669001214636,93.975,0.35,49621.235141474914,0.19041239169708746,1
United States,2007,USA,301844223.0,15333183877566.0,551.091,166.344,55.54,0.617,4142.57,89671.125,11004.68,4.222,North America,50798.33473429107,131.7,0.495,50430.669001214636,0.22904515226868072,1
United States,2008,USA,304970325.0,15288552732632.0,745.053,227.219,55.03,0.864,4107.53,86589.57,10275.43,4.833,North America,50131.27992906195,166.344,0.617,50798.33473429107,0.2115903821247762,1
United States,2009,USA,308023452.0,14864003344421.0,838.043,258.137,54.49,1.032,3939.82,81521.477,9742.241,5.601,North America,48256.076762690784,227.219,0.864,50131.27992906195,0.23085970683664958,1
United States,2010,USA,311062785.0,15239586726210.0,954.063,296.773,56.09,1.148,4113.94,83435.078,9892.91,5.642,North America,48991.9960248861,258.137,1.032,48256.076762690784,0.22396101422280523,1
United States,2011,USA,314105075.0,15477885525000.0,1023.099,321.361,56.67,1.255,4088.87,81912.359,9697.58,6.653,North America,49276.13960073711,296.773,1.148,48991.9960248861,0.1764344195128471,1
United States,2012,USA,317115349.0,15830886903539.0,1015.34,321.98,57.62,1.291,4040.67,78985.039,9472.091,6.652,North America,49921.54102114748,321.361,1.255,49276.13960073711,0.14076767364215703,1
United States,2013,USA,320110752.0,16122472460312.0,1110.323,355.426,60.86,1.388,4055.61,80374.148,9628.432,6.888,North America,50365.29500987208,321.98,1.291,49921.54102114748,0.07220258607373764,1
United States,2014,USA,323115377.0,16491319003554.0,1115.747,360.515,63.99,1.393,4096.01,80453.969,9692.96,7.015,North America,51038.48401357265,355.426,1.388,50365.29500987208,0.06605543122254098,1
United States,2015,USA,326126496.0,16937633974582.0,1156.641,377.211,63.63,1.472,4083.99,78949.203,9891.111,7.219,North America,51935.78008019931,360.515,1.393,51038.48401357265,0.039680241296901064,1
United States,2016,USA,329179423.0,17220065720000.0,1243.179,409.229,62.76,1.599,4087.56,78155.102,9965.476,7.993,North America,52312.09643380412,377.211,1.472,51935.78008019931,0.03256698695180038,1
United States,2017,USA,332204657.0,17606124654726.0,1234.34,410.054,62.73,1.597,4052.31,77729.664,10062.591,8.755,North America,52997.82614042644,409.229,1.599,52312.09643380412,0.049125640519988245,1
United States,2018,USA,335056492.0,18124692769570.0,1207.619,404.621,61.83,1.52,4201.55,79893.953,10303.763,8.64,North America,54094.43840762829,410.054,1.597,52997.82614042644,0.029007100954352216,1
United States,2019,USA,337790069.0,18540552700117.0,1231.15,415.87,57.51,1.574,4158.38,78683.469,10287.684,8.967,North America,54887.79689410289,404.621,1.52,54094.43840762829,0.02335193711094763,1
United States,2020,USA,339436156.0,18027359681343.0,1114.558,378.321,54.7,1.546,4043.18,72562.672,9035.32,10.123,North America,53109.721409121186,415.87,1.574,54887.79689410289,0.019705234521125714,1
United States,2021,USA,340161438.0,19099378164000.0,1222.477,415.839,54.25,1.612,4153.62,76307.383,9868.985,10.116,North America,56147.98160631012,378.321,1.546,53109.721409121186,-0.015583670171394726,1
United States,2022,USA,341534041.0,19493170182843.0,1281.259,437.593,51.85,1.661,4286.89,77627.719,9930.587,10.875,North America,57075.33610930162,415.839,1.612,56147.98160631012,0.0028057904379144016,1
United States,2023,USA,343477330.0,,1441.518,495.129,47.2,1.902,4253.91,76326.859,9967.948,11.212,North America,,437.593,1.661,57075.33610930162,0.015791067339937293,1
United States,2024,USA,345426566.0,,1515.929,523.642,46.42,1.987,4391.02,76799.57,9948.951,12.05,North America,,495.129,1.902,,0.03550489046824845,1
Uzbekistan,2000,UZB,24787052.0,116875841754.0,0.0,0.0,0.0,0.0,46.86,23996.973,79.69,2.75,Asia,4715.197343919721,,,,,0
Uzbekistan,2001,UZB,25090289.0,119890046302.0,0.0,0.0,0.0,0.0,47.96,23760.346,78.667,2.793,Asia,4778.344573950503,0.0,0.0,4715.197343919721,,0
Uzbekistan,2002,UZB,25399987.0,122757832356.0,0.0,0.0,0.0,0.0,49.4,24061.184,78.059,2.778,Asia,4832.987999403307,0.0,0.0,4778.344573950503,,0
Uzbekistan,2003,UZB,25711261.0,125924032405.0,0.0,0.0,0.0,0.0,48.74,21514.145,69.289,3.532,Asia,4897.621801007737,0.0,0.0,4832.987999403307,,0
Uzbekistan,2004,UZB,26029350.0,133132057133.0,0.0,0.0,0.0,0.0,49.7,21354.619,66.61,3.172,Asia,5114.690037707434,0.0,0.0,4897.621801007737,,0
Uzbekistan,2005,UZB,26356977.0,140239285325.0,0.0,0.0,0.0,0.0,47.67,21309.803,62.924,3.298,Asia,5320.765174435596,0.0,0.0,5114.690037707434,,0
Uzbekistan,2006,UZB,26699046.0,148405074458.0,0.0,0.0,0.0,0.0,49.32,19655.74,64.422,2.986,Asia,5558.441094037592,0.0,0.0,5320.765174435596,,0
Uzbekistan,2007,UZB,27076013.0,159993748436.0,0.0,0.0,0.0,0.0,49.02,20591.121,61.704,3.086,Asia,5909.05863562704,0.0,0.0,5558.441094037592,,0
Uzbekistan,2008,UZB,27494780.0,171692630381.0,0.0,0.0,0.0,0.0,50.22,19033.287,58.054,2.215,Asia,6244.553707321899,0.0,0.0,5909.05863562704,,0
Uzbekistan,2009,UZB,27939333.0,182715813772.0,0.0,0.0,0.0,0.0,50.1,18761.748,54.283,3.253,Asia,6539.734279698087,0.0,0.0,6244.553707321899,,0
Uzbekistan,2010,UZB,28385509.0,195160171269.0,0.0,0.0,0.0,0.0,51.97,18518.672,53.253,4.069,Asia,6875.345137161359,0.0,0.0,6539.734279698087,,0
Uzbekistan,2011,UZB,28823194.0,208063390835.0,0.0,0.0,0.0,0.0,52.8,19080.512,50.732,2.7,Asia,7218.609805526758,0.0,0.0,6875.345137161359,,0
Uzbekistan,2012,UZB,29261908.0,222840047403.0,0.0,0.0,0.0,0.0,53.0,18572.168,50.275,3.02,Asia,7615.3628602413755,0.0,0.0,7218.609805526758,,0
Uzbekistan,2013,UZB,29724065.0,239100684823.0,0.0,0.0,0.0,0.0,54.61,18355.062,47.01,2.945,Asia,8044.010293444049,0.0,0.0,7615.3628602413755,,0
Uzbekistan,2014,UZB,30222994.0,255536474727.0,0.0,0.0,0.0,0.0,55.75,18733.039,45.551,2.785,Asia,8455.035087754708,0.0,0.0,8044.010293444049,,0
Uzbekistan,2015,UZB,30749349.0,273983640646.0,0.0,0.0,0.0,0.0,57.41,17566.381,45.713,2.827,Asia,8910.225730177248,0.0,0.0,8455.035087754708,,0
Uzbekistan,2016,UZB,31284565.0,290236358613.0,0.0,0.0,0.0,0.0,58.71,16645.014,51.622,3.319,Asia,9277.302037378497,0.0,0.0,8910.225730177248,,0
Uzbekistan,2017,UZB,31819172.0,302992216928.0,0.0,0.0,0.0,0.0,60.84,16899.996,52.311,3.698,Asia,9522.31619754279,0.0,0.0,9277.302037378497,,0
Uzbekistan,2018,UZB,32373489.0,320808179800.0,0.0,0.0,0.0,0.0,63.15,16649.682,55.787,2.73,Asia,9909.59546559841,0.0,0.0,9522.31619754279,,0
Uzbekistan,2019,UZB,32964700.0,339998944961.0,0.0,0.0,0.0,0.0,63.56,16483.426,59.384,2.96,Asia,10314.03122009301,0.0,0.0,9909.59546559841,,0
Uzbekistan,2020,UZB,33586373.0,346785285756.0,0.0,0.0,0.0,0.0,66.53,16072.522,61.754,2.293,Asia,10325.178183306663,0.0,0.0,10314.03122009301,,0
Uzbekistan,2021,UZB,34243696.0,372457828275.0,0.0,0.0,0.0,0.0,71.44,16818.205,62.585,2.167,Asia,10876.683062336495,0.0,0.0,10325.178183306663,,0
Uzbekistan,2022,UZB,34938953.0,393572464308.0,0.0,0.0,0.0,0.0,75.07,16958.777,65.608,2.387,Asia,11264.57522376243,0.0,0.0,10876.683062336495,,0
Uzbekistan,2023,UZB,35652311.0,,0.0,0.0,0.0,0.0,76.8,16840.781,66.173,3.104,Asia,,0.0,0.0,11264.57522376243,,0
Uzbekistan,2024,UZB,36361859.0,,0.0,0.0,0.0,0.0,81.5,19129.268,66.607,4.582,Asia,,0.0,0.0,,,0
Venezuela,2000,VEN,24526707.0,330236189305.0,0.0,0.0,0.0,0.0,85.27,31476.391,274.566,22.962,South America,13464.350893293584,,,,,0
Venezuela,2001,VEN,24979934.0,343312598582.0,0.0,0.0,0.0,0.0,90.11,32706.316,310.388,20.705,South America,13743.535054255948,0.0,0.0,13464.350893293584,,0
Venezuela,2002,VEN,25435674.0,314003719638.0,0.0,0.0,0.0,0.0,91.85,32074.699,326.447,20.257,South America,12345.012742261126,0.0,0.0,13743.535054255948,,0
Venezuela,2003,VEN,25892710.0,291333920302.0,0.0,0.0,0.0,0.0,91.95,28348.32,277.977,22.8,South America,11251.580862026416,0.0,0.0,12345.012742261126,,0
Venezuela,2004,VEN,26340843.0,346317458927.0,0.0,0.0,0.0,0.0,98.55,31015.098,299.736,23.593,South America,13147.546527914843,0.0,0.0,11251.580862026416,,0
Venezuela,2005,VEN,26785797.0,383570387195.0,0.0,0.0,0.0,0.0,105.39,31702.852,323.666,24.798,South America,14319.916902043273,0.0,0.0,13147.546527914843,,0
Venezuela,2006,VEN,27224691.0,423878563812.0,0.0,0.0,0.0,0.0,110.42,34305.898,349.985,23.661,South America,15569.637275662742,0.0,0.0,14319.916902043273,,0
Venezuela,2007,VEN,27649369.0,462276737389.0,0.0,0.0,0.0,0.0,114.21,35286.969,366.589,22.963,South America,16719.250894622586,0.0,0.0,15569.637275662742,,0
Venezuela,2008,VEN,28053694.0,488287068325.0,0.0,0.0,0.0,0.0,119.3,35657.379,406.019,23.217,South America,17405.446438711424,0.0,0.0,16719.250894622586,,0
Venezuela,2009,VEN,28438296.0,474358611901.0,0.0,0.0,0.0,0.0,119.57,35542.992,426.13,22.612,South America,16680.27549544459,0.0,0.0,17405.446438711424,,0
Venezuela,2010,VEN,28813101.0,477591738082.0,0.0,0.0,0.0,0.0,113.76,33214.375,429.241,21.151,South America,16575.50633241455,0.0,0.0,16680.27549544459,,0
Venezuela,2011,VEN,29185220.0,502688619769.0,0.0,0.0,0.0,0.0,117.96,34603.77,444.866,21.631,South America,17224.081907520314,0.0,0.0,16575.50633241455,,0
Venezuela,2012,VEN,29553829.0,530969916373.0,0.0,0.0,0.0,0.0,128.31,35695.152,482.219,20.228,South America,17966.19708305817,0.0,0.0,17224.081907520314,,0
Venezuela,2013,VEN,29912195.0,538100828642.0,0.0,0.0,0.0,0.0,135.13,34668.449,489.141,20.392,South America,17989.346105894267,0.0,0.0,17966.19708305817,,0
Venezuela,2014,VEN,30254080.0,517147151484.0,0.0,0.0,0.0,0.0,115.23,33490.961,452.42,20.501,South America,17093.468103607844,0.0,0.0,17989.346105894267,,0
Venezuela,2015,VEN,30573968.0,484975458402.0,0.0,0.0,0.0,0.0,127.52,31703.463,395.106,19.806,South America,15862.365604686967,0.0,0.0,17093.468103607844,,0
Venezuela,2016,VEN,30765719.0,402335647692.0,0.0,0.0,0.0,0.0,116.94,28931.045,347.06,18.015,South America,13077.401106471785,0.0,0.0,15862.365604686967,,0
Venezuela,2017,VEN,30565331.0,339285602968.0,0.0,0.0,0.0,0.0,103.8,28560.934,298.712,20.355,South America,11100.341199249568,0.0,0.0,13077.401106471785,,0
Venezuela,2018,VEN,29807591.0,272599019803.0,0.0,0.0,0.0,0.0,99.71,24419.027,237.623,22.65,South America,9145.288520732856,0.0,0.0,11100.341199249568,,0
Venezuela,2019,VEN,28938096.0,197170883456.0,0.0,0.0,0.0,0.0,85.15,22702.531,234.658,24.05,South America,6813.540305346973,0.0,0.0,9145.288520732856,,0
Venezuela,2020,VEN,28444080.0,138029481377.0,0.0,0.0,0.0,0.0,80.51,18557.822,135.119,32.081,South America,4852.661129380876,0.0,0.0,6813.540305346973,,0
Venezuela,2021,VEN,28237830.0,138656126606.0,0.0,0.0,0.0,0.0,82.93,21392.791,145.36,28.157,South America,4910.296811263472,0.0,0.0,4852.661129380876,,0
Venezuela,2022,VEN,28213015.0,149682062815.0,0.0,0.0,0.0,0.0,82.36,22898.904,174.954,26.484,South America,5305.425982122081,0.0,0.0,4910.296811263472,,0
Venezuela,2023,VEN,28300861.0,,0.0,0.0,0.0,0.0,71.96,24715.852,211.607,25.759,South America,,0.0,0.0,5305.425982122081,,0
Venezuela,2024,VEN,28405544.0,,0.0,0.0,0.0,0.0,80.13,24591.875,190.146,25.84,South America,,0.0,0.0,,,0
Vietnam,2000,VNM,77154016.0,220383060780.0,0.0,0.0,0.0,0.0,26.56,2775.604,101.146,19.107,Asia,2856.4042703882064,,,,,0
Vietnam,2001,VNM,77969357.0,234846323475.0,0.0,0.0,0.0,0.0,30.61,3104.359,109.649,21.061,Asia,3012.0336053944884,0.0,0.0,2856.4042703882064,,0
Vietnam,2002,VNM,78772227.0,250683369279.0,0.0,0.0,0.0,0.0,35.8,3361.023,120.419,19.066,Asia,3182.382659804705,0.0,0.0,3012.0336053944884,,0
Vietnam,2003,VNM,79563778.0,268202912195.0,0.0,0.0,0.0,0.0,40.93,3586.163,128.13,18.345,Asia,3370.917255776869,0.0,0.0,3182.382659804705,,0
Vietnam,2004,VNM,80338977.0,288148996981.0,0.0,0.0,0.0,0.0,46.2,4328.84,152.441,14.008,Asia,3586.665000489115,0.0,0.0,3370.917255776869,,0
Vietnam,2005,VNM,81088309.0,308988652738.0,0.0,0.0,0.05,0.0,52.08,4560.353,151.399,12.158,Asia,3810.5203641378193,0.0,0.0,3586.665000489115,,0
Vietnam,2006,VNM,82167901.0,329425429734.0,0.0,0.0,0.06,0.0,57.9,4125.312,148.51,15.766,Asia,4009.174211885977,0.0,0.0,3810.5203641378193,,0
Vietnam,2007,VNM,83633374.0,351786434406.0,0.0,0.0,0.08,0.0,64.16,4427.346,165.336,16.349,Asia,4206.292507175425,0.0,0.0,4009.174211885977,,0
Vietnam,2008,VNM,85175789.0,370681828207.0,0.0,0.0,0.05,0.0,70.95,5367.823,173.385,15.182,Asia,4351.962365819705,0.0,0.0,4206.292507175425,,0
Vietnam,2009,VNM,86460023.0,389670892896.0,0.0,0.0,0.06,0.0,80.64,5409.73,176.749,17.054,Asia,4506.948753599106,0.0,0.0,4351.962365819705,,0
Vietnam,2010,VNM,87455148.0,413666257649.0,0.0,0.0,0.05,0.0,91.72,6177.169,200.762,13.931,Asia,4730.038964075619,0.0,0.0,4506.948753599106,,0
Vietnam,2011,VNM,88468315.0,438354712953.0,0.0,0.0,0.06,0.0,101.51,6749.783,199.979,18.079,Asia,4954.934576893434,0.0,0.0,4730.038964075619,,0
Vietnam,2012,VNM,89510355.0,462486159336.0,0.0,0.0,0.06,0.0,115.16,6938.164,197.07,22.488,Asia,5166.845325727956,0.0,0.0,4954.934576893434,,0
Vietnam,2013,VNM,90573103.0,488172621311.0,0.0,0.0,0.06,0.0,124.46,7244.138,204.085,22.935,Asia,5389.818888185822,0.0,0.0,5166.845325727956,,0
Vietnam,2014,VNM,91679582.0,519523061605.0,0.0,0.0,0.06,0.0,141.25,7894.68,214.834,22.221,Asia,5666.725897648617,0.0,0.0,5389.818888185822,,0
Vietnam,2015,VNM,92823254.0,555822142751.0,0.0,0.0,0.07,0.0,161.93,8731.432,250.783,17.797,Asia,5987.9622702194865,0.0,0.0,5666.725897648617,,0
Vietnam,2016,VNM,94000115.0,593006635951.0,0.0,0.0,0.12,0.0,179.17,9326.302,271.993,18.653,Asia,6308.573515585593,0.0,0.0,5987.9622702194865,,0
Vietnam,2017,VNM,95176978.0,634161327073.0,0.0,0.0,0.21,0.0,194.72,9981.674,294.576,23.117,Asia,6662.969768519021,0.0,0.0,6308.573515585593,,0
Vietnam,2018,VNM,96237319.0,681501440291.0,0.0,0.0,0.49,0.0,217.18,11210.952,320.087,19.655,Asia,7081.467432514408,0.0,0.0,6662.969768519021,,0
Vietnam,2019,VNM,97173778.0,731653148132.0,0.0,0.0,0.35,0.0,236.89,12433.123,339.071,14.914,Asia,7529.326976789973,0.0,0.0,7081.467432514408,,0
Vietnam,2020,VNM,98079196.0,752629620043.0,0.0,0.0,0.34,0.0,244.0,12527.92,307.297,17.276,Asia,7673.692798654263,0.0,0.0,7529.326976789973,,0
Vietnam,2021,VNM,98935101.0,771912038182.0,0.0,0.0,0.32,0.0,253.61,12365.529,288.109,22.16,Asia,7802.205995443417,0.0,0.0,7673.692798654263,,0
Vietnam,2022,VNM,99680656.0,833803909046.0,0.0,0.0,0.38,0.0,265.11,12976.387,337.14,25.312,Asia,8364.751422241843,0.0,0.0,7802.205995443417,,0
Vietnam,2023,VNM,100352189.0,,0.0,0.0,0.87,0.0,276.59,13711.071,362.14,21.388,Asia,,0.0,0.0,8364.751422241843,,0
Vietnam,2024,VNM,100987685.0,,0.0,0.0,1.03,0.0,303.58,14618.14,388.967,21.534,Asia,,0.0,0.0,,,0
Yemen,2000,YEM,19624139.0,72599512561.0,0.0,0.0,0.0,,3.41,3064.459,,,Asia,3699.500526418,,,,,0
Yemen,2001,YEM,20226146.0,75472904917.0,0.0,0.0,0.0,,3.64,3199.455,,,Asia,3731.452591956965,0.0,,3699.500526418,,0
Yemen,2002,YEM,20835092.0,78586481705.0,0.0,0.0,0.0,,3.77,3133.165,,,Asia,3771.832718809209,0.0,,3731.452591956965,,0
Yemen,2003,YEM,21456379.0,81575438214.0,0.0,0.0,0.0,,4.1,3488.21,,,Asia,3801.920082321439,0.0,,3771.832718809209,,0
Yemen,2004,YEM,22095161.0,84847429283.0,0.0,0.0,0.0,,4.36,3576.496,,,Asia,3840.0910173499074,0.0,,3801.920082321439,,0
Yemen,2005,YEM,22790082.0,89711703960.0,0.0,0.0,0.0,,4.77,3654.446,,,Asia,3936.4362076450625,0.0,,3840.0910173499074,,0
Yemen,2006,YEM,23543090.0,92691658274.0,0.0,0.0,0.0,,5.39,3534.53,,,Asia,3937.1067380704912,0.0,,3936.4362076450625,,0
Yemen,2007,YEM,24318090.0,95906720954.0,0.0,0.0,0.0,,6.03,3633.252,,,Asia,3943.8426683181124,0.0,,3937.1067380704912,,0
Yemen,2008,YEM,25111941.0,99520984206.0,0.0,0.0,0.0,,6.55,3694.533,,,Asia,3963.0940597542817,0.0,,3943.8426683181124,,0
Yemen,2009,YEM,25927723.0,103506292712.0,0.0,0.0,0.0,,6.75,3964.094,,,Asia,3992.1088601571378,0.0,,3963.0940597542817,,0
Yemen,2010,YEM,26754383.0,111622920604.0,0.0,0.0,0.0,,7.76,3727.731,,,Asia,4172.135855422269,0.0,,3992.1088601571378,,0
Yemen,2011,YEM,27582902.0,97623324312.0,0.0,0.0,0.0,,6.21,3038.008,,,Asia,3539.2695196466275,0.0,,4172.135855422269,,0
Yemen,2012,YEM,28433655.0,99959450246.0,0.0,0.0,0.0,,7.07,2553.602,,,Asia,3515.5329220249737,0.0,,3539.2695196466275,,0
Yemen,2013,YEM,29312955.0,104781489392.0,0.0,0.0,0.0,,8.5,3495.781,,,Asia,3574.5795465520278,0.0,,3515.5329220249737,,0
Yemen,2014,YEM,30226311.0,104583458743.0,0.0,0.0,0.0,,7.66,3208.763,,,Asia,3460.013983942665,0.0,,3574.5795465520278,,0
Yemen,2015,YEM,31159378.0,75305316956.0,0.0,0.0,0.0,,5.76,1674.842,,,Asia,2416.7785684297037,0.0,,3460.013983942665,,0
Yemen,2016,YEM,32109023.0,68245442015.0,0.0,0.0,0.0,,4.81,1297.834,,,Asia,2125.428793488983,0.0,,2416.7785684297037,,0
Yemen,2017,YEM,33090923.0,64784033932.0,0.0,0.0,0.0,,4.05,1159.859,,,Asia,1957.7584442718628,0.0,,2125.428793488983,,0
Yemen,2018,YEM,34085181.0,65271212493.0,0.0,0.0,0.0,,3.49,1109.118,,,Asia,1914.9439896769215,0.0,,1957.7584442718628,,0
Yemen,2019,YEM,35111416.0,66185009341.0,0.0,0.0,0.0,,3.28,1085.564,,,Asia,1884.9997203473652,0.0,,1914.9439896769215,,0
Yemen,2020,YEM,36134867.0,60559285911.0,0.0,0.0,0.0,,2.94,918.665,,,Asia,1675.9238635360136,0.0,,1884.9997203473652,,0
Yemen,2021,YEM,37140234.0,59953691816.0,0.0,0.0,0.0,,2.92,863.311,,,Asia,1614.2518600178987,0.0,,1675.9238635360136,,0
Yemen,2022,YEM,38222878.0,60852995288.0,0.0,0.0,0.0,,3.03,893.955,,,Asia,1592.0568641639177,0.0,,1614.2518600178987,,0
Yemen,2023,YEM,39390800.0,,0.0,0.0,0.0,,5.12,875.518,,,Asia,,0.0,,1592.0568641639177,,0
Yemen,2024,YEM,40583173.0,,0.0,0.0,0.0,,5.25,,,,Asia,,0.0,,,,0
Zambia,2000,ZMB,10017633.0,15211406947.0,0.0,0.0,0.0,,7.71,1376.618,,,Africa,1518.463188559613,,,,,0
Zambia,2001,ZMB,10325186.0,16519069217.0,0.0,0.0,0.0,,7.94,1418.795,,,Africa,1599.8810304240524,0.0,,1518.463188559613,,0
Zambia,2002,ZMB,10647955.0,17827940431.0,0.0,0.0,0.0,,8.16,1460.295,,,Africa,1674.3065152886165,0.0,,1599.8810304240524,,0
Zambia,2003,ZMB,10983604.0,19691239689.0,0.0,0.0,0.0,,8.32,1498.404,,,Africa,1792.7849264230574,0.0,,1674.3065152886165,,0
Zambia,2004,ZMB,11338201.0,21770250951.0,0.0,0.0,0.0,,8.51,1505.365,,,Africa,1920.0798213931823,0.0,,1792.7849264230574,,0
Zambia,2005,ZMB,11718819.0,24119806314.0,0.0,0.0,0.0,,8.94,1537.164,,,Africa,2058.2113533795514,0.0,,1920.0798213931823,,0
Zambia,2006,ZMB,12129560.0,26908652008.0,0.0,0.0,0.0,,9.68,1506.22,,,Africa,2218.435953818605,0.0,,2058.2113533795514,,0
Zambia,2007,ZMB,12565093.0,30152606854.0,0.0,0.0,0.0,,9.64,1315.964,,,Africa,2399.712191067746,0.0,,2218.435953818605,,0
Zambia,2008,ZMB,13021327.0,33594604263.0,0.0,0.0,0.0,,9.53,1383.14,,,Africa,2579.967791531539,0.0,,2399.712191067746,,0
Zambia,2009,ZMB,13490395.0,37919541851.0,0.0,0.0,0.0,,9.89,1346.453,,,Africa,2810.85482307968,0.0,,2579.967791531539,,0
Zambia,2010,ZMB,13965592.0,43221855090.0,0.0,0.0,0.0,,10.45,1352.324,,,Africa,3094.8816985345125,0.0,,2810.85482307968,,0
Zambia,2011,ZMB,14437796.0,47143916201.0,0.0,0.0,0.0,,11.49,1502.844,,,Africa,3265.3125311508766,0.0,,3094.8816985345125,,0
Zambia,2012,ZMB,14913631.0,50725916750.0,0.0,0.0,0.0,,12.37,1610.536,,,Africa,3401.3123128767234,0.0,,3265.3125311508766,,0
Zambia,2013,ZMB,15399000.0,53291123090.0,0.0,0.0,0.0,,13.3,1627.473,,,Africa,3460.6872582635237,0.0,,3401.3123128767234,,0
Zambia,2014,ZMB,15895320.0,55794746119.0,0.0,0.0,0.07,,14.52,1736.249,,,Africa,3510.136701809086,0.0,,3460.6872582635237,,0
Zambia,2015,ZMB,16399092.0,57423952993.0,0.0,0.0,0.07,,13.51,1731.999,,,Africa,3501.6544204398633,0.0,,3510.136701809086,,0
Zambia,2016,ZMB,16914428.0,59592851316.0,0.0,0.0,0.08,,11.77,1727.783,,,Africa,3523.1963691589217,0.0,,3501.6544204398633,,0
Zambia,2017,ZMB,17441328.0,61680980857.0,0.0,0.0,0.08,,14.56,1958.433,,,Africa,3536.4841975909176,0.0,,3523.1963691589217,,0
Zambia,2018,ZMB,17973574.0,64169815579.0,0.0,0.0,0.07,,16.28,2070.469,,,Africa,3570.231250557068,0.0,,3536.4841975909176,,0
Zambia,2019,ZMB,18513839.0,65094496543.0,0.0,0.0,0.07,,14.79,1962.268,,,Africa,3515.9912832233226,0.0,,3570.231250557068,,0
Zambia,2020,ZMB,19059394.0,63281615083.0,0.0,0.0,0.08,,15.23,2019.728,,,Africa,3320.2322740691548,0.0,,3515.9912832233226,,0
Zambia,2021,ZMB,19603610.0,66191936884.0,0.0,0.0,0.08,,17.72,2106.333,,,Africa,3376.5177374983487,0.0,,3320.2322740691548,,0
Zambia,2022,ZMB,20152935.0,68469600029.0,0.0,0.0,0.08,,19.47,1986.802,,,Africa,3397.5001670476286,0.0,,3376.5177374983487,,0
Zambia,2023,ZMB,20723967.0,,0.0,0.0,0.08,,19.46,2422.26,,,Africa,,0.0,,3397.5001670476286,,0
Zambia,2024,ZMB,21314962.0,,0.0,0.0,0.08,,19.72,,,,Africa,,0.0,,,,0
Zimbabwe,2000,ZWE,11892055.0,26765004403.0,0.0,0.0,0.0,,6.99,4353.113,,,Africa,2250.662682185711,,,,,0
Zimbabwe,2001,ZWE,11971904.0,26781181341.0,0.0,0.0,0.0,,7.9,4088.377,,,Africa,2237.0026806930628,0.0,,2250.662682185711,,0
Zimbabwe,2002,ZWE,12087661.0,24872482259.0,0.0,0.0,0.0,,8.58,3903.67,,,Africa,2057.6753649031025,0.0,,2237.0026806930628,,0
Zimbabwe,2003,ZWE,12232324.0,20952016540.0,0.0,0.0,0.0,,8.79,3491.063,,,Africa,1712.8402207135782,0.0,,2057.6753649031025,,0
Zimbabwe,2004,ZWE,12365901.0,19792844101.0,0.0,0.0,0.0,,9.72,3125.507,,,Africa,1600.5986220494567,0.0,,1712.8402207135782,,0
Zimbabwe,2005,ZWE,12483433.0,18444472497.0,0.0,0.0,0.0,,9.36,3325.657,,,Africa,1477.5160404193302,0.0,,1600.5986220494567,,0
Zimbabwe,2006,ZWE,12636442.0,18043000167.0,0.0,0.0,0.1,,7.98,3268.948,,,Africa,1427.854467816178,0.0,,1477.5160404193302,,0
Zimbabwe,2007,ZWE,12804062.0,17769105175.0,0.0,0.0,0.06,,7.6,3140.087,,,Africa,1387.7709413622022,0.0,,1427.854467816178,,0
Zimbabwe,2008,ZWE,12959154.0,15050245186.0,0.0,0.0,0.08,,7.63,2401.123,,,Africa,1161.3601617821657,0.0,,1387.7709413622022,,0
Zimbabwe,2009,ZWE,13142791.0,16275797005.0,0.0,0.0,0.06,,7.29,2379.03,,,Africa,1238.3820913685686,0.0,,1161.3601617821657,,0
Zimbabwe,2010,ZWE,13356551.0,17918418386.0,0.0,0.0,0.07,,8.64,2653.333,,,Africa,1341.5453125586089,0.0,,1238.3820913685686,,0
Zimbabwe,2011,ZWE,13595421.0,19554105000.0,0.0,0.0,0.09,,9.17,2995.437,,,Africa,1438.286096473217,0.0,,1341.5453125586089,,0
Zimbabwe,2012,ZWE,13817887.0,22811427551.0,0.0,0.0,0.12,,9.15,3245.741,,,Africa,1650.8622158366181,0.0,,1438.286096473217,,0
Zimbabwe,2013,ZWE,14013811.0,23261956135.0,0.0,0.0,0.13,,9.54,3313.16,,,Africa,1659.9307736489382,0.0,,1650.8622158366181,,0
Zimbabwe,2014,ZWE,14207367.0,23818844326.0,0.0,0.0,0.01,,9.86,3144.667,,,Africa,1676.5136232491213,0.0,,1659.9307736489382,,0
Zimbabwe,2015,ZWE,14399008.0,24246158745.0,0.0,0.0,0.04,,9.59,3187.191,,,Africa,1683.877024375568,0.0,,1676.5136232491213,,0
Zimbabwe,2016,ZWE,14600297.0,24362052665.0,0.0,0.0,0.23,,7.17,2865.785,,,Africa,1668.5998007437795,0.0,,1683.877024375568,,0
Zimbabwe,2017,ZWE,14812484.0,25576014023.0,0.0,0.0,0.15,,7.55,2598.589,,,Africa,1726.6526008061849,0.0,,1668.5998007437795,,0
Zimbabwe,2018,ZWE,15034457.0,26786271482.0,0.0,0.0,0.19,,9.43,2897.939,,,Africa,1781.6587244886862,0.0,,1726.6526008061849,,0
Zimbabwe,2019,ZWE,15271377.0,25146416205.0,0.0,0.0,0.19,,8.48,2603.881,,,Africa,1646.6371175958789,0.0,,1781.6587244886862,,0
Zimbabwe,2020,ZWE,15526887.0,23178707175.0,0.0,0.0,0.1,,6.71,2163.068,,,Africa,1492.8109655850526,0.0,,1646.6371175958789,,0
Zimbabwe,2021,ZWE,15797220.0,25140088767.0,0.0,0.0,0.11,,8.57,2382.434,,,Africa,1591.4248688693326,0.0,,1492.8109655850526,,0
Zimbabwe,2022,ZWE,16069061.0,25901585881.0,0.0,0.0,0.11,,8.94,3633.067,,,Africa,1611.8916893152625,0.0,,1591.4248688693326,,0
Zimbabwe,2023,ZWE,16340829.0,,0.0,0.0,0.12,,9.99,3181.361,,,Africa,,0.0,,1611.8916893152625,,0
Zimbabwe,2024,ZWE,16634366.0,,0.0,0.0,0.12,,10.26,,,,Africa,,0.0,,,,0
